01-Jul-2025 07:37:58.578 INFORMACIÓN [main] org.apache.catalina.startup.VersionLoggerListener.log Nombre de la versión del servidor: Apache Tomcat/9.0.89
01-Jul-2025 07:37:58.580 INFORMACIÓN [main] org.apache.catalina.startup.VersionLoggerListener.log Server built:                      May 3 2024 20:22:11 UTC
01-Jul-2025 07:37:58.580 INFORMACIÓN [main] org.apache.catalina.startup.VersionLoggerListener.log Número de versión de servidor:     9.0.89.0
01-Jul-2025 07:37:58.580 INFORMACIÓN [main] org.apache.catalina.startup.VersionLoggerListener.log OS Name:                           Windows 11
01-Jul-2025 07:37:58.580 INFORMACIÓN [main] org.apache.catalina.startup.VersionLoggerListener.log Versión de Systema Operativo:      10.0
01-Jul-2025 07:37:58.580 INFORMACIÓN [main] org.apache.catalina.startup.VersionLoggerListener.log Arquitectura:                      amd64
01-Jul-2025 07:37:58.580 INFORMACIÓN [main] org.apache.catalina.startup.VersionLoggerListener.log Java Home:                         C:\Program Files\Java\jdk-1.8\jre
01-Jul-2025 07:37:58.580 INFORMACIÓN [main] org.apache.catalina.startup.VersionLoggerListener.log JVM Version:                       1.8.0_381-b09
01-Jul-2025 07:37:58.580 INFORMACIÓN [main] org.apache.catalina.startup.VersionLoggerListener.log Vededor JVM:                       Oracle Corporation
01-Jul-2025 07:37:58.580 INFORMACIÓN [main] org.apache.catalina.startup.VersionLoggerListener.log CATALINA_BASE:                     C:\Users\Marlon\apache-tomcat-9.0.89
01-Jul-2025 07:37:58.580 INFORMACIÓN [main] org.apache.catalina.startup.VersionLoggerListener.log CATALINA_HOME:                     C:\Users\Marlon\apache-tomcat-9.0.89
01-Jul-2025 07:37:58.582 INFORMACIÓN [main] org.apache.catalina.startup.VersionLoggerListener.log Command line argument:             -Djava.util.logging.config.file=C:\Users\Marlon\apache-tomcat-9.0.89\conf\logging.properties
01-Jul-2025 07:37:58.582 INFORMACIÓN [main] org.apache.catalina.startup.VersionLoggerListener.log Command line argument:             -Djava.util.logging.manager=org.apache.juli.ClassLoaderLogManager
01-Jul-2025 07:37:58.582 INFORMACIÓN [main] org.apache.catalina.startup.VersionLoggerListener.log Command line argument:             -Djdk.tls.ephemeralDHKeySize=2048
01-Jul-2025 07:37:58.582 INFORMACIÓN [main] org.apache.catalina.startup.VersionLoggerListener.log Command line argument:             -Djava.protocol.handler.pkgs=org.apache.catalina.webresources
01-Jul-2025 07:37:58.582 INFORMACIÓN [main] org.apache.catalina.startup.VersionLoggerListener.log Command line argument:             -Dignore.endorsed.dirs=
01-Jul-2025 07:37:58.582 INFORMACIÓN [main] org.apache.catalina.startup.VersionLoggerListener.log Command line argument:             -Dcatalina.base=C:\Users\Marlon\apache-tomcat-9.0.89
01-Jul-2025 07:37:58.582 INFORMACIÓN [main] org.apache.catalina.startup.VersionLoggerListener.log Command line argument:             -Dcatalina.home=C:\Users\Marlon\apache-tomcat-9.0.89
01-Jul-2025 07:37:58.582 INFORMACIÓN [main] org.apache.catalina.startup.VersionLoggerListener.log Command line argument:             -Djava.io.tmpdir=C:\Users\Marlon\apache-tomcat-9.0.89\temp
01-Jul-2025 07:37:58.596 INFORMACIÓN [main] org.apache.catalina.core.AprLifecycleListener.lifecycleEvent Cargada la biblioteca nativa APR de Apache Tomcat [1.3.0] con la versión APR [1.7.4].
01-Jul-2025 07:37:58.596 INFORMACIÓN [main] org.apache.catalina.core.AprLifecycleListener.lifecycleEvent Capacidades APR: IPv6 [true], enviar fichero [true], aceptar filtros [false], aleatorio [true], UDS [true].
01-Jul-2025 07:37:58.596 INFORMACIÓN [main] org.apache.catalina.core.AprLifecycleListener.lifecycleEvent APR/OpenSSL configuration: useAprConnector [false], useOpenSSL [true]
01-Jul-2025 07:37:58.638 INFORMACIÓN [main] org.apache.catalina.core.AprLifecycleListener.initializeSSL OpenSSL inicializado correctamente [OpenSSL 3.0.13 30 Jan 2024]
01-Jul-2025 07:37:58.953 INFORMACIÓN [main] org.apache.coyote.AbstractProtocol.init Inicializando el manejador de protocolo ["http-nio-8080"]

01-Jul-2025 07:37:58.974 INFORMACIÓN [main] org.apache.catalina.startup.Catalina.load Server initialization in [586] milliseconds
01-Jul-2025 07:37:59.018 INFORMACIÓN [main] org.apache.catalina.core.StandardService.startInternal Arrancando servicio [Catalina]
01-Jul-2025 07:37:59.019 INFORMACIÓN [main] org.apache.catalina.core.StandardEngine.startInternal Starting Servlet engine: [Apache Tomcat/9.0.89]
01-Jul-2025 07:37:59.027 INFORMACIÓN [main] org.apache.catalina.startup.HostConfig.deployDescriptor Desplieque del descriptor de configuración [C:\Users\Marlon\apache-tomcat-9.0.89\conf\Catalina\localhost\Beyond.xml]
01-Jul-2025 07:37:59.047 ADVERTENCIA [main] org.apache.catalina.startup.HostConfig.deployDescriptor The path attribute with value [/Beyond] in deployment descriptor [C:\Users\Marlon\apache-tomcat-9.0.89\conf\Catalina\localhost\Beyond.xml] has been ignored
01-Jul-2025 07:37:59.079 GRAVE [main] org.apache.catalina.startup.HostConfig.deployDescriptor Error durante el despliegue del descriptor de configuración [C:\Users\Marlon\apache-tomcat-9.0.89\conf\Catalina\localhost\Beyond.xml]
	java.lang.IllegalStateException: Error starting child
		at org.apache.catalina.core.ContainerBase.addChildInternal(ContainerBase.java:602)
		at org.apache.catalina.core.ContainerBase.addChild(ContainerBase.java:571)
		at org.apache.catalina.core.StandardHost.addChild(StandardHost.java:603)
		at org.apache.catalina.startup.HostConfig.deployDescriptor(HostConfig.java:680)
		at org.apache.catalina.startup.HostConfig$DeployDescriptor.run(HostConfig.java:1844)
		at java.util.concurrent.Executors$RunnableAdapter.call(Executors.java:511)
		at java.util.concurrent.FutureTask.run(FutureTask.java:266)
		at org.apache.tomcat.util.threads.InlineExecutorService.execute(InlineExecutorService.java:75)
		at java.util.concurrent.AbstractExecutorService.submit(AbstractExecutorService.java:112)
		at org.apache.catalina.startup.HostConfig.deployDescriptors(HostConfig.java:575)
		at org.apache.catalina.startup.HostConfig.deployApps(HostConfig.java:466)
		at org.apache.catalina.startup.HostConfig.start(HostConfig.java:1584)
		at org.apache.catalina.startup.HostConfig.lifecycleEvent(HostConfig.java:312)
		at org.apache.catalina.util.LifecycleBase.fireLifecycleEvent(LifecycleBase.java:114)
		at org.apache.catalina.util.LifecycleBase.setStateInternal(LifecycleBase.java:402)
		at org.apache.catalina.util.LifecycleBase.setState(LifecycleBase.java:345)
		at org.apache.catalina.core.ContainerBase.startInternal(ContainerBase.java:776)
		at org.apache.catalina.core.StandardHost.startInternal(StandardHost.java:721)
		at org.apache.catalina.util.LifecycleBase.start(LifecycleBase.java:171)
		at org.apache.catalina.core.ContainerBase$StartChild.call(ContainerBase.java:1203)
		at org.apache.catalina.core.ContainerBase$StartChild.call(ContainerBase.java:1193)
		at java.util.concurrent.FutureTask.run(FutureTask.java:266)
		at org.apache.tomcat.util.threads.InlineExecutorService.execute(InlineExecutorService.java:75)
		at java.util.concurrent.AbstractExecutorService.submit(AbstractExecutorService.java:134)
		at org.apache.catalina.core.ContainerBase.startInternal(ContainerBase.java:749)
		at org.apache.catalina.core.StandardEngine.startInternal(StandardEngine.java:211)
		at org.apache.catalina.util.LifecycleBase.start(LifecycleBase.java:171)
		at org.apache.catalina.core.StandardService.startInternal(StandardService.java:415)
		at org.apache.catalina.util.LifecycleBase.start(LifecycleBase.java:171)
		at org.apache.catalina.core.StandardServer.startInternal(StandardServer.java:878)
		at org.apache.catalina.util.LifecycleBase.start(LifecycleBase.java:171)
		at org.apache.catalina.startup.Catalina.start(Catalina.java:735)
		at sun.reflect.NativeMethodAccessorImpl.invoke0(Native Method)
		at sun.reflect.NativeMethodAccessorImpl.invoke(NativeMethodAccessorImpl.java:62)
		at sun.reflect.DelegatingMethodAccessorImpl.invoke(DelegatingMethodAccessorImpl.java:43)
		at java.lang.reflect.Method.invoke(Method.java:498)
		at org.apache.catalina.startup.Bootstrap.start(Bootstrap.java:345)
		at org.apache.catalina.startup.Bootstrap.main(Bootstrap.java:473)
	Caused by: org.apache.catalina.LifecycleException: Failed to start component [org.apache.catalina.webresources.StandardRoot@69379752]
		at org.apache.catalina.util.LifecycleBase.handleSubClassException(LifecycleBase.java:419)
		at org.apache.catalina.util.LifecycleBase.start(LifecycleBase.java:186)
		at org.apache.catalina.core.StandardContext.resourcesStart(StandardContext.java:4120)
		at org.apache.catalina.core.StandardContext.startInternal(StandardContext.java:4242)
		at org.apache.catalina.util.LifecycleBase.start(LifecycleBase.java:171)
		at org.apache.catalina.core.ContainerBase.addChildInternal(ContainerBase.java:599)
		... 37 more
	Caused by: java.lang.IllegalArgumentException: The main resource set specified [F:\LDS - Final\Beyond\build\web] is not a directory or war file, or is not readable (it does not exist or permissions to access it are missing)
		at org.apache.catalina.webresources.StandardRoot.createMainResourceSet(StandardRoot.java:749)
		at org.apache.catalina.webresources.StandardRoot.startInternal(StandardRoot.java:707)
		at org.apache.catalina.util.LifecycleBase.start(LifecycleBase.java:171)
		... 41 more
01-Jul-2025 07:37:59.119 INFORMACIÓN [main] org.apache.catalina.startup.HostConfig.deployDescriptor Deployment of deployment descriptor [C:\Users\Marlon\apache-tomcat-9.0.89\conf\Catalina\localhost\Beyond.xml] has finished in [91] ms
01-Jul-2025 07:37:59.119 INFORMACIÓN [main] org.apache.catalina.startup.HostConfig.deployDescriptor Desplieque del descriptor de configuración [C:\Users\Marlon\apache-tomcat-9.0.89\conf\Catalina\localhost\PlantiSHOP.xml]
01-Jul-2025 07:37:59.121 ADVERTENCIA [main] org.apache.catalina.startup.HostConfig.deployDescriptor The path attribute with value [/PlantiSHOP] in deployment descriptor [C:\Users\Marlon\apache-tomcat-9.0.89\conf\Catalina\localhost\PlantiSHOP.xml] has been ignored
01-Jul-2025 07:37:59.970 INFORMACIÓN [main] org.apache.jasper.servlet.TldScanner.scanJars Al menos un JAR, que se ha explorado buscando TLDs, aún no contenía TLDs. Activar historial de depuración para este historiador para una completa lista de los JARs que fueron explorados y de los que nos se halló TLDs. Saltarse JARs no necesarios durante la exploración puede dar lugar a una mejora de tiempo significativa en el arranque y compilación de JSP .
01-Jul-2025 07:38:00.183 ADVERTENCIA [main] org.apache.catalina.util.SessionIdGeneratorBase.createSecureRandom Creation of SecureRandom instance for session ID generation using [SHA1PRNG] took [184] milliseconds.
01-Jul-2025 07:38:00.209 INFORMACIÓN [main] org.apache.catalina.startup.HostConfig.deployDescriptor Deployment of deployment descriptor [C:\Users\Marlon\apache-tomcat-9.0.89\conf\Catalina\localhost\PlantiSHOP.xml] has finished in [1.089] ms
01-Jul-2025 07:38:00.209 INFORMACIÓN [main] org.apache.catalina.startup.HostConfig.deployDescriptor Desplieque del descriptor de configuración [C:\Users\Marlon\apache-tomcat-9.0.89\conf\Catalina\localhost\WebApplication1.xml]
01-Jul-2025 07:38:00.209 ADVERTENCIA [main] org.apache.catalina.startup.HostConfig.deployDescriptor The path attribute with value [/WebApplication1] in deployment descriptor [C:\Users\Marlon\apache-tomcat-9.0.89\conf\Catalina\localhost\WebApplication1.xml] has been ignored
01-Jul-2025 07:38:00.215 GRAVE [main] org.apache.catalina.startup.HostConfig.deployDescriptor Error durante el despliegue del descriptor de configuración [C:\Users\Marlon\apache-tomcat-9.0.89\conf\Catalina\localhost\WebApplication1.xml]
	java.lang.IllegalStateException: Error starting child
		at org.apache.catalina.core.ContainerBase.addChildInternal(ContainerBase.java:602)
		at org.apache.catalina.core.ContainerBase.addChild(ContainerBase.java:571)
		at org.apache.catalina.core.StandardHost.addChild(StandardHost.java:603)
		at org.apache.catalina.startup.HostConfig.deployDescriptor(HostConfig.java:680)
		at org.apache.catalina.startup.HostConfig$DeployDescriptor.run(HostConfig.java:1844)
		at java.util.concurrent.Executors$RunnableAdapter.call(Executors.java:511)
		at java.util.concurrent.FutureTask.run(FutureTask.java:266)
		at org.apache.tomcat.util.threads.InlineExecutorService.execute(InlineExecutorService.java:75)
		at java.util.concurrent.AbstractExecutorService.submit(AbstractExecutorService.java:112)
		at org.apache.catalina.startup.HostConfig.deployDescriptors(HostConfig.java:575)
		at org.apache.catalina.startup.HostConfig.deployApps(HostConfig.java:466)
		at org.apache.catalina.startup.HostConfig.start(HostConfig.java:1584)
		at org.apache.catalina.startup.HostConfig.lifecycleEvent(HostConfig.java:312)
		at org.apache.catalina.util.LifecycleBase.fireLifecycleEvent(LifecycleBase.java:114)
		at org.apache.catalina.util.LifecycleBase.setStateInternal(LifecycleBase.java:402)
		at org.apache.catalina.util.LifecycleBase.setState(LifecycleBase.java:345)
		at org.apache.catalina.core.ContainerBase.startInternal(ContainerBase.java:776)
		at org.apache.catalina.core.StandardHost.startInternal(StandardHost.java:721)
		at org.apache.catalina.util.LifecycleBase.start(LifecycleBase.java:171)
		at org.apache.catalina.core.ContainerBase$StartChild.call(ContainerBase.java:1203)
		at org.apache.catalina.core.ContainerBase$StartChild.call(ContainerBase.java:1193)
		at java.util.concurrent.FutureTask.run(FutureTask.java:266)
		at org.apache.tomcat.util.threads.InlineExecutorService.execute(InlineExecutorService.java:75)
		at java.util.concurrent.AbstractExecutorService.submit(AbstractExecutorService.java:134)
		at org.apache.catalina.core.ContainerBase.startInternal(ContainerBase.java:749)
		at org.apache.catalina.core.StandardEngine.startInternal(StandardEngine.java:211)
		at org.apache.catalina.util.LifecycleBase.start(LifecycleBase.java:171)
		at org.apache.catalina.core.StandardService.startInternal(StandardService.java:415)
		at org.apache.catalina.util.LifecycleBase.start(LifecycleBase.java:171)
		at org.apache.catalina.core.StandardServer.startInternal(StandardServer.java:878)
		at org.apache.catalina.util.LifecycleBase.start(LifecycleBase.java:171)
		at org.apache.catalina.startup.Catalina.start(Catalina.java:735)
		at sun.reflect.NativeMethodAccessorImpl.invoke0(Native Method)
		at sun.reflect.NativeMethodAccessorImpl.invoke(NativeMethodAccessorImpl.java:62)
		at sun.reflect.DelegatingMethodAccessorImpl.invoke(DelegatingMethodAccessorImpl.java:43)
		at java.lang.reflect.Method.invoke(Method.java:498)
		at org.apache.catalina.startup.Bootstrap.start(Bootstrap.java:345)
		at org.apache.catalina.startup.Bootstrap.main(Bootstrap.java:473)
	Caused by: org.apache.catalina.LifecycleException: Failed to start component [org.apache.catalina.webresources.StandardRoot@4a68135e]
		at org.apache.catalina.util.LifecycleBase.handleSubClassException(LifecycleBase.java:419)
		at org.apache.catalina.util.LifecycleBase.start(LifecycleBase.java:186)
		at org.apache.catalina.core.StandardContext.resourcesStart(StandardContext.java:4120)
		at org.apache.catalina.core.StandardContext.startInternal(StandardContext.java:4242)
		at org.apache.catalina.util.LifecycleBase.start(LifecycleBase.java:171)
		at org.apache.catalina.core.ContainerBase.addChildInternal(ContainerBase.java:599)
		... 37 more
	Caused by: java.lang.IllegalArgumentException: The main resource set specified [C:\Users\Marlon\Documents\NetBeansProjects\WebApplication1\build\web] is not a directory or war file, or is not readable (it does not exist or permissions to access it are missing)
		at org.apache.catalina.webresources.StandardRoot.createMainResourceSet(StandardRoot.java:749)
		at org.apache.catalina.webresources.StandardRoot.startInternal(StandardRoot.java:707)
		at org.apache.catalina.util.LifecycleBase.start(LifecycleBase.java:171)
		... 41 more
01-Jul-2025 07:38:00.234 INFORMACIÓN [main] org.apache.catalina.startup.HostConfig.deployDescriptor Deployment of deployment descriptor [C:\Users\Marlon\apache-tomcat-9.0.89\conf\Catalina\localhost\WebApplication1.xml] has finished in [25] ms
01-Jul-2025 07:38:00.235 INFORMACIÓN [main] org.apache.catalina.startup.HostConfig.deployDirectory Desplegando el directorio [C:\Users\Marlon\apache-tomcat-9.0.89\webapps\docs] de la aplicación web
01-Jul-2025 07:38:00.274 INFORMACIÓN [main] org.apache.catalina.startup.HostConfig.deployDirectory Deployment of web application directory [C:\Users\Marlon\apache-tomcat-9.0.89\webapps\docs] has finished in [39] ms
01-Jul-2025 07:38:00.274 INFORMACIÓN [main] org.apache.catalina.startup.HostConfig.deployDirectory Desplegando el directorio [C:\Users\Marlon\apache-tomcat-9.0.89\webapps\examples] de la aplicación web
01-Jul-2025 07:38:00.701 INFORMACIÓN [main] org.apache.catalina.startup.HostConfig.deployDirectory Deployment of web application directory [C:\Users\Marlon\apache-tomcat-9.0.89\webapps\examples] has finished in [427] ms
01-Jul-2025 07:38:00.702 INFORMACIÓN [main] org.apache.catalina.startup.HostConfig.deployDirectory Desplegando el directorio [C:\Users\Marlon\apache-tomcat-9.0.89\webapps\host-manager] de la aplicación web
01-Jul-2025 07:38:00.732 INFORMACIÓN [main] org.apache.catalina.startup.HostConfig.deployDirectory Deployment of web application directory [C:\Users\Marlon\apache-tomcat-9.0.89\webapps\host-manager] has finished in [29] ms
01-Jul-2025 07:38:00.732 INFORMACIÓN [main] org.apache.catalina.startup.HostConfig.deployDirectory Desplegando el directorio [C:\Users\Marlon\apache-tomcat-9.0.89\webapps\manager] de la aplicación web
01-Jul-2025 07:38:00.761 INFORMACIÓN [main] org.apache.catalina.startup.HostConfig.deployDirectory Deployment of web application directory [C:\Users\Marlon\apache-tomcat-9.0.89\webapps\manager] has finished in [29] ms
01-Jul-2025 07:38:00.762 INFORMACIÓN [main] org.apache.catalina.startup.HostConfig.deployDirectory Desplegando el directorio [C:\Users\Marlon\apache-tomcat-9.0.89\webapps\ROOT] de la aplicación web
01-Jul-2025 07:38:00.783 INFORMACIÓN [main] org.apache.catalina.startup.HostConfig.deployDirectory Deployment of web application directory [C:\Users\Marlon\apache-tomcat-9.0.89\webapps\ROOT] has finished in [21] ms
01-Jul-2025 07:38:00.788 INFORMACIÓN [main] org.apache.coyote.AbstractProtocol.start Starting ProtocolHandler ["http-nio-8080"]
01-Jul-2025 07:38:00.816 INFORMACIÓN [main] org.apache.catalina.startup.Catalina.start Server startup in [1842] milliseconds
01-Jul-2025 07:38:08.902 INFORMACIÓN [http-nio-8080-exec-8] org.apache.catalina.startup.HostConfig.undeploy Repliegue (undeploy) de la aplicación web que tiene como trayectoria de contexto [/PlantiSHOP]
01-Jul-2025 07:38:08.974 INFORMACIÓN [http-nio-8080-exec-3] org.apache.catalina.startup.HostConfig.deployDescriptor Desplieque del descriptor de configuración [C:\Users\Marlon\apache-tomcat-9.0.89\conf\Catalina\localhost\PlantiSHOP.xml]
01-Jul-2025 07:38:08.975 ADVERTENCIA [http-nio-8080-exec-3] org.apache.catalina.startup.HostConfig.deployDescriptor The path attribute with value [/PlantiSHOP] in deployment descriptor [C:\Users\Marlon\apache-tomcat-9.0.89\conf\Catalina\localhost\PlantiSHOP.xml] has been ignored
01-Jul-2025 07:38:09.588 INFORMACIÓN [http-nio-8080-exec-3] org.apache.jasper.servlet.TldScanner.scanJars Al menos un JAR, que se ha explorado buscando TLDs, aún no contenía TLDs. Activar historial de depuración para este historiador para una completa lista de los JARs que fueron explorados y de los que nos se halló TLDs. Saltarse JARs no necesarios durante la exploración puede dar lugar a una mejora de tiempo significativa en el arranque y compilación de JSP .
01-Jul-2025 07:38:09.593 INFORMACIÓN [http-nio-8080-exec-3] org.apache.catalina.startup.HostConfig.deployDescriptor Deployment of deployment descriptor [C:\Users\Marlon\apache-tomcat-9.0.89\conf\Catalina\localhost\PlantiSHOP.xml] has finished in [619] ms
01-Jul-2025 07:38:09.596 INFORMACIÓN [http-nio-8080-exec-1] org.apache.catalina.util.LifecycleBase.start The start() method was called on component [StandardEngine[Catalina].StandardHost[localhost].StandardContext[/PlantiSHOP]] after start() had already been called. The second call will be ignored.
01-Jul-2025 07:47:42.503 INFORMACIÓN [main] org.apache.catalina.core.StandardServer.await Se ha recibido un comando de apagado a través del puerto de apagado. Parando la instancia del Servidor.
01-Jul-2025 07:47:42.503 INFORMACIÓN [main] org.apache.coyote.AbstractProtocol.pause Pausing ProtocolHandler ["http-nio-8080"]
01-Jul-2025 07:47:42.676 INFORMACIÓN [main] org.apache.catalina.core.StandardService.stopInternal Parando servicio [Catalina]
01-Jul-2025 07:47:42.695 ADVERTENCIA [main] org.apache.catalina.loader.WebappClassLoaderBase.clearReferencesJdbc La aplicación web [PlantiSHOP] registró el conductor JDBC [com.mysql.cj.jdbc.Driver] pero falló al anular el registro mientras la aplicación web estaba parada. Para prevenir un fallo de memoria, se ha anulado el registro del conductor JDBC por la fuerza.
01-Jul-2025 07:47:42.695 ADVERTENCIA [main] org.apache.catalina.loader.WebappClassLoaderBase.clearReferencesThreads The web application [PlantiSHOP] appears to have started a thread named [mysql-cj-abandoned-connection-cleanup] but has failed to stop it. This is very likely to create a memory leak. Stack trace of thread:
 java.lang.Object.wait(Native Method)
 java.lang.ref.ReferenceQueue.remove(ReferenceQueue.java:150)
 com.mysql.cj.jdbc.AbandonedConnectionCleanupThread.run(AbandonedConnectionCleanupThread.java:93)
 java.util.concurrent.ThreadPoolExecutor.runWorker(ThreadPoolExecutor.java:1149)
 java.util.concurrent.ThreadPoolExecutor$Worker.run(ThreadPoolExecutor.java:624)
 java.lang.Thread.run(Thread.java:750)
01-Jul-2025 07:47:42.704 INFORMACIÓN [main] org.apache.coyote.AbstractProtocol.stop Stopping ProtocolHandler ["http-nio-8080"]
01-Jul-2025 07:47:42.714 INFORMACIÓN [main] org.apache.coyote.AbstractProtocol.destroy Destroying ProtocolHandler ["http-nio-8080"]
01-Jul-2025 08:10:16.163 INFORMACIÓN [main] org.apache.catalina.startup.VersionLoggerListener.log Nombre de la versión del servidor: Apache Tomcat/9.0.89
01-Jul-2025 08:10:16.165 INFORMACIÓN [main] org.apache.catalina.startup.VersionLoggerListener.log Server built:                      May 3 2024 20:22:11 UTC
01-Jul-2025 08:10:16.165 INFORMACIÓN [main] org.apache.catalina.startup.VersionLoggerListener.log Número de versión de servidor:     9.0.89.0
01-Jul-2025 08:10:16.165 INFORMACIÓN [main] org.apache.catalina.startup.VersionLoggerListener.log OS Name:                           Windows 11
01-Jul-2025 08:10:16.165 INFORMACIÓN [main] org.apache.catalina.startup.VersionLoggerListener.log Versión de Systema Operativo:      10.0
01-Jul-2025 08:10:16.165 INFORMACIÓN [main] org.apache.catalina.startup.VersionLoggerListener.log Arquitectura:                      amd64
01-Jul-2025 08:10:16.165 INFORMACIÓN [main] org.apache.catalina.startup.VersionLoggerListener.log Java Home:                         C:\Program Files\Java\jdk-1.8\jre
01-Jul-2025 08:10:16.165 INFORMACIÓN [main] org.apache.catalina.startup.VersionLoggerListener.log JVM Version:                       1.8.0_381-b09
01-Jul-2025 08:10:16.165 INFORMACIÓN [main] org.apache.catalina.startup.VersionLoggerListener.log Vededor JVM:                       Oracle Corporation
01-Jul-2025 08:10:16.165 INFORMACIÓN [main] org.apache.catalina.startup.VersionLoggerListener.log CATALINA_BASE:                     C:\Users\Marlon\apache-tomcat-9.0.89
01-Jul-2025 08:10:16.165 INFORMACIÓN [main] org.apache.catalina.startup.VersionLoggerListener.log CATALINA_HOME:                     C:\Users\Marlon\apache-tomcat-9.0.89
01-Jul-2025 08:10:16.167 INFORMACIÓN [main] org.apache.catalina.startup.VersionLoggerListener.log Command line argument:             -Djava.util.logging.config.file=C:\Users\Marlon\apache-tomcat-9.0.89\conf\logging.properties
01-Jul-2025 08:10:16.167 INFORMACIÓN [main] org.apache.catalina.startup.VersionLoggerListener.log Command line argument:             -Djava.util.logging.manager=org.apache.juli.ClassLoaderLogManager
01-Jul-2025 08:10:16.167 INFORMACIÓN [main] org.apache.catalina.startup.VersionLoggerListener.log Command line argument:             -Djdk.tls.ephemeralDHKeySize=2048
01-Jul-2025 08:10:16.167 INFORMACIÓN [main] org.apache.catalina.startup.VersionLoggerListener.log Command line argument:             -Djava.protocol.handler.pkgs=org.apache.catalina.webresources
01-Jul-2025 08:10:16.167 INFORMACIÓN [main] org.apache.catalina.startup.VersionLoggerListener.log Command line argument:             -Dignore.endorsed.dirs=
01-Jul-2025 08:10:16.167 INFORMACIÓN [main] org.apache.catalina.startup.VersionLoggerListener.log Command line argument:             -Dcatalina.base=C:\Users\Marlon\apache-tomcat-9.0.89
01-Jul-2025 08:10:16.167 INFORMACIÓN [main] org.apache.catalina.startup.VersionLoggerListener.log Command line argument:             -Dcatalina.home=C:\Users\Marlon\apache-tomcat-9.0.89
01-Jul-2025 08:10:16.167 INFORMACIÓN [main] org.apache.catalina.startup.VersionLoggerListener.log Command line argument:             -Djava.io.tmpdir=C:\Users\Marlon\apache-tomcat-9.0.89\temp
01-Jul-2025 08:10:16.170 INFORMACIÓN [main] org.apache.catalina.core.AprLifecycleListener.lifecycleEvent Cargada la biblioteca nativa APR de Apache Tomcat [1.3.0] con la versión APR [1.7.4].
01-Jul-2025 08:10:16.170 INFORMACIÓN [main] org.apache.catalina.core.AprLifecycleListener.lifecycleEvent Capacidades APR: IPv6 [true], enviar fichero [true], aceptar filtros [false], aleatorio [true], UDS [true].
01-Jul-2025 08:10:16.170 INFORMACIÓN [main] org.apache.catalina.core.AprLifecycleListener.lifecycleEvent APR/OpenSSL configuration: useAprConnector [false], useOpenSSL [true]
01-Jul-2025 08:10:16.176 INFORMACIÓN [main] org.apache.catalina.core.AprLifecycleListener.initializeSSL OpenSSL inicializado correctamente [OpenSSL 3.0.13 30 Jan 2024]
01-Jul-2025 08:10:16.465 INFORMACIÓN [main] org.apache.coyote.AbstractProtocol.init Inicializando el manejador de protocolo ["http-nio-8080"]

01-Jul-2025 08:10:16.481 INFORMACIÓN [main] org.apache.catalina.startup.Catalina.load Server initialization in [490] milliseconds
01-Jul-2025 08:10:16.512 INFORMACIÓN [main] org.apache.catalina.core.StandardService.startInternal Arrancando servicio [Catalina]
01-Jul-2025 08:10:16.512 INFORMACIÓN [main] org.apache.catalina.core.StandardEngine.startInternal Starting Servlet engine: [Apache Tomcat/9.0.89]
01-Jul-2025 08:10:16.520 INFORMACIÓN [main] org.apache.catalina.startup.HostConfig.deployDescriptor Desplieque del descriptor de configuración [C:\Users\Marlon\apache-tomcat-9.0.89\conf\Catalina\localhost\Beyond.xml]
01-Jul-2025 08:10:16.536 ADVERTENCIA [main] org.apache.catalina.startup.HostConfig.deployDescriptor The path attribute with value [/Beyond] in deployment descriptor [C:\Users\Marlon\apache-tomcat-9.0.89\conf\Catalina\localhost\Beyond.xml] has been ignored
01-Jul-2025 08:10:16.558 GRAVE [main] org.apache.catalina.startup.HostConfig.deployDescriptor Error durante el despliegue del descriptor de configuración [C:\Users\Marlon\apache-tomcat-9.0.89\conf\Catalina\localhost\Beyond.xml]
	java.lang.IllegalStateException: Error starting child
		at org.apache.catalina.core.ContainerBase.addChildInternal(ContainerBase.java:602)
		at org.apache.catalina.core.ContainerBase.addChild(ContainerBase.java:571)
		at org.apache.catalina.core.StandardHost.addChild(StandardHost.java:603)
		at org.apache.catalina.startup.HostConfig.deployDescriptor(HostConfig.java:680)
		at org.apache.catalina.startup.HostConfig$DeployDescriptor.run(HostConfig.java:1844)
		at java.util.concurrent.Executors$RunnableAdapter.call(Executors.java:511)
		at java.util.concurrent.FutureTask.run(FutureTask.java:266)
		at org.apache.tomcat.util.threads.InlineExecutorService.execute(InlineExecutorService.java:75)
		at java.util.concurrent.AbstractExecutorService.submit(AbstractExecutorService.java:112)
		at org.apache.catalina.startup.HostConfig.deployDescriptors(HostConfig.java:575)
		at org.apache.catalina.startup.HostConfig.deployApps(HostConfig.java:466)
		at org.apache.catalina.startup.HostConfig.start(HostConfig.java:1584)
		at org.apache.catalina.startup.HostConfig.lifecycleEvent(HostConfig.java:312)
		at org.apache.catalina.util.LifecycleBase.fireLifecycleEvent(LifecycleBase.java:114)
		at org.apache.catalina.util.LifecycleBase.setStateInternal(LifecycleBase.java:402)
		at org.apache.catalina.util.LifecycleBase.setState(LifecycleBase.java:345)
		at org.apache.catalina.core.ContainerBase.startInternal(ContainerBase.java:776)
		at org.apache.catalina.core.StandardHost.startInternal(StandardHost.java:721)
		at org.apache.catalina.util.LifecycleBase.start(LifecycleBase.java:171)
		at org.apache.catalina.core.ContainerBase$StartChild.call(ContainerBase.java:1203)
		at org.apache.catalina.core.ContainerBase$StartChild.call(ContainerBase.java:1193)
		at java.util.concurrent.FutureTask.run(FutureTask.java:266)
		at org.apache.tomcat.util.threads.InlineExecutorService.execute(InlineExecutorService.java:75)
		at java.util.concurrent.AbstractExecutorService.submit(AbstractExecutorService.java:134)
		at org.apache.catalina.core.ContainerBase.startInternal(ContainerBase.java:749)
		at org.apache.catalina.core.StandardEngine.startInternal(StandardEngine.java:211)
		at org.apache.catalina.util.LifecycleBase.start(LifecycleBase.java:171)
		at org.apache.catalina.core.StandardService.startInternal(StandardService.java:415)
		at org.apache.catalina.util.LifecycleBase.start(LifecycleBase.java:171)
		at org.apache.catalina.core.StandardServer.startInternal(StandardServer.java:878)
		at org.apache.catalina.util.LifecycleBase.start(LifecycleBase.java:171)
		at org.apache.catalina.startup.Catalina.start(Catalina.java:735)
		at sun.reflect.NativeMethodAccessorImpl.invoke0(Native Method)
		at sun.reflect.NativeMethodAccessorImpl.invoke(NativeMethodAccessorImpl.java:62)
		at sun.reflect.DelegatingMethodAccessorImpl.invoke(DelegatingMethodAccessorImpl.java:43)
		at java.lang.reflect.Method.invoke(Method.java:498)
		at org.apache.catalina.startup.Bootstrap.start(Bootstrap.java:345)
		at org.apache.catalina.startup.Bootstrap.main(Bootstrap.java:473)
	Caused by: org.apache.catalina.LifecycleException: Failed to start component [org.apache.catalina.webresources.StandardRoot@69379752]
		at org.apache.catalina.util.LifecycleBase.handleSubClassException(LifecycleBase.java:419)
		at org.apache.catalina.util.LifecycleBase.start(LifecycleBase.java:186)
		at org.apache.catalina.core.StandardContext.resourcesStart(StandardContext.java:4120)
		at org.apache.catalina.core.StandardContext.startInternal(StandardContext.java:4242)
		at org.apache.catalina.util.LifecycleBase.start(LifecycleBase.java:171)
		at org.apache.catalina.core.ContainerBase.addChildInternal(ContainerBase.java:599)
		... 37 more
	Caused by: java.lang.IllegalArgumentException: The main resource set specified [F:\LDS - Final\Beyond\build\web] is not a directory or war file, or is not readable (it does not exist or permissions to access it are missing)
		at org.apache.catalina.webresources.StandardRoot.createMainResourceSet(StandardRoot.java:749)
		at org.apache.catalina.webresources.StandardRoot.startInternal(StandardRoot.java:707)
		at org.apache.catalina.util.LifecycleBase.start(LifecycleBase.java:171)
		... 41 more
01-Jul-2025 08:10:16.572 INFORMACIÓN [main] org.apache.catalina.startup.HostConfig.deployDescriptor Deployment of deployment descriptor [C:\Users\Marlon\apache-tomcat-9.0.89\conf\Catalina\localhost\Beyond.xml] has finished in [51] ms
01-Jul-2025 08:10:16.572 INFORMACIÓN [main] org.apache.catalina.startup.HostConfig.deployDescriptor Desplieque del descriptor de configuración [C:\Users\Marlon\apache-tomcat-9.0.89\conf\Catalina\localhost\PlantiSHOP.xml]
01-Jul-2025 08:10:16.574 ADVERTENCIA [main] org.apache.catalina.startup.HostConfig.deployDescriptor The path attribute with value [/PlantiSHOP] in deployment descriptor [C:\Users\Marlon\apache-tomcat-9.0.89\conf\Catalina\localhost\PlantiSHOP.xml] has been ignored
01-Jul-2025 08:10:17.380 INFORMACIÓN [main] org.apache.jasper.servlet.TldScanner.scanJars Al menos un JAR, que se ha explorado buscando TLDs, aún no contenía TLDs. Activar historial de depuración para este historiador para una completa lista de los JARs que fueron explorados y de los que nos se halló TLDs. Saltarse JARs no necesarios durante la exploración puede dar lugar a una mejora de tiempo significativa en el arranque y compilación de JSP .
01-Jul-2025 08:10:17.576 ADVERTENCIA [main] org.apache.catalina.util.SessionIdGeneratorBase.createSecureRandom Creation of SecureRandom instance for session ID generation using [SHA1PRNG] took [175] milliseconds.
01-Jul-2025 08:10:17.598 INFORMACIÓN [main] org.apache.catalina.startup.HostConfig.deployDescriptor Deployment of deployment descriptor [C:\Users\Marlon\apache-tomcat-9.0.89\conf\Catalina\localhost\PlantiSHOP.xml] has finished in [1.026] ms
01-Jul-2025 08:10:17.598 INFORMACIÓN [main] org.apache.catalina.startup.HostConfig.deployDescriptor Desplieque del descriptor de configuración [C:\Users\Marlon\apache-tomcat-9.0.89\conf\Catalina\localhost\WebApplication1.xml]
01-Jul-2025 08:10:17.599 ADVERTENCIA [main] org.apache.catalina.startup.HostConfig.deployDescriptor The path attribute with value [/WebApplication1] in deployment descriptor [C:\Users\Marlon\apache-tomcat-9.0.89\conf\Catalina\localhost\WebApplication1.xml] has been ignored
01-Jul-2025 08:10:17.608 GRAVE [main] org.apache.catalina.startup.HostConfig.deployDescriptor Error durante el despliegue del descriptor de configuración [C:\Users\Marlon\apache-tomcat-9.0.89\conf\Catalina\localhost\WebApplication1.xml]
	java.lang.IllegalStateException: Error starting child
		at org.apache.catalina.core.ContainerBase.addChildInternal(ContainerBase.java:602)
		at org.apache.catalina.core.ContainerBase.addChild(ContainerBase.java:571)
		at org.apache.catalina.core.StandardHost.addChild(StandardHost.java:603)
		at org.apache.catalina.startup.HostConfig.deployDescriptor(HostConfig.java:680)
		at org.apache.catalina.startup.HostConfig$DeployDescriptor.run(HostConfig.java:1844)
		at java.util.concurrent.Executors$RunnableAdapter.call(Executors.java:511)
		at java.util.concurrent.FutureTask.run(FutureTask.java:266)
		at org.apache.tomcat.util.threads.InlineExecutorService.execute(InlineExecutorService.java:75)
		at java.util.concurrent.AbstractExecutorService.submit(AbstractExecutorService.java:112)
		at org.apache.catalina.startup.HostConfig.deployDescriptors(HostConfig.java:575)
		at org.apache.catalina.startup.HostConfig.deployApps(HostConfig.java:466)
		at org.apache.catalina.startup.HostConfig.start(HostConfig.java:1584)
		at org.apache.catalina.startup.HostConfig.lifecycleEvent(HostConfig.java:312)
		at org.apache.catalina.util.LifecycleBase.fireLifecycleEvent(LifecycleBase.java:114)
		at org.apache.catalina.util.LifecycleBase.setStateInternal(LifecycleBase.java:402)
		at org.apache.catalina.util.LifecycleBase.setState(LifecycleBase.java:345)
		at org.apache.catalina.core.ContainerBase.startInternal(ContainerBase.java:776)
		at org.apache.catalina.core.StandardHost.startInternal(StandardHost.java:721)
		at org.apache.catalina.util.LifecycleBase.start(LifecycleBase.java:171)
		at org.apache.catalina.core.ContainerBase$StartChild.call(ContainerBase.java:1203)
		at org.apache.catalina.core.ContainerBase$StartChild.call(ContainerBase.java:1193)
		at java.util.concurrent.FutureTask.run(FutureTask.java:266)
		at org.apache.tomcat.util.threads.InlineExecutorService.execute(InlineExecutorService.java:75)
		at java.util.concurrent.AbstractExecutorService.submit(AbstractExecutorService.java:134)
		at org.apache.catalina.core.ContainerBase.startInternal(ContainerBase.java:749)
		at org.apache.catalina.core.StandardEngine.startInternal(StandardEngine.java:211)
		at org.apache.catalina.util.LifecycleBase.start(LifecycleBase.java:171)
		at org.apache.catalina.core.StandardService.startInternal(StandardService.java:415)
		at org.apache.catalina.util.LifecycleBase.start(LifecycleBase.java:171)
		at org.apache.catalina.core.StandardServer.startInternal(StandardServer.java:878)
		at org.apache.catalina.util.LifecycleBase.start(LifecycleBase.java:171)
		at org.apache.catalina.startup.Catalina.start(Catalina.java:735)
		at sun.reflect.NativeMethodAccessorImpl.invoke0(Native Method)
		at sun.reflect.NativeMethodAccessorImpl.invoke(NativeMethodAccessorImpl.java:62)
		at sun.reflect.DelegatingMethodAccessorImpl.invoke(DelegatingMethodAccessorImpl.java:43)
		at java.lang.reflect.Method.invoke(Method.java:498)
		at org.apache.catalina.startup.Bootstrap.start(Bootstrap.java:345)
		at org.apache.catalina.startup.Bootstrap.main(Bootstrap.java:473)
	Caused by: org.apache.catalina.LifecycleException: Failed to start component [org.apache.catalina.webresources.StandardRoot@6f3f0fae]
		at org.apache.catalina.util.LifecycleBase.handleSubClassException(LifecycleBase.java:419)
		at org.apache.catalina.util.LifecycleBase.start(LifecycleBase.java:186)
		at org.apache.catalina.core.StandardContext.resourcesStart(StandardContext.java:4120)
		at org.apache.catalina.core.StandardContext.startInternal(StandardContext.java:4242)
		at org.apache.catalina.util.LifecycleBase.start(LifecycleBase.java:171)
		at org.apache.catalina.core.ContainerBase.addChildInternal(ContainerBase.java:599)
		... 37 more
	Caused by: java.lang.IllegalArgumentException: The main resource set specified [C:\Users\Marlon\Documents\NetBeansProjects\WebApplication1\build\web] is not a directory or war file, or is not readable (it does not exist or permissions to access it are missing)
		at org.apache.catalina.webresources.StandardRoot.createMainResourceSet(StandardRoot.java:749)
		at org.apache.catalina.webresources.StandardRoot.startInternal(StandardRoot.java:707)
		at org.apache.catalina.util.LifecycleBase.start(LifecycleBase.java:171)
		... 41 more
01-Jul-2025 08:10:17.665 INFORMACIÓN [main] org.apache.catalina.startup.HostConfig.deployDescriptor Deployment of deployment descriptor [C:\Users\Marlon\apache-tomcat-9.0.89\conf\Catalina\localhost\WebApplication1.xml] has finished in [66] ms
01-Jul-2025 08:10:17.665 INFORMACIÓN [main] org.apache.catalina.startup.HostConfig.deployDirectory Desplegando el directorio [C:\Users\Marlon\apache-tomcat-9.0.89\webapps\docs] de la aplicación web
01-Jul-2025 08:10:17.696 INFORMACIÓN [main] org.apache.catalina.startup.HostConfig.deployDirectory Deployment of web application directory [C:\Users\Marlon\apache-tomcat-9.0.89\webapps\docs] has finished in [31] ms
01-Jul-2025 08:10:17.696 INFORMACIÓN [main] org.apache.catalina.startup.HostConfig.deployDirectory Desplegando el directorio [C:\Users\Marlon\apache-tomcat-9.0.89\webapps\examples] de la aplicación web
01-Jul-2025 08:10:18.037 INFORMACIÓN [main] org.apache.catalina.startup.HostConfig.deployDirectory Deployment of web application directory [C:\Users\Marlon\apache-tomcat-9.0.89\webapps\examples] has finished in [341] ms
01-Jul-2025 08:10:18.037 INFORMACIÓN [main] org.apache.catalina.startup.HostConfig.deployDirectory Desplegando el directorio [C:\Users\Marlon\apache-tomcat-9.0.89\webapps\host-manager] de la aplicación web
01-Jul-2025 08:10:18.068 INFORMACIÓN [main] org.apache.catalina.startup.HostConfig.deployDirectory Deployment of web application directory [C:\Users\Marlon\apache-tomcat-9.0.89\webapps\host-manager] has finished in [30] ms
01-Jul-2025 08:10:18.068 INFORMACIÓN [main] org.apache.catalina.startup.HostConfig.deployDirectory Desplegando el directorio [C:\Users\Marlon\apache-tomcat-9.0.89\webapps\manager] de la aplicación web
01-Jul-2025 08:10:18.092 INFORMACIÓN [main] org.apache.catalina.startup.HostConfig.deployDirectory Deployment of web application directory [C:\Users\Marlon\apache-tomcat-9.0.89\webapps\manager] has finished in [24] ms
01-Jul-2025 08:10:18.093 INFORMACIÓN [main] org.apache.catalina.startup.HostConfig.deployDirectory Desplegando el directorio [C:\Users\Marlon\apache-tomcat-9.0.89\webapps\ROOT] de la aplicación web
01-Jul-2025 08:10:18.112 INFORMACIÓN [main] org.apache.catalina.startup.HostConfig.deployDirectory Deployment of web application directory [C:\Users\Marlon\apache-tomcat-9.0.89\webapps\ROOT] has finished in [19] ms
01-Jul-2025 08:10:18.116 INFORMACIÓN [main] org.apache.coyote.AbstractProtocol.start Starting ProtocolHandler ["http-nio-8080"]
01-Jul-2025 08:10:18.140 INFORMACIÓN [main] org.apache.catalina.startup.Catalina.start Server startup in [1659] milliseconds
01-Jul-2025 08:10:18.754 INFORMACIÓN [http-nio-8080-exec-7] org.apache.catalina.startup.HostConfig.undeploy Repliegue (undeploy) de la aplicación web que tiene como trayectoria de contexto [/PlantiSHOP]
01-Jul-2025 08:10:18.786 INFORMACIÓN [http-nio-8080-exec-9] org.apache.catalina.startup.HostConfig.deployDescriptor Desplieque del descriptor de configuración [C:\Users\Marlon\apache-tomcat-9.0.89\conf\Catalina\localhost\PlantiSHOP.xml]
01-Jul-2025 08:10:18.787 ADVERTENCIA [http-nio-8080-exec-9] org.apache.catalina.startup.HostConfig.deployDescriptor The path attribute with value [/PlantiSHOP] in deployment descriptor [C:\Users\Marlon\apache-tomcat-9.0.89\conf\Catalina\localhost\PlantiSHOP.xml] has been ignored
01-Jul-2025 08:10:19.407 INFORMACIÓN [http-nio-8080-exec-9] org.apache.jasper.servlet.TldScanner.scanJars Al menos un JAR, que se ha explorado buscando TLDs, aún no contenía TLDs. Activar historial de depuración para este historiador para una completa lista de los JARs que fueron explorados y de los que nos se halló TLDs. Saltarse JARs no necesarios durante la exploración puede dar lugar a una mejora de tiempo significativa en el arranque y compilación de JSP .
01-Jul-2025 08:10:19.411 INFORMACIÓN [http-nio-8080-exec-9] org.apache.catalina.startup.HostConfig.deployDescriptor Deployment of deployment descriptor [C:\Users\Marlon\apache-tomcat-9.0.89\conf\Catalina\localhost\PlantiSHOP.xml] has finished in [625] ms
01-Jul-2025 08:10:19.414 INFORMACIÓN [http-nio-8080-exec-1] org.apache.catalina.util.LifecycleBase.start The start() method was called on component [StandardEngine[Catalina].StandardHost[localhost].StandardContext[/PlantiSHOP]] after start() had already been called. The second call will be ignored.
01-Jul-2025 08:20:05.443 INFORMACIÓN [main] org.apache.catalina.core.StandardServer.await Se ha recibido un comando de apagado a través del puerto de apagado. Parando la instancia del Servidor.
01-Jul-2025 08:20:05.443 INFORMACIÓN [main] org.apache.coyote.AbstractProtocol.pause Pausing ProtocolHandler ["http-nio-8080"]
01-Jul-2025 08:20:05.620 INFORMACIÓN [main] org.apache.catalina.core.StandardService.stopInternal Parando servicio [Catalina]
01-Jul-2025 08:20:05.635 ADVERTENCIA [main] org.apache.catalina.loader.WebappClassLoaderBase.clearReferencesJdbc La aplicación web [PlantiSHOP] registró el conductor JDBC [com.mysql.cj.jdbc.Driver] pero falló al anular el registro mientras la aplicación web estaba parada. Para prevenir un fallo de memoria, se ha anulado el registro del conductor JDBC por la fuerza.
01-Jul-2025 08:20:05.635 ADVERTENCIA [main] org.apache.catalina.loader.WebappClassLoaderBase.clearReferencesThreads The web application [PlantiSHOP] appears to have started a thread named [mysql-cj-abandoned-connection-cleanup] but has failed to stop it. This is very likely to create a memory leak. Stack trace of thread:
 java.lang.Object.wait(Native Method)
 java.lang.ref.ReferenceQueue.remove(ReferenceQueue.java:150)
 com.mysql.cj.jdbc.AbandonedConnectionCleanupThread.run(AbandonedConnectionCleanupThread.java:93)
 java.util.concurrent.ThreadPoolExecutor.runWorker(ThreadPoolExecutor.java:1149)
 java.util.concurrent.ThreadPoolExecutor$Worker.run(ThreadPoolExecutor.java:624)
 java.lang.Thread.run(Thread.java:750)
01-Jul-2025 08:20:05.641 INFORMACIÓN [main] org.apache.coyote.AbstractProtocol.stop Stopping ProtocolHandler ["http-nio-8080"]
01-Jul-2025 08:20:05.655 INFORMACIÓN [main] org.apache.coyote.AbstractProtocol.destroy Destroying ProtocolHandler ["http-nio-8080"]
01-Jul-2025 08:59:45.462 INFORMACIÓN [main] org.apache.catalina.startup.VersionLoggerListener.log Nombre de la versión del servidor: Apache Tomcat/9.0.89
01-Jul-2025 08:59:45.464 INFORMACIÓN [main] org.apache.catalina.startup.VersionLoggerListener.log Server built:                      May 3 2024 20:22:11 UTC
01-Jul-2025 08:59:45.464 INFORMACIÓN [main] org.apache.catalina.startup.VersionLoggerListener.log Número de versión de servidor:     9.0.89.0
01-Jul-2025 08:59:45.464 INFORMACIÓN [main] org.apache.catalina.startup.VersionLoggerListener.log OS Name:                           Windows 11
01-Jul-2025 08:59:45.464 INFORMACIÓN [main] org.apache.catalina.startup.VersionLoggerListener.log Versión de Systema Operativo:      10.0
01-Jul-2025 08:59:45.464 INFORMACIÓN [main] org.apache.catalina.startup.VersionLoggerListener.log Arquitectura:                      amd64
01-Jul-2025 08:59:45.464 INFORMACIÓN [main] org.apache.catalina.startup.VersionLoggerListener.log Java Home:                         C:\Program Files\Java\jdk-1.8\jre
01-Jul-2025 08:59:45.464 INFORMACIÓN [main] org.apache.catalina.startup.VersionLoggerListener.log JVM Version:                       1.8.0_381-b09
01-Jul-2025 08:59:45.464 INFORMACIÓN [main] org.apache.catalina.startup.VersionLoggerListener.log Vededor JVM:                       Oracle Corporation
01-Jul-2025 08:59:45.465 INFORMACIÓN [main] org.apache.catalina.startup.VersionLoggerListener.log CATALINA_BASE:                     C:\Users\Marlon\apache-tomcat-9.0.89
01-Jul-2025 08:59:45.465 INFORMACIÓN [main] org.apache.catalina.startup.VersionLoggerListener.log CATALINA_HOME:                     C:\Users\Marlon\apache-tomcat-9.0.89
01-Jul-2025 08:59:45.467 INFORMACIÓN [main] org.apache.catalina.startup.VersionLoggerListener.log Command line argument:             -Djava.util.logging.config.file=C:\Users\Marlon\apache-tomcat-9.0.89\conf\logging.properties
01-Jul-2025 08:59:45.467 INFORMACIÓN [main] org.apache.catalina.startup.VersionLoggerListener.log Command line argument:             -Djava.util.logging.manager=org.apache.juli.ClassLoaderLogManager
01-Jul-2025 08:59:45.467 INFORMACIÓN [main] org.apache.catalina.startup.VersionLoggerListener.log Command line argument:             -Djdk.tls.ephemeralDHKeySize=2048
01-Jul-2025 08:59:45.467 INFORMACIÓN [main] org.apache.catalina.startup.VersionLoggerListener.log Command line argument:             -Djava.protocol.handler.pkgs=org.apache.catalina.webresources
01-Jul-2025 08:59:45.467 INFORMACIÓN [main] org.apache.catalina.startup.VersionLoggerListener.log Command line argument:             -Dignore.endorsed.dirs=
01-Jul-2025 08:59:45.467 INFORMACIÓN [main] org.apache.catalina.startup.VersionLoggerListener.log Command line argument:             -Dcatalina.base=C:\Users\Marlon\apache-tomcat-9.0.89
01-Jul-2025 08:59:45.467 INFORMACIÓN [main] org.apache.catalina.startup.VersionLoggerListener.log Command line argument:             -Dcatalina.home=C:\Users\Marlon\apache-tomcat-9.0.89
01-Jul-2025 08:59:45.467 INFORMACIÓN [main] org.apache.catalina.startup.VersionLoggerListener.log Command line argument:             -Djava.io.tmpdir=C:\Users\Marlon\apache-tomcat-9.0.89\temp
01-Jul-2025 08:59:45.470 INFORMACIÓN [main] org.apache.catalina.core.AprLifecycleListener.lifecycleEvent Cargada la biblioteca nativa APR de Apache Tomcat [1.3.0] con la versión APR [1.7.4].
01-Jul-2025 08:59:45.470 INFORMACIÓN [main] org.apache.catalina.core.AprLifecycleListener.lifecycleEvent Capacidades APR: IPv6 [true], enviar fichero [true], aceptar filtros [false], aleatorio [true], UDS [true].
01-Jul-2025 08:59:45.470 INFORMACIÓN [main] org.apache.catalina.core.AprLifecycleListener.lifecycleEvent APR/OpenSSL configuration: useAprConnector [false], useOpenSSL [true]
01-Jul-2025 08:59:45.477 INFORMACIÓN [main] org.apache.catalina.core.AprLifecycleListener.initializeSSL OpenSSL inicializado correctamente [OpenSSL 3.0.13 30 Jan 2024]
01-Jul-2025 08:59:45.769 INFORMACIÓN [main] org.apache.coyote.AbstractProtocol.init Inicializando el manejador de protocolo ["http-nio-8080"]

01-Jul-2025 08:59:45.785 INFORMACIÓN [main] org.apache.catalina.startup.Catalina.load Server initialization in [498] milliseconds
01-Jul-2025 08:59:45.816 INFORMACIÓN [main] org.apache.catalina.core.StandardService.startInternal Arrancando servicio [Catalina]
01-Jul-2025 08:59:45.817 INFORMACIÓN [main] org.apache.catalina.core.StandardEngine.startInternal Starting Servlet engine: [Apache Tomcat/9.0.89]
01-Jul-2025 08:59:45.824 INFORMACIÓN [main] org.apache.catalina.startup.HostConfig.deployDescriptor Desplieque del descriptor de configuración [C:\Users\Marlon\apache-tomcat-9.0.89\conf\Catalina\localhost\Beyond.xml]
01-Jul-2025 08:59:45.840 ADVERTENCIA [main] org.apache.catalina.startup.HostConfig.deployDescriptor The path attribute with value [/Beyond] in deployment descriptor [C:\Users\Marlon\apache-tomcat-9.0.89\conf\Catalina\localhost\Beyond.xml] has been ignored
01-Jul-2025 08:59:45.862 GRAVE [main] org.apache.catalina.startup.HostConfig.deployDescriptor Error durante el despliegue del descriptor de configuración [C:\Users\Marlon\apache-tomcat-9.0.89\conf\Catalina\localhost\Beyond.xml]
	java.lang.IllegalStateException: Error starting child
		at org.apache.catalina.core.ContainerBase.addChildInternal(ContainerBase.java:602)
		at org.apache.catalina.core.ContainerBase.addChild(ContainerBase.java:571)
		at org.apache.catalina.core.StandardHost.addChild(StandardHost.java:603)
		at org.apache.catalina.startup.HostConfig.deployDescriptor(HostConfig.java:680)
		at org.apache.catalina.startup.HostConfig$DeployDescriptor.run(HostConfig.java:1844)
		at java.util.concurrent.Executors$RunnableAdapter.call(Executors.java:511)
		at java.util.concurrent.FutureTask.run(FutureTask.java:266)
		at org.apache.tomcat.util.threads.InlineExecutorService.execute(InlineExecutorService.java:75)
		at java.util.concurrent.AbstractExecutorService.submit(AbstractExecutorService.java:112)
		at org.apache.catalina.startup.HostConfig.deployDescriptors(HostConfig.java:575)
		at org.apache.catalina.startup.HostConfig.deployApps(HostConfig.java:466)
		at org.apache.catalina.startup.HostConfig.start(HostConfig.java:1584)
		at org.apache.catalina.startup.HostConfig.lifecycleEvent(HostConfig.java:312)
		at org.apache.catalina.util.LifecycleBase.fireLifecycleEvent(LifecycleBase.java:114)
		at org.apache.catalina.util.LifecycleBase.setStateInternal(LifecycleBase.java:402)
		at org.apache.catalina.util.LifecycleBase.setState(LifecycleBase.java:345)
		at org.apache.catalina.core.ContainerBase.startInternal(ContainerBase.java:776)
		at org.apache.catalina.core.StandardHost.startInternal(StandardHost.java:721)
		at org.apache.catalina.util.LifecycleBase.start(LifecycleBase.java:171)
		at org.apache.catalina.core.ContainerBase$StartChild.call(ContainerBase.java:1203)
		at org.apache.catalina.core.ContainerBase$StartChild.call(ContainerBase.java:1193)
		at java.util.concurrent.FutureTask.run(FutureTask.java:266)
		at org.apache.tomcat.util.threads.InlineExecutorService.execute(InlineExecutorService.java:75)
		at java.util.concurrent.AbstractExecutorService.submit(AbstractExecutorService.java:134)
		at org.apache.catalina.core.ContainerBase.startInternal(ContainerBase.java:749)
		at org.apache.catalina.core.StandardEngine.startInternal(StandardEngine.java:211)
		at org.apache.catalina.util.LifecycleBase.start(LifecycleBase.java:171)
		at org.apache.catalina.core.StandardService.startInternal(StandardService.java:415)
		at org.apache.catalina.util.LifecycleBase.start(LifecycleBase.java:171)
		at org.apache.catalina.core.StandardServer.startInternal(StandardServer.java:878)
		at org.apache.catalina.util.LifecycleBase.start(LifecycleBase.java:171)
		at org.apache.catalina.startup.Catalina.start(Catalina.java:735)
		at sun.reflect.NativeMethodAccessorImpl.invoke0(Native Method)
		at sun.reflect.NativeMethodAccessorImpl.invoke(NativeMethodAccessorImpl.java:62)
		at sun.reflect.DelegatingMethodAccessorImpl.invoke(DelegatingMethodAccessorImpl.java:43)
		at java.lang.reflect.Method.invoke(Method.java:498)
		at org.apache.catalina.startup.Bootstrap.start(Bootstrap.java:345)
		at org.apache.catalina.startup.Bootstrap.main(Bootstrap.java:473)
	Caused by: org.apache.catalina.LifecycleException: Failed to start component [org.apache.catalina.webresources.StandardRoot@69379752]
		at org.apache.catalina.util.LifecycleBase.handleSubClassException(LifecycleBase.java:419)
		at org.apache.catalina.util.LifecycleBase.start(LifecycleBase.java:186)
		at org.apache.catalina.core.StandardContext.resourcesStart(StandardContext.java:4120)
		at org.apache.catalina.core.StandardContext.startInternal(StandardContext.java:4242)
		at org.apache.catalina.util.LifecycleBase.start(LifecycleBase.java:171)
		at org.apache.catalina.core.ContainerBase.addChildInternal(ContainerBase.java:599)
		... 37 more
	Caused by: java.lang.IllegalArgumentException: The main resource set specified [F:\LDS - Final\Beyond\build\web] is not a directory or war file, or is not readable (it does not exist or permissions to access it are missing)
		at org.apache.catalina.webresources.StandardRoot.createMainResourceSet(StandardRoot.java:749)
		at org.apache.catalina.webresources.StandardRoot.startInternal(StandardRoot.java:707)
		at org.apache.catalina.util.LifecycleBase.start(LifecycleBase.java:171)
		... 41 more
01-Jul-2025 08:59:45.919 INFORMACIÓN [main] org.apache.catalina.startup.HostConfig.deployDescriptor Deployment of deployment descriptor [C:\Users\Marlon\apache-tomcat-9.0.89\conf\Catalina\localhost\Beyond.xml] has finished in [92] ms
01-Jul-2025 08:59:45.919 INFORMACIÓN [main] org.apache.catalina.startup.HostConfig.deployDescriptor Desplieque del descriptor de configuración [C:\Users\Marlon\apache-tomcat-9.0.89\conf\Catalina\localhost\PlantiSHOP.xml]
01-Jul-2025 08:59:45.922 ADVERTENCIA [main] org.apache.catalina.startup.HostConfig.deployDescriptor The path attribute with value [/PlantiSHOP] in deployment descriptor [C:\Users\Marlon\apache-tomcat-9.0.89\conf\Catalina\localhost\PlantiSHOP.xml] has been ignored
01-Jul-2025 08:59:46.727 INFORMACIÓN [main] org.apache.jasper.servlet.TldScanner.scanJars Al menos un JAR, que se ha explorado buscando TLDs, aún no contenía TLDs. Activar historial de depuración para este historiador para una completa lista de los JARs que fueron explorados y de los que nos se halló TLDs. Saltarse JARs no necesarios durante la exploración puede dar lugar a una mejora de tiempo significativa en el arranque y compilación de JSP .
01-Jul-2025 08:59:46.928 ADVERTENCIA [main] org.apache.catalina.util.SessionIdGeneratorBase.createSecureRandom Creation of SecureRandom instance for session ID generation using [SHA1PRNG] took [181] milliseconds.
01-Jul-2025 08:59:46.952 INFORMACIÓN [main] org.apache.catalina.startup.HostConfig.deployDescriptor Deployment of deployment descriptor [C:\Users\Marlon\apache-tomcat-9.0.89\conf\Catalina\localhost\PlantiSHOP.xml] has finished in [1.032] ms
01-Jul-2025 08:59:46.952 INFORMACIÓN [main] org.apache.catalina.startup.HostConfig.deployDescriptor Desplieque del descriptor de configuración [C:\Users\Marlon\apache-tomcat-9.0.89\conf\Catalina\localhost\WebApplication1.xml]
01-Jul-2025 08:59:46.952 ADVERTENCIA [main] org.apache.catalina.startup.HostConfig.deployDescriptor The path attribute with value [/WebApplication1] in deployment descriptor [C:\Users\Marlon\apache-tomcat-9.0.89\conf\Catalina\localhost\WebApplication1.xml] has been ignored
01-Jul-2025 08:59:46.958 GRAVE [main] org.apache.catalina.startup.HostConfig.deployDescriptor Error durante el despliegue del descriptor de configuración [C:\Users\Marlon\apache-tomcat-9.0.89\conf\Catalina\localhost\WebApplication1.xml]
	java.lang.IllegalStateException: Error starting child
		at org.apache.catalina.core.ContainerBase.addChildInternal(ContainerBase.java:602)
		at org.apache.catalina.core.ContainerBase.addChild(ContainerBase.java:571)
		at org.apache.catalina.core.StandardHost.addChild(StandardHost.java:603)
		at org.apache.catalina.startup.HostConfig.deployDescriptor(HostConfig.java:680)
		at org.apache.catalina.startup.HostConfig$DeployDescriptor.run(HostConfig.java:1844)
		at java.util.concurrent.Executors$RunnableAdapter.call(Executors.java:511)
		at java.util.concurrent.FutureTask.run(FutureTask.java:266)
		at org.apache.tomcat.util.threads.InlineExecutorService.execute(InlineExecutorService.java:75)
		at java.util.concurrent.AbstractExecutorService.submit(AbstractExecutorService.java:112)
		at org.apache.catalina.startup.HostConfig.deployDescriptors(HostConfig.java:575)
		at org.apache.catalina.startup.HostConfig.deployApps(HostConfig.java:466)
		at org.apache.catalina.startup.HostConfig.start(HostConfig.java:1584)
		at org.apache.catalina.startup.HostConfig.lifecycleEvent(HostConfig.java:312)
		at org.apache.catalina.util.LifecycleBase.fireLifecycleEvent(LifecycleBase.java:114)
		at org.apache.catalina.util.LifecycleBase.setStateInternal(LifecycleBase.java:402)
		at org.apache.catalina.util.LifecycleBase.setState(LifecycleBase.java:345)
		at org.apache.catalina.core.ContainerBase.startInternal(ContainerBase.java:776)
		at org.apache.catalina.core.StandardHost.startInternal(StandardHost.java:721)
		at org.apache.catalina.util.LifecycleBase.start(LifecycleBase.java:171)
		at org.apache.catalina.core.ContainerBase$StartChild.call(ContainerBase.java:1203)
		at org.apache.catalina.core.ContainerBase$StartChild.call(ContainerBase.java:1193)
		at java.util.concurrent.FutureTask.run(FutureTask.java:266)
		at org.apache.tomcat.util.threads.InlineExecutorService.execute(InlineExecutorService.java:75)
		at java.util.concurrent.AbstractExecutorService.submit(AbstractExecutorService.java:134)
		at org.apache.catalina.core.ContainerBase.startInternal(ContainerBase.java:749)
		at org.apache.catalina.core.StandardEngine.startInternal(StandardEngine.java:211)
		at org.apache.catalina.util.LifecycleBase.start(LifecycleBase.java:171)
		at org.apache.catalina.core.StandardService.startInternal(StandardService.java:415)
		at org.apache.catalina.util.LifecycleBase.start(LifecycleBase.java:171)
		at org.apache.catalina.core.StandardServer.startInternal(StandardServer.java:878)
		at org.apache.catalina.util.LifecycleBase.start(LifecycleBase.java:171)
		at org.apache.catalina.startup.Catalina.start(Catalina.java:735)
		at sun.reflect.NativeMethodAccessorImpl.invoke0(Native Method)
		at sun.reflect.NativeMethodAccessorImpl.invoke(NativeMethodAccessorImpl.java:62)
		at sun.reflect.DelegatingMethodAccessorImpl.invoke(DelegatingMethodAccessorImpl.java:43)
		at java.lang.reflect.Method.invoke(Method.java:498)
		at org.apache.catalina.startup.Bootstrap.start(Bootstrap.java:345)
		at org.apache.catalina.startup.Bootstrap.main(Bootstrap.java:473)
	Caused by: org.apache.catalina.LifecycleException: Failed to start component [org.apache.catalina.webresources.StandardRoot@6f3f0fae]
		at org.apache.catalina.util.LifecycleBase.handleSubClassException(LifecycleBase.java:419)
		at org.apache.catalina.util.LifecycleBase.start(LifecycleBase.java:186)
		at org.apache.catalina.core.StandardContext.resourcesStart(StandardContext.java:4120)
		at org.apache.catalina.core.StandardContext.startInternal(StandardContext.java:4242)
		at org.apache.catalina.util.LifecycleBase.start(LifecycleBase.java:171)
		at org.apache.catalina.core.ContainerBase.addChildInternal(ContainerBase.java:599)
		... 37 more
	Caused by: java.lang.IllegalArgumentException: The main resource set specified [C:\Users\Marlon\Documents\NetBeansProjects\WebApplication1\build\web] is not a directory or war file, or is not readable (it does not exist or permissions to access it are missing)
		at org.apache.catalina.webresources.StandardRoot.createMainResourceSet(StandardRoot.java:749)
		at org.apache.catalina.webresources.StandardRoot.startInternal(StandardRoot.java:707)
		at org.apache.catalina.util.LifecycleBase.start(LifecycleBase.java:171)
		... 41 more
01-Jul-2025 08:59:47.006 INFORMACIÓN [main] org.apache.catalina.startup.HostConfig.deployDescriptor Deployment of deployment descriptor [C:\Users\Marlon\apache-tomcat-9.0.89\conf\Catalina\localhost\WebApplication1.xml] has finished in [54] ms
01-Jul-2025 08:59:47.007 INFORMACIÓN [main] org.apache.catalina.startup.HostConfig.deployDirectory Desplegando el directorio [C:\Users\Marlon\apache-tomcat-9.0.89\webapps\docs] de la aplicación web
01-Jul-2025 08:59:47.034 INFORMACIÓN [main] org.apache.catalina.startup.HostConfig.deployDirectory Deployment of web application directory [C:\Users\Marlon\apache-tomcat-9.0.89\webapps\docs] has finished in [27] ms
01-Jul-2025 08:59:47.034 INFORMACIÓN [main] org.apache.catalina.startup.HostConfig.deployDirectory Desplegando el directorio [C:\Users\Marlon\apache-tomcat-9.0.89\webapps\examples] de la aplicación web
01-Jul-2025 08:59:47.355 INFORMACIÓN [main] org.apache.catalina.startup.HostConfig.deployDirectory Deployment of web application directory [C:\Users\Marlon\apache-tomcat-9.0.89\webapps\examples] has finished in [321] ms
01-Jul-2025 08:59:47.355 INFORMACIÓN [main] org.apache.catalina.startup.HostConfig.deployDirectory Desplegando el directorio [C:\Users\Marlon\apache-tomcat-9.0.89\webapps\host-manager] de la aplicación web
01-Jul-2025 08:59:47.387 INFORMACIÓN [main] org.apache.catalina.startup.HostConfig.deployDirectory Deployment of web application directory [C:\Users\Marlon\apache-tomcat-9.0.89\webapps\host-manager] has finished in [32] ms
01-Jul-2025 08:59:47.388 INFORMACIÓN [main] org.apache.catalina.startup.HostConfig.deployDirectory Desplegando el directorio [C:\Users\Marlon\apache-tomcat-9.0.89\webapps\manager] de la aplicación web
01-Jul-2025 08:59:47.411 INFORMACIÓN [main] org.apache.catalina.startup.HostConfig.deployDirectory Deployment of web application directory [C:\Users\Marlon\apache-tomcat-9.0.89\webapps\manager] has finished in [24] ms
01-Jul-2025 08:59:47.411 INFORMACIÓN [main] org.apache.catalina.startup.HostConfig.deployDirectory Desplegando el directorio [C:\Users\Marlon\apache-tomcat-9.0.89\webapps\ROOT] de la aplicación web
01-Jul-2025 08:59:47.439 INFORMACIÓN [main] org.apache.catalina.startup.HostConfig.deployDirectory Deployment of web application directory [C:\Users\Marlon\apache-tomcat-9.0.89\webapps\ROOT] has finished in [28] ms
01-Jul-2025 08:59:47.445 INFORMACIÓN [main] org.apache.coyote.AbstractProtocol.start Starting ProtocolHandler ["http-nio-8080"]
01-Jul-2025 08:59:47.458 INFORMACIÓN [main] org.apache.catalina.startup.Catalina.start Server startup in [1672] milliseconds
01-Jul-2025 08:59:48.072 INFORMACIÓN [http-nio-8080-exec-6] org.apache.catalina.startup.HostConfig.undeploy Repliegue (undeploy) de la aplicación web que tiene como trayectoria de contexto [/PlantiSHOP]
01-Jul-2025 08:59:48.101 INFORMACIÓN [http-nio-8080-exec-9] org.apache.catalina.startup.HostConfig.deployDescriptor Desplieque del descriptor de configuración [C:\Users\Marlon\apache-tomcat-9.0.89\conf\Catalina\localhost\PlantiSHOP.xml]
01-Jul-2025 08:59:48.103 ADVERTENCIA [http-nio-8080-exec-9] org.apache.catalina.startup.HostConfig.deployDescriptor The path attribute with value [/PlantiSHOP] in deployment descriptor [C:\Users\Marlon\apache-tomcat-9.0.89\conf\Catalina\localhost\PlantiSHOP.xml] has been ignored
01-Jul-2025 08:59:48.705 INFORMACIÓN [http-nio-8080-exec-9] org.apache.jasper.servlet.TldScanner.scanJars Al menos un JAR, que se ha explorado buscando TLDs, aún no contenía TLDs. Activar historial de depuración para este historiador para una completa lista de los JARs que fueron explorados y de los que nos se halló TLDs. Saltarse JARs no necesarios durante la exploración puede dar lugar a una mejora de tiempo significativa en el arranque y compilación de JSP .
01-Jul-2025 08:59:48.708 INFORMACIÓN [http-nio-8080-exec-9] org.apache.catalina.startup.HostConfig.deployDescriptor Deployment of deployment descriptor [C:\Users\Marlon\apache-tomcat-9.0.89\conf\Catalina\localhost\PlantiSHOP.xml] has finished in [607] ms
01-Jul-2025 08:59:48.711 INFORMACIÓN [http-nio-8080-exec-7] org.apache.catalina.util.LifecycleBase.start The start() method was called on component [StandardEngine[Catalina].StandardHost[localhost].StandardContext[/PlantiSHOP]] after start() had already been called. The second call will be ignored.
01-Jul-2025 09:01:37.451 INFORMACIÓN [main] org.apache.catalina.core.StandardServer.await Se ha recibido un comando de apagado a través del puerto de apagado. Parando la instancia del Servidor.
01-Jul-2025 09:01:37.451 INFORMACIÓN [main] org.apache.coyote.AbstractProtocol.pause Pausing ProtocolHandler ["http-nio-8080"]
01-Jul-2025 09:01:37.633 INFORMACIÓN [main] org.apache.catalina.core.StandardService.stopInternal Parando servicio [Catalina]
01-Jul-2025 09:01:37.651 INFORMACIÓN [main] org.apache.coyote.AbstractProtocol.stop Stopping ProtocolHandler ["http-nio-8080"]
01-Jul-2025 09:01:37.669 INFORMACIÓN [main] org.apache.coyote.AbstractProtocol.destroy Destroying ProtocolHandler ["http-nio-8080"]
01-Jul-2025 09:13:05.942 INFORMACIÓN [main] org.apache.catalina.startup.VersionLoggerListener.log Nombre de la versión del servidor: Apache Tomcat/9.0.89
01-Jul-2025 09:13:05.944 INFORMACIÓN [main] org.apache.catalina.startup.VersionLoggerListener.log Server built:                      May 3 2024 20:22:11 UTC
01-Jul-2025 09:13:05.945 INFORMACIÓN [main] org.apache.catalina.startup.VersionLoggerListener.log Número de versión de servidor:     9.0.89.0
01-Jul-2025 09:13:05.945 INFORMACIÓN [main] org.apache.catalina.startup.VersionLoggerListener.log OS Name:                           Windows 11
01-Jul-2025 09:13:05.945 INFORMACIÓN [main] org.apache.catalina.startup.VersionLoggerListener.log Versión de Systema Operativo:      10.0
01-Jul-2025 09:13:05.945 INFORMACIÓN [main] org.apache.catalina.startup.VersionLoggerListener.log Arquitectura:                      amd64
01-Jul-2025 09:13:05.945 INFORMACIÓN [main] org.apache.catalina.startup.VersionLoggerListener.log Java Home:                         C:\Program Files\Java\jdk-1.8\jre
01-Jul-2025 09:13:05.945 INFORMACIÓN [main] org.apache.catalina.startup.VersionLoggerListener.log JVM Version:                       1.8.0_381-b09
01-Jul-2025 09:13:05.945 INFORMACIÓN [main] org.apache.catalina.startup.VersionLoggerListener.log Vededor JVM:                       Oracle Corporation
01-Jul-2025 09:13:05.945 INFORMACIÓN [main] org.apache.catalina.startup.VersionLoggerListener.log CATALINA_BASE:                     C:\Users\Marlon\apache-tomcat-9.0.89
01-Jul-2025 09:13:05.945 INFORMACIÓN [main] org.apache.catalina.startup.VersionLoggerListener.log CATALINA_HOME:                     C:\Users\Marlon\apache-tomcat-9.0.89
01-Jul-2025 09:13:05.948 INFORMACIÓN [main] org.apache.catalina.startup.VersionLoggerListener.log Command line argument:             -Djava.util.logging.config.file=C:\Users\Marlon\apache-tomcat-9.0.89\conf\logging.properties
01-Jul-2025 09:13:05.948 INFORMACIÓN [main] org.apache.catalina.startup.VersionLoggerListener.log Command line argument:             -Djava.util.logging.manager=org.apache.juli.ClassLoaderLogManager
01-Jul-2025 09:13:05.948 INFORMACIÓN [main] org.apache.catalina.startup.VersionLoggerListener.log Command line argument:             -Djdk.tls.ephemeralDHKeySize=2048
01-Jul-2025 09:13:05.948 INFORMACIÓN [main] org.apache.catalina.startup.VersionLoggerListener.log Command line argument:             -Djava.protocol.handler.pkgs=org.apache.catalina.webresources
01-Jul-2025 09:13:05.948 INFORMACIÓN [main] org.apache.catalina.startup.VersionLoggerListener.log Command line argument:             -Dignore.endorsed.dirs=
01-Jul-2025 09:13:05.948 INFORMACIÓN [main] org.apache.catalina.startup.VersionLoggerListener.log Command line argument:             -Dcatalina.base=C:\Users\Marlon\apache-tomcat-9.0.89
01-Jul-2025 09:13:05.948 INFORMACIÓN [main] org.apache.catalina.startup.VersionLoggerListener.log Command line argument:             -Dcatalina.home=C:\Users\Marlon\apache-tomcat-9.0.89
01-Jul-2025 09:13:05.948 INFORMACIÓN [main] org.apache.catalina.startup.VersionLoggerListener.log Command line argument:             -Djava.io.tmpdir=C:\Users\Marlon\apache-tomcat-9.0.89\temp
01-Jul-2025 09:13:05.962 INFORMACIÓN [main] org.apache.catalina.core.AprLifecycleListener.lifecycleEvent Cargada la biblioteca nativa APR de Apache Tomcat [1.3.0] con la versión APR [1.7.4].
01-Jul-2025 09:13:05.962 INFORMACIÓN [main] org.apache.catalina.core.AprLifecycleListener.lifecycleEvent Capacidades APR: IPv6 [true], enviar fichero [true], aceptar filtros [false], aleatorio [true], UDS [true].
01-Jul-2025 09:13:05.962 INFORMACIÓN [main] org.apache.catalina.core.AprLifecycleListener.lifecycleEvent APR/OpenSSL configuration: useAprConnector [false], useOpenSSL [true]
01-Jul-2025 09:13:06.010 INFORMACIÓN [main] org.apache.catalina.core.AprLifecycleListener.initializeSSL OpenSSL inicializado correctamente [OpenSSL 3.0.13 30 Jan 2024]
01-Jul-2025 09:13:06.467 INFORMACIÓN [main] org.apache.coyote.AbstractProtocol.init Inicializando el manejador de protocolo ["http-nio-8080"]

01-Jul-2025 09:13:06.504 INFORMACIÓN [main] org.apache.catalina.startup.Catalina.load Server initialization in [793] milliseconds
01-Jul-2025 09:13:06.562 INFORMACIÓN [main] org.apache.catalina.core.StandardService.startInternal Arrancando servicio [Catalina]
01-Jul-2025 09:13:06.562 INFORMACIÓN [main] org.apache.catalina.core.StandardEngine.startInternal Starting Servlet engine: [Apache Tomcat/9.0.89]
01-Jul-2025 09:13:06.573 INFORMACIÓN [main] org.apache.catalina.startup.HostConfig.deployDescriptor Desplieque del descriptor de configuración [C:\Users\Marlon\apache-tomcat-9.0.89\conf\Catalina\localhost\Beyond.xml]
01-Jul-2025 09:13:06.592 ADVERTENCIA [main] org.apache.catalina.startup.HostConfig.deployDescriptor The path attribute with value [/Beyond] in deployment descriptor [C:\Users\Marlon\apache-tomcat-9.0.89\conf\Catalina\localhost\Beyond.xml] has been ignored
01-Jul-2025 09:13:06.618 GRAVE [main] org.apache.catalina.startup.HostConfig.deployDescriptor Error durante el despliegue del descriptor de configuración [C:\Users\Marlon\apache-tomcat-9.0.89\conf\Catalina\localhost\Beyond.xml]
	java.lang.IllegalStateException: Error starting child
		at org.apache.catalina.core.ContainerBase.addChildInternal(ContainerBase.java:602)
		at org.apache.catalina.core.ContainerBase.addChild(ContainerBase.java:571)
		at org.apache.catalina.core.StandardHost.addChild(StandardHost.java:603)
		at org.apache.catalina.startup.HostConfig.deployDescriptor(HostConfig.java:680)
		at org.apache.catalina.startup.HostConfig$DeployDescriptor.run(HostConfig.java:1844)
		at java.util.concurrent.Executors$RunnableAdapter.call(Executors.java:511)
		at java.util.concurrent.FutureTask.run(FutureTask.java:266)
		at org.apache.tomcat.util.threads.InlineExecutorService.execute(InlineExecutorService.java:75)
		at java.util.concurrent.AbstractExecutorService.submit(AbstractExecutorService.java:112)
		at org.apache.catalina.startup.HostConfig.deployDescriptors(HostConfig.java:575)
		at org.apache.catalina.startup.HostConfig.deployApps(HostConfig.java:466)
		at org.apache.catalina.startup.HostConfig.start(HostConfig.java:1584)
		at org.apache.catalina.startup.HostConfig.lifecycleEvent(HostConfig.java:312)
		at org.apache.catalina.util.LifecycleBase.fireLifecycleEvent(LifecycleBase.java:114)
		at org.apache.catalina.util.LifecycleBase.setStateInternal(LifecycleBase.java:402)
		at org.apache.catalina.util.LifecycleBase.setState(LifecycleBase.java:345)
		at org.apache.catalina.core.ContainerBase.startInternal(ContainerBase.java:776)
		at org.apache.catalina.core.StandardHost.startInternal(StandardHost.java:721)
		at org.apache.catalina.util.LifecycleBase.start(LifecycleBase.java:171)
		at org.apache.catalina.core.ContainerBase$StartChild.call(ContainerBase.java:1203)
		at org.apache.catalina.core.ContainerBase$StartChild.call(ContainerBase.java:1193)
		at java.util.concurrent.FutureTask.run(FutureTask.java:266)
		at org.apache.tomcat.util.threads.InlineExecutorService.execute(InlineExecutorService.java:75)
		at java.util.concurrent.AbstractExecutorService.submit(AbstractExecutorService.java:134)
		at org.apache.catalina.core.ContainerBase.startInternal(ContainerBase.java:749)
		at org.apache.catalina.core.StandardEngine.startInternal(StandardEngine.java:211)
		at org.apache.catalina.util.LifecycleBase.start(LifecycleBase.java:171)
		at org.apache.catalina.core.StandardService.startInternal(StandardService.java:415)
		at org.apache.catalina.util.LifecycleBase.start(LifecycleBase.java:171)
		at org.apache.catalina.core.StandardServer.startInternal(StandardServer.java:878)
		at org.apache.catalina.util.LifecycleBase.start(LifecycleBase.java:171)
		at org.apache.catalina.startup.Catalina.start(Catalina.java:735)
		at sun.reflect.NativeMethodAccessorImpl.invoke0(Native Method)
		at sun.reflect.NativeMethodAccessorImpl.invoke(NativeMethodAccessorImpl.java:62)
		at sun.reflect.DelegatingMethodAccessorImpl.invoke(DelegatingMethodAccessorImpl.java:43)
		at java.lang.reflect.Method.invoke(Method.java:498)
		at org.apache.catalina.startup.Bootstrap.start(Bootstrap.java:345)
		at org.apache.catalina.startup.Bootstrap.main(Bootstrap.java:473)
	Caused by: org.apache.catalina.LifecycleException: Failed to start component [org.apache.catalina.webresources.StandardRoot@69379752]
		at org.apache.catalina.util.LifecycleBase.handleSubClassException(LifecycleBase.java:419)
		at org.apache.catalina.util.LifecycleBase.start(LifecycleBase.java:186)
		at org.apache.catalina.core.StandardContext.resourcesStart(StandardContext.java:4120)
		at org.apache.catalina.core.StandardContext.startInternal(StandardContext.java:4242)
		at org.apache.catalina.util.LifecycleBase.start(LifecycleBase.java:171)
		at org.apache.catalina.core.ContainerBase.addChildInternal(ContainerBase.java:599)
		... 37 more
	Caused by: java.lang.IllegalArgumentException: The main resource set specified [F:\LDS - Final\Beyond\build\web] is not a directory or war file, or is not readable (it does not exist or permissions to access it are missing)
		at org.apache.catalina.webresources.StandardRoot.createMainResourceSet(StandardRoot.java:749)
		at org.apache.catalina.webresources.StandardRoot.startInternal(StandardRoot.java:707)
		at org.apache.catalina.util.LifecycleBase.start(LifecycleBase.java:171)
		... 41 more
01-Jul-2025 09:13:06.676 INFORMACIÓN [main] org.apache.catalina.startup.HostConfig.deployDescriptor Deployment of deployment descriptor [C:\Users\Marlon\apache-tomcat-9.0.89\conf\Catalina\localhost\Beyond.xml] has finished in [102] ms
01-Jul-2025 09:13:06.676 INFORMACIÓN [main] org.apache.catalina.startup.HostConfig.deployDescriptor Desplieque del descriptor de configuración [C:\Users\Marlon\apache-tomcat-9.0.89\conf\Catalina\localhost\PlantiSHOP.xml]
01-Jul-2025 09:13:06.679 ADVERTENCIA [main] org.apache.catalina.startup.HostConfig.deployDescriptor The path attribute with value [/PlantiSHOP] in deployment descriptor [C:\Users\Marlon\apache-tomcat-9.0.89\conf\Catalina\localhost\PlantiSHOP.xml] has been ignored
01-Jul-2025 09:13:07.536 INFORMACIÓN [main] org.apache.jasper.servlet.TldScanner.scanJars Al menos un JAR, que se ha explorado buscando TLDs, aún no contenía TLDs. Activar historial de depuración para este historiador para una completa lista de los JARs que fueron explorados y de los que nos se halló TLDs. Saltarse JARs no necesarios durante la exploración puede dar lugar a una mejora de tiempo significativa en el arranque y compilación de JSP .
01-Jul-2025 09:13:07.746 ADVERTENCIA [main] org.apache.catalina.util.SessionIdGeneratorBase.createSecureRandom Creation of SecureRandom instance for session ID generation using [SHA1PRNG] took [186] milliseconds.
01-Jul-2025 09:13:07.777 INFORMACIÓN [main] org.apache.catalina.startup.HostConfig.deployDescriptor Deployment of deployment descriptor [C:\Users\Marlon\apache-tomcat-9.0.89\conf\Catalina\localhost\PlantiSHOP.xml] has finished in [1.101] ms
01-Jul-2025 09:13:07.777 INFORMACIÓN [main] org.apache.catalina.startup.HostConfig.deployDescriptor Desplieque del descriptor de configuración [C:\Users\Marlon\apache-tomcat-9.0.89\conf\Catalina\localhost\WebApplication1.xml]
01-Jul-2025 09:13:07.778 ADVERTENCIA [main] org.apache.catalina.startup.HostConfig.deployDescriptor The path attribute with value [/WebApplication1] in deployment descriptor [C:\Users\Marlon\apache-tomcat-9.0.89\conf\Catalina\localhost\WebApplication1.xml] has been ignored
01-Jul-2025 09:13:07.784 GRAVE [main] org.apache.catalina.startup.HostConfig.deployDescriptor Error durante el despliegue del descriptor de configuración [C:\Users\Marlon\apache-tomcat-9.0.89\conf\Catalina\localhost\WebApplication1.xml]
	java.lang.IllegalStateException: Error starting child
		at org.apache.catalina.core.ContainerBase.addChildInternal(ContainerBase.java:602)
		at org.apache.catalina.core.ContainerBase.addChild(ContainerBase.java:571)
		at org.apache.catalina.core.StandardHost.addChild(StandardHost.java:603)
		at org.apache.catalina.startup.HostConfig.deployDescriptor(HostConfig.java:680)
		at org.apache.catalina.startup.HostConfig$DeployDescriptor.run(HostConfig.java:1844)
		at java.util.concurrent.Executors$RunnableAdapter.call(Executors.java:511)
		at java.util.concurrent.FutureTask.run(FutureTask.java:266)
		at org.apache.tomcat.util.threads.InlineExecutorService.execute(InlineExecutorService.java:75)
		at java.util.concurrent.AbstractExecutorService.submit(AbstractExecutorService.java:112)
		at org.apache.catalina.startup.HostConfig.deployDescriptors(HostConfig.java:575)
		at org.apache.catalina.startup.HostConfig.deployApps(HostConfig.java:466)
		at org.apache.catalina.startup.HostConfig.start(HostConfig.java:1584)
		at org.apache.catalina.startup.HostConfig.lifecycleEvent(HostConfig.java:312)
		at org.apache.catalina.util.LifecycleBase.fireLifecycleEvent(LifecycleBase.java:114)
		at org.apache.catalina.util.LifecycleBase.setStateInternal(LifecycleBase.java:402)
		at org.apache.catalina.util.LifecycleBase.setState(LifecycleBase.java:345)
		at org.apache.catalina.core.ContainerBase.startInternal(ContainerBase.java:776)
		at org.apache.catalina.core.StandardHost.startInternal(StandardHost.java:721)
		at org.apache.catalina.util.LifecycleBase.start(LifecycleBase.java:171)
		at org.apache.catalina.core.ContainerBase$StartChild.call(ContainerBase.java:1203)
		at org.apache.catalina.core.ContainerBase$StartChild.call(ContainerBase.java:1193)
		at java.util.concurrent.FutureTask.run(FutureTask.java:266)
		at org.apache.tomcat.util.threads.InlineExecutorService.execute(InlineExecutorService.java:75)
		at java.util.concurrent.AbstractExecutorService.submit(AbstractExecutorService.java:134)
		at org.apache.catalina.core.ContainerBase.startInternal(ContainerBase.java:749)
		at org.apache.catalina.core.StandardEngine.startInternal(StandardEngine.java:211)
		at org.apache.catalina.util.LifecycleBase.start(LifecycleBase.java:171)
		at org.apache.catalina.core.StandardService.startInternal(StandardService.java:415)
		at org.apache.catalina.util.LifecycleBase.start(LifecycleBase.java:171)
		at org.apache.catalina.core.StandardServer.startInternal(StandardServer.java:878)
		at org.apache.catalina.util.LifecycleBase.start(LifecycleBase.java:171)
		at org.apache.catalina.startup.Catalina.start(Catalina.java:735)
		at sun.reflect.NativeMethodAccessorImpl.invoke0(Native Method)
		at sun.reflect.NativeMethodAccessorImpl.invoke(NativeMethodAccessorImpl.java:62)
		at sun.reflect.DelegatingMethodAccessorImpl.invoke(DelegatingMethodAccessorImpl.java:43)
		at java.lang.reflect.Method.invoke(Method.java:498)
		at org.apache.catalina.startup.Bootstrap.start(Bootstrap.java:345)
		at org.apache.catalina.startup.Bootstrap.main(Bootstrap.java:473)
	Caused by: org.apache.catalina.LifecycleException: Failed to start component [org.apache.catalina.webresources.StandardRoot@6f3f0fae]
		at org.apache.catalina.util.LifecycleBase.handleSubClassException(LifecycleBase.java:419)
		at org.apache.catalina.util.LifecycleBase.start(LifecycleBase.java:186)
		at org.apache.catalina.core.StandardContext.resourcesStart(StandardContext.java:4120)
		at org.apache.catalina.core.StandardContext.startInternal(StandardContext.java:4242)
		at org.apache.catalina.util.LifecycleBase.start(LifecycleBase.java:171)
		at org.apache.catalina.core.ContainerBase.addChildInternal(ContainerBase.java:599)
		... 37 more
	Caused by: java.lang.IllegalArgumentException: The main resource set specified [C:\Users\Marlon\Documents\NetBeansProjects\WebApplication1\build\web] is not a directory or war file, or is not readable (it does not exist or permissions to access it are missing)
		at org.apache.catalina.webresources.StandardRoot.createMainResourceSet(StandardRoot.java:749)
		at org.apache.catalina.webresources.StandardRoot.startInternal(StandardRoot.java:707)
		at org.apache.catalina.util.LifecycleBase.start(LifecycleBase.java:171)
		... 41 more
01-Jul-2025 09:13:07.828 INFORMACIÓN [main] org.apache.catalina.startup.HostConfig.deployDescriptor Deployment of deployment descriptor [C:\Users\Marlon\apache-tomcat-9.0.89\conf\Catalina\localhost\WebApplication1.xml] has finished in [50] ms
01-Jul-2025 09:13:07.828 INFORMACIÓN [main] org.apache.catalina.startup.HostConfig.deployDirectory Desplegando el directorio [C:\Users\Marlon\apache-tomcat-9.0.89\webapps\docs] de la aplicación web
01-Jul-2025 09:13:07.867 INFORMACIÓN [main] org.apache.catalina.startup.HostConfig.deployDirectory Deployment of web application directory [C:\Users\Marlon\apache-tomcat-9.0.89\webapps\docs] has finished in [39] ms
01-Jul-2025 09:13:07.867 INFORMACIÓN [main] org.apache.catalina.startup.HostConfig.deployDirectory Desplegando el directorio [C:\Users\Marlon\apache-tomcat-9.0.89\webapps\examples] de la aplicación web
01-Jul-2025 09:13:08.240 INFORMACIÓN [main] org.apache.catalina.startup.HostConfig.deployDirectory Deployment of web application directory [C:\Users\Marlon\apache-tomcat-9.0.89\webapps\examples] has finished in [373] ms
01-Jul-2025 09:13:08.241 INFORMACIÓN [main] org.apache.catalina.startup.HostConfig.deployDirectory Desplegando el directorio [C:\Users\Marlon\apache-tomcat-9.0.89\webapps\host-manager] de la aplicación web
01-Jul-2025 09:13:08.272 INFORMACIÓN [main] org.apache.catalina.startup.HostConfig.deployDirectory Deployment of web application directory [C:\Users\Marlon\apache-tomcat-9.0.89\webapps\host-manager] has finished in [32] ms
01-Jul-2025 09:13:08.272 INFORMACIÓN [main] org.apache.catalina.startup.HostConfig.deployDirectory Desplegando el directorio [C:\Users\Marlon\apache-tomcat-9.0.89\webapps\manager] de la aplicación web
01-Jul-2025 09:13:08.305 INFORMACIÓN [main] org.apache.catalina.startup.HostConfig.deployDirectory Deployment of web application directory [C:\Users\Marlon\apache-tomcat-9.0.89\webapps\manager] has finished in [33] ms
01-Jul-2025 09:13:08.306 INFORMACIÓN [main] org.apache.catalina.startup.HostConfig.deployDirectory Desplegando el directorio [C:\Users\Marlon\apache-tomcat-9.0.89\webapps\ROOT] de la aplicación web
01-Jul-2025 09:13:08.326 INFORMACIÓN [main] org.apache.catalina.startup.HostConfig.deployDirectory Deployment of web application directory [C:\Users\Marlon\apache-tomcat-9.0.89\webapps\ROOT] has finished in [20] ms
01-Jul-2025 09:13:08.330 INFORMACIÓN [main] org.apache.coyote.AbstractProtocol.start Starting ProtocolHandler ["http-nio-8080"]
01-Jul-2025 09:13:08.363 INFORMACIÓN [main] org.apache.catalina.startup.Catalina.start Server startup in [1858] milliseconds
01-Jul-2025 09:13:08.978 INFORMACIÓN [http-nio-8080-exec-7] org.apache.catalina.startup.HostConfig.undeploy Repliegue (undeploy) de la aplicación web que tiene como trayectoria de contexto [/PlantiSHOP]
01-Jul-2025 09:13:09.014 INFORMACIÓN [http-nio-8080-exec-9] org.apache.catalina.startup.HostConfig.deployDescriptor Desplieque del descriptor de configuración [C:\Users\Marlon\apache-tomcat-9.0.89\conf\Catalina\localhost\PlantiSHOP.xml]
01-Jul-2025 09:13:09.015 ADVERTENCIA [http-nio-8080-exec-9] org.apache.catalina.startup.HostConfig.deployDescriptor The path attribute with value [/PlantiSHOP] in deployment descriptor [C:\Users\Marlon\apache-tomcat-9.0.89\conf\Catalina\localhost\PlantiSHOP.xml] has been ignored
01-Jul-2025 09:13:09.641 INFORMACIÓN [http-nio-8080-exec-9] org.apache.jasper.servlet.TldScanner.scanJars Al menos un JAR, que se ha explorado buscando TLDs, aún no contenía TLDs. Activar historial de depuración para este historiador para una completa lista de los JARs que fueron explorados y de los que nos se halló TLDs. Saltarse JARs no necesarios durante la exploración puede dar lugar a una mejora de tiempo significativa en el arranque y compilación de JSP .
01-Jul-2025 09:13:09.646 INFORMACIÓN [http-nio-8080-exec-9] org.apache.catalina.startup.HostConfig.deployDescriptor Deployment of deployment descriptor [C:\Users\Marlon\apache-tomcat-9.0.89\conf\Catalina\localhost\PlantiSHOP.xml] has finished in [631] ms
01-Jul-2025 09:13:09.651 INFORMACIÓN [http-nio-8080-exec-3] org.apache.catalina.util.LifecycleBase.start The start() method was called on component [StandardEngine[Catalina].StandardHost[localhost].StandardContext[/PlantiSHOP]] after start() had already been called. The second call will be ignored.
01-Jul-2025 09:55:14.451 INFORMACIÓN [main] org.apache.catalina.core.StandardServer.await Se ha recibido un comando de apagado a través del puerto de apagado. Parando la instancia del Servidor.
01-Jul-2025 09:55:14.453 INFORMACIÓN [main] org.apache.coyote.AbstractProtocol.pause Pausing ProtocolHandler ["http-nio-8080"]
01-Jul-2025 09:55:14.632 INFORMACIÓN [main] org.apache.catalina.core.StandardService.stopInternal Parando servicio [Catalina]
01-Jul-2025 09:55:14.652 ADVERTENCIA [main] org.apache.catalina.loader.WebappClassLoaderBase.clearReferencesJdbc La aplicación web [PlantiSHOP] registró el conductor JDBC [com.mysql.cj.jdbc.Driver] pero falló al anular el registro mientras la aplicación web estaba parada. Para prevenir un fallo de memoria, se ha anulado el registro del conductor JDBC por la fuerza.
01-Jul-2025 09:55:14.653 ADVERTENCIA [main] org.apache.catalina.loader.WebappClassLoaderBase.clearReferencesThreads The web application [PlantiSHOP] appears to have started a thread named [mysql-cj-abandoned-connection-cleanup] but has failed to stop it. This is very likely to create a memory leak. Stack trace of thread:
 java.lang.Object.wait(Native Method)
 java.lang.ref.ReferenceQueue.remove(ReferenceQueue.java:150)
 com.mysql.cj.jdbc.AbandonedConnectionCleanupThread.run(AbandonedConnectionCleanupThread.java:93)
 java.util.concurrent.ThreadPoolExecutor.runWorker(ThreadPoolExecutor.java:1149)
 java.util.concurrent.ThreadPoolExecutor$Worker.run(ThreadPoolExecutor.java:624)
 java.lang.Thread.run(Thread.java:750)
01-Jul-2025 09:55:14.660 INFORMACIÓN [main] org.apache.coyote.AbstractProtocol.stop Stopping ProtocolHandler ["http-nio-8080"]
01-Jul-2025 09:55:14.676 INFORMACIÓN [main] org.apache.coyote.AbstractProtocol.destroy Destroying ProtocolHandler ["http-nio-8080"]
01-Jul-2025 14:53:15.426 INFORMACIÓN [main] org.apache.catalina.startup.VersionLoggerListener.log Nombre de la versión del servidor: Apache Tomcat/9.0.89
01-Jul-2025 14:53:15.429 INFORMACIÓN [main] org.apache.catalina.startup.VersionLoggerListener.log Server built:                      May 3 2024 20:22:11 UTC
01-Jul-2025 14:53:15.429 INFORMACIÓN [main] org.apache.catalina.startup.VersionLoggerListener.log Número de versión de servidor:     9.0.89.0
01-Jul-2025 14:53:15.429 INFORMACIÓN [main] org.apache.catalina.startup.VersionLoggerListener.log OS Name:                           Windows 11
01-Jul-2025 14:53:15.429 INFORMACIÓN [main] org.apache.catalina.startup.VersionLoggerListener.log Versión de Systema Operativo:      10.0
01-Jul-2025 14:53:15.429 INFORMACIÓN [main] org.apache.catalina.startup.VersionLoggerListener.log Arquitectura:                      amd64
01-Jul-2025 14:53:15.429 INFORMACIÓN [main] org.apache.catalina.startup.VersionLoggerListener.log Java Home:                         C:\Program Files\Java\jdk-1.8\jre
01-Jul-2025 14:53:15.429 INFORMACIÓN [main] org.apache.catalina.startup.VersionLoggerListener.log JVM Version:                       1.8.0_381-b09
01-Jul-2025 14:53:15.429 INFORMACIÓN [main] org.apache.catalina.startup.VersionLoggerListener.log Vededor JVM:                       Oracle Corporation
01-Jul-2025 14:53:15.429 INFORMACIÓN [main] org.apache.catalina.startup.VersionLoggerListener.log CATALINA_BASE:                     C:\Users\Marlon\apache-tomcat-9.0.89
01-Jul-2025 14:53:15.429 INFORMACIÓN [main] org.apache.catalina.startup.VersionLoggerListener.log CATALINA_HOME:                     C:\Users\Marlon\apache-tomcat-9.0.89
01-Jul-2025 14:53:15.433 INFORMACIÓN [main] org.apache.catalina.startup.VersionLoggerListener.log Command line argument:             -Djava.util.logging.config.file=C:\Users\Marlon\apache-tomcat-9.0.89\conf\logging.properties
01-Jul-2025 14:53:15.433 INFORMACIÓN [main] org.apache.catalina.startup.VersionLoggerListener.log Command line argument:             -Djava.util.logging.manager=org.apache.juli.ClassLoaderLogManager
01-Jul-2025 14:53:15.433 INFORMACIÓN [main] org.apache.catalina.startup.VersionLoggerListener.log Command line argument:             -Djdk.tls.ephemeralDHKeySize=2048
01-Jul-2025 14:53:15.433 INFORMACIÓN [main] org.apache.catalina.startup.VersionLoggerListener.log Command line argument:             -Djava.protocol.handler.pkgs=org.apache.catalina.webresources
01-Jul-2025 14:53:15.433 INFORMACIÓN [main] org.apache.catalina.startup.VersionLoggerListener.log Command line argument:             -Dignore.endorsed.dirs=
01-Jul-2025 14:53:15.433 INFORMACIÓN [main] org.apache.catalina.startup.VersionLoggerListener.log Command line argument:             -Dcatalina.base=C:\Users\Marlon\apache-tomcat-9.0.89
01-Jul-2025 14:53:15.433 INFORMACIÓN [main] org.apache.catalina.startup.VersionLoggerListener.log Command line argument:             -Dcatalina.home=C:\Users\Marlon\apache-tomcat-9.0.89
01-Jul-2025 14:53:15.433 INFORMACIÓN [main] org.apache.catalina.startup.VersionLoggerListener.log Command line argument:             -Djava.io.tmpdir=C:\Users\Marlon\apache-tomcat-9.0.89\temp
01-Jul-2025 14:53:15.448 INFORMACIÓN [main] org.apache.catalina.core.AprLifecycleListener.lifecycleEvent Cargada la biblioteca nativa APR de Apache Tomcat [1.3.0] con la versión APR [1.7.4].
01-Jul-2025 14:53:15.448 INFORMACIÓN [main] org.apache.catalina.core.AprLifecycleListener.lifecycleEvent Capacidades APR: IPv6 [true], enviar fichero [true], aceptar filtros [false], aleatorio [true], UDS [true].
01-Jul-2025 14:53:15.448 INFORMACIÓN [main] org.apache.catalina.core.AprLifecycleListener.lifecycleEvent APR/OpenSSL configuration: useAprConnector [false], useOpenSSL [true]
01-Jul-2025 14:53:15.495 INFORMACIÓN [main] org.apache.catalina.core.AprLifecycleListener.initializeSSL OpenSSL inicializado correctamente [OpenSSL 3.0.13 30 Jan 2024]
01-Jul-2025 14:53:15.994 INFORMACIÓN [main] org.apache.coyote.AbstractProtocol.init Inicializando el manejador de protocolo ["http-nio-8080"]

01-Jul-2025 14:53:16.017 INFORMACIÓN [main] org.apache.catalina.startup.Catalina.load Server initialization in [843] milliseconds
01-Jul-2025 14:53:16.060 INFORMACIÓN [main] org.apache.catalina.core.StandardService.startInternal Arrancando servicio [Catalina]
01-Jul-2025 14:53:16.060 INFORMACIÓN [main] org.apache.catalina.core.StandardEngine.startInternal Starting Servlet engine: [Apache Tomcat/9.0.89]
01-Jul-2025 14:53:16.068 INFORMACIÓN [main] org.apache.catalina.startup.HostConfig.deployDescriptor Desplieque del descriptor de configuración [C:\Users\Marlon\apache-tomcat-9.0.89\conf\Catalina\localhost\Beyond.xml]
01-Jul-2025 14:53:16.085 ADVERTENCIA [main] org.apache.catalina.startup.HostConfig.deployDescriptor The path attribute with value [/Beyond] in deployment descriptor [C:\Users\Marlon\apache-tomcat-9.0.89\conf\Catalina\localhost\Beyond.xml] has been ignored
01-Jul-2025 14:53:16.112 GRAVE [main] org.apache.catalina.startup.HostConfig.deployDescriptor Error durante el despliegue del descriptor de configuración [C:\Users\Marlon\apache-tomcat-9.0.89\conf\Catalina\localhost\Beyond.xml]
	java.lang.IllegalStateException: Error starting child
		at org.apache.catalina.core.ContainerBase.addChildInternal(ContainerBase.java:602)
		at org.apache.catalina.core.ContainerBase.addChild(ContainerBase.java:571)
		at org.apache.catalina.core.StandardHost.addChild(StandardHost.java:603)
		at org.apache.catalina.startup.HostConfig.deployDescriptor(HostConfig.java:680)
		at org.apache.catalina.startup.HostConfig$DeployDescriptor.run(HostConfig.java:1844)
		at java.util.concurrent.Executors$RunnableAdapter.call(Executors.java:511)
		at java.util.concurrent.FutureTask.run(FutureTask.java:266)
		at org.apache.tomcat.util.threads.InlineExecutorService.execute(InlineExecutorService.java:75)
		at java.util.concurrent.AbstractExecutorService.submit(AbstractExecutorService.java:112)
		at org.apache.catalina.startup.HostConfig.deployDescriptors(HostConfig.java:575)
		at org.apache.catalina.startup.HostConfig.deployApps(HostConfig.java:466)
		at org.apache.catalina.startup.HostConfig.start(HostConfig.java:1584)
		at org.apache.catalina.startup.HostConfig.lifecycleEvent(HostConfig.java:312)
		at org.apache.catalina.util.LifecycleBase.fireLifecycleEvent(LifecycleBase.java:114)
		at org.apache.catalina.util.LifecycleBase.setStateInternal(LifecycleBase.java:402)
		at org.apache.catalina.util.LifecycleBase.setState(LifecycleBase.java:345)
		at org.apache.catalina.core.ContainerBase.startInternal(ContainerBase.java:776)
		at org.apache.catalina.core.StandardHost.startInternal(StandardHost.java:721)
		at org.apache.catalina.util.LifecycleBase.start(LifecycleBase.java:171)
		at org.apache.catalina.core.ContainerBase$StartChild.call(ContainerBase.java:1203)
		at org.apache.catalina.core.ContainerBase$StartChild.call(ContainerBase.java:1193)
		at java.util.concurrent.FutureTask.run(FutureTask.java:266)
		at org.apache.tomcat.util.threads.InlineExecutorService.execute(InlineExecutorService.java:75)
		at java.util.concurrent.AbstractExecutorService.submit(AbstractExecutorService.java:134)
		at org.apache.catalina.core.ContainerBase.startInternal(ContainerBase.java:749)
		at org.apache.catalina.core.StandardEngine.startInternal(StandardEngine.java:211)
		at org.apache.catalina.util.LifecycleBase.start(LifecycleBase.java:171)
		at org.apache.catalina.core.StandardService.startInternal(StandardService.java:415)
		at org.apache.catalina.util.LifecycleBase.start(LifecycleBase.java:171)
		at org.apache.catalina.core.StandardServer.startInternal(StandardServer.java:878)
		at org.apache.catalina.util.LifecycleBase.start(LifecycleBase.java:171)
		at org.apache.catalina.startup.Catalina.start(Catalina.java:735)
		at sun.reflect.NativeMethodAccessorImpl.invoke0(Native Method)
		at sun.reflect.NativeMethodAccessorImpl.invoke(NativeMethodAccessorImpl.java:62)
		at sun.reflect.DelegatingMethodAccessorImpl.invoke(DelegatingMethodAccessorImpl.java:43)
		at java.lang.reflect.Method.invoke(Method.java:498)
		at org.apache.catalina.startup.Bootstrap.start(Bootstrap.java:345)
		at org.apache.catalina.startup.Bootstrap.main(Bootstrap.java:473)
	Caused by: org.apache.catalina.LifecycleException: Failed to start component [org.apache.catalina.webresources.StandardRoot@69379752]
		at org.apache.catalina.util.LifecycleBase.handleSubClassException(LifecycleBase.java:419)
		at org.apache.catalina.util.LifecycleBase.start(LifecycleBase.java:186)
		at org.apache.catalina.core.StandardContext.resourcesStart(StandardContext.java:4120)
		at org.apache.catalina.core.StandardContext.startInternal(StandardContext.java:4242)
		at org.apache.catalina.util.LifecycleBase.start(LifecycleBase.java:171)
		at org.apache.catalina.core.ContainerBase.addChildInternal(ContainerBase.java:599)
		... 37 more
	Caused by: java.lang.IllegalArgumentException: The main resource set specified [F:\LDS - Final\Beyond\build\web] is not a directory or war file, or is not readable (it does not exist or permissions to access it are missing)
		at org.apache.catalina.webresources.StandardRoot.createMainResourceSet(StandardRoot.java:749)
		at org.apache.catalina.webresources.StandardRoot.startInternal(StandardRoot.java:707)
		at org.apache.catalina.util.LifecycleBase.start(LifecycleBase.java:171)
		... 41 more
01-Jul-2025 14:53:16.144 INFORMACIÓN [main] org.apache.catalina.startup.HostConfig.deployDescriptor Deployment of deployment descriptor [C:\Users\Marlon\apache-tomcat-9.0.89\conf\Catalina\localhost\Beyond.xml] has finished in [74] ms
01-Jul-2025 14:53:16.144 INFORMACIÓN [main] org.apache.catalina.startup.HostConfig.deployDescriptor Desplieque del descriptor de configuración [C:\Users\Marlon\apache-tomcat-9.0.89\conf\Catalina\localhost\PlantiSHOP.xml]
01-Jul-2025 14:53:16.146 ADVERTENCIA [main] org.apache.catalina.startup.HostConfig.deployDescriptor The path attribute with value [/PlantiSHOP] in deployment descriptor [C:\Users\Marlon\apache-tomcat-9.0.89\conf\Catalina\localhost\PlantiSHOP.xml] has been ignored
01-Jul-2025 14:53:17.012 INFORMACIÓN [main] org.apache.jasper.servlet.TldScanner.scanJars Al menos un JAR, que se ha explorado buscando TLDs, aún no contenía TLDs. Activar historial de depuración para este historiador para una completa lista de los JARs que fueron explorados y de los que nos se halló TLDs. Saltarse JARs no necesarios durante la exploración puede dar lugar a una mejora de tiempo significativa en el arranque y compilación de JSP .
01-Jul-2025 14:53:17.224 ADVERTENCIA [main] org.apache.catalina.util.SessionIdGeneratorBase.createSecureRandom Creation of SecureRandom instance for session ID generation using [SHA1PRNG] took [188] milliseconds.
01-Jul-2025 14:53:17.256 INFORMACIÓN [main] org.apache.catalina.startup.HostConfig.deployDescriptor Deployment of deployment descriptor [C:\Users\Marlon\apache-tomcat-9.0.89\conf\Catalina\localhost\PlantiSHOP.xml] has finished in [1.111] ms
01-Jul-2025 14:53:17.256 INFORMACIÓN [main] org.apache.catalina.startup.HostConfig.deployDescriptor Desplieque del descriptor de configuración [C:\Users\Marlon\apache-tomcat-9.0.89\conf\Catalina\localhost\WebApplication1.xml]
01-Jul-2025 14:53:17.256 ADVERTENCIA [main] org.apache.catalina.startup.HostConfig.deployDescriptor The path attribute with value [/WebApplication1] in deployment descriptor [C:\Users\Marlon\apache-tomcat-9.0.89\conf\Catalina\localhost\WebApplication1.xml] has been ignored
01-Jul-2025 14:53:17.262 GRAVE [main] org.apache.catalina.startup.HostConfig.deployDescriptor Error durante el despliegue del descriptor de configuración [C:\Users\Marlon\apache-tomcat-9.0.89\conf\Catalina\localhost\WebApplication1.xml]
	java.lang.IllegalStateException: Error starting child
		at org.apache.catalina.core.ContainerBase.addChildInternal(ContainerBase.java:602)
		at org.apache.catalina.core.ContainerBase.addChild(ContainerBase.java:571)
		at org.apache.catalina.core.StandardHost.addChild(StandardHost.java:603)
		at org.apache.catalina.startup.HostConfig.deployDescriptor(HostConfig.java:680)
		at org.apache.catalina.startup.HostConfig$DeployDescriptor.run(HostConfig.java:1844)
		at java.util.concurrent.Executors$RunnableAdapter.call(Executors.java:511)
		at java.util.concurrent.FutureTask.run(FutureTask.java:266)
		at org.apache.tomcat.util.threads.InlineExecutorService.execute(InlineExecutorService.java:75)
		at java.util.concurrent.AbstractExecutorService.submit(AbstractExecutorService.java:112)
		at org.apache.catalina.startup.HostConfig.deployDescriptors(HostConfig.java:575)
		at org.apache.catalina.startup.HostConfig.deployApps(HostConfig.java:466)
		at org.apache.catalina.startup.HostConfig.start(HostConfig.java:1584)
		at org.apache.catalina.startup.HostConfig.lifecycleEvent(HostConfig.java:312)
		at org.apache.catalina.util.LifecycleBase.fireLifecycleEvent(LifecycleBase.java:114)
		at org.apache.catalina.util.LifecycleBase.setStateInternal(LifecycleBase.java:402)
		at org.apache.catalina.util.LifecycleBase.setState(LifecycleBase.java:345)
		at org.apache.catalina.core.ContainerBase.startInternal(ContainerBase.java:776)
		at org.apache.catalina.core.StandardHost.startInternal(StandardHost.java:721)
		at org.apache.catalina.util.LifecycleBase.start(LifecycleBase.java:171)
		at org.apache.catalina.core.ContainerBase$StartChild.call(ContainerBase.java:1203)
		at org.apache.catalina.core.ContainerBase$StartChild.call(ContainerBase.java:1193)
		at java.util.concurrent.FutureTask.run(FutureTask.java:266)
		at org.apache.tomcat.util.threads.InlineExecutorService.execute(InlineExecutorService.java:75)
		at java.util.concurrent.AbstractExecutorService.submit(AbstractExecutorService.java:134)
		at org.apache.catalina.core.ContainerBase.startInternal(ContainerBase.java:749)
		at org.apache.catalina.core.StandardEngine.startInternal(StandardEngine.java:211)
		at org.apache.catalina.util.LifecycleBase.start(LifecycleBase.java:171)
		at org.apache.catalina.core.StandardService.startInternal(StandardService.java:415)
		at org.apache.catalina.util.LifecycleBase.start(LifecycleBase.java:171)
		at org.apache.catalina.core.StandardServer.startInternal(StandardServer.java:878)
		at org.apache.catalina.util.LifecycleBase.start(LifecycleBase.java:171)
		at org.apache.catalina.startup.Catalina.start(Catalina.java:735)
		at sun.reflect.NativeMethodAccessorImpl.invoke0(Native Method)
		at sun.reflect.NativeMethodAccessorImpl.invoke(NativeMethodAccessorImpl.java:62)
		at sun.reflect.DelegatingMethodAccessorImpl.invoke(DelegatingMethodAccessorImpl.java:43)
		at java.lang.reflect.Method.invoke(Method.java:498)
		at org.apache.catalina.startup.Bootstrap.start(Bootstrap.java:345)
		at org.apache.catalina.startup.Bootstrap.main(Bootstrap.java:473)
	Caused by: org.apache.catalina.LifecycleException: Failed to start component [org.apache.catalina.webresources.StandardRoot@6f3f0fae]
		at org.apache.catalina.util.LifecycleBase.handleSubClassException(LifecycleBase.java:419)
		at org.apache.catalina.util.LifecycleBase.start(LifecycleBase.java:186)
		at org.apache.catalina.core.StandardContext.resourcesStart(StandardContext.java:4120)
		at org.apache.catalina.core.StandardContext.startInternal(StandardContext.java:4242)
		at org.apache.catalina.util.LifecycleBase.start(LifecycleBase.java:171)
		at org.apache.catalina.core.ContainerBase.addChildInternal(ContainerBase.java:599)
		... 37 more
	Caused by: java.lang.IllegalArgumentException: The main resource set specified [C:\Users\Marlon\Documents\NetBeansProjects\WebApplication1\build\web] is not a directory or war file, or is not readable (it does not exist or permissions to access it are missing)
		at org.apache.catalina.webresources.StandardRoot.createMainResourceSet(StandardRoot.java:749)
		at org.apache.catalina.webresources.StandardRoot.startInternal(StandardRoot.java:707)
		at org.apache.catalina.util.LifecycleBase.start(LifecycleBase.java:171)
		... 41 more
01-Jul-2025 14:53:17.296 INFORMACIÓN [main] org.apache.catalina.startup.HostConfig.deployDescriptor Deployment of deployment descriptor [C:\Users\Marlon\apache-tomcat-9.0.89\conf\Catalina\localhost\WebApplication1.xml] has finished in [39] ms
01-Jul-2025 14:53:17.296 INFORMACIÓN [main] org.apache.catalina.startup.HostConfig.deployDirectory Desplegando el directorio [C:\Users\Marlon\apache-tomcat-9.0.89\webapps\docs] de la aplicación web
01-Jul-2025 14:53:17.334 INFORMACIÓN [main] org.apache.catalina.startup.HostConfig.deployDirectory Deployment of web application directory [C:\Users\Marlon\apache-tomcat-9.0.89\webapps\docs] has finished in [38] ms
01-Jul-2025 14:53:17.335 INFORMACIÓN [main] org.apache.catalina.startup.HostConfig.deployDirectory Desplegando el directorio [C:\Users\Marlon\apache-tomcat-9.0.89\webapps\examples] de la aplicación web
01-Jul-2025 14:53:17.759 INFORMACIÓN [main] org.apache.catalina.startup.HostConfig.deployDirectory Deployment of web application directory [C:\Users\Marlon\apache-tomcat-9.0.89\webapps\examples] has finished in [425] ms
01-Jul-2025 14:53:17.760 INFORMACIÓN [main] org.apache.catalina.startup.HostConfig.deployDirectory Desplegando el directorio [C:\Users\Marlon\apache-tomcat-9.0.89\webapps\host-manager] de la aplicación web
01-Jul-2025 14:53:17.789 INFORMACIÓN [main] org.apache.catalina.startup.HostConfig.deployDirectory Deployment of web application directory [C:\Users\Marlon\apache-tomcat-9.0.89\webapps\host-manager] has finished in [29] ms
01-Jul-2025 14:53:17.789 INFORMACIÓN [main] org.apache.catalina.startup.HostConfig.deployDirectory Desplegando el directorio [C:\Users\Marlon\apache-tomcat-9.0.89\webapps\manager] de la aplicación web
01-Jul-2025 14:53:17.818 INFORMACIÓN [main] org.apache.catalina.startup.HostConfig.deployDirectory Deployment of web application directory [C:\Users\Marlon\apache-tomcat-9.0.89\webapps\manager] has finished in [29] ms
01-Jul-2025 14:53:17.818 INFORMACIÓN [main] org.apache.catalina.startup.HostConfig.deployDirectory Desplegando el directorio [C:\Users\Marlon\apache-tomcat-9.0.89\webapps\ROOT] de la aplicación web
01-Jul-2025 14:53:17.843 INFORMACIÓN [main] org.apache.catalina.startup.HostConfig.deployDirectory Deployment of web application directory [C:\Users\Marlon\apache-tomcat-9.0.89\webapps\ROOT] has finished in [25] ms
01-Jul-2025 14:53:17.861 INFORMACIÓN [main] org.apache.coyote.AbstractProtocol.start Starting ProtocolHandler ["http-nio-8080"]
01-Jul-2025 14:53:17.881 INFORMACIÓN [main] org.apache.catalina.startup.Catalina.start Server startup in [1862] milliseconds
01-Jul-2025 14:53:18.509 INFORMACIÓN [http-nio-8080-exec-7] org.apache.catalina.startup.HostConfig.undeploy Repliegue (undeploy) de la aplicación web que tiene como trayectoria de contexto [/PlantiSHOP]
01-Jul-2025 14:53:18.556 INFORMACIÓN [http-nio-8080-exec-6] org.apache.catalina.startup.HostConfig.deployDescriptor Desplieque del descriptor de configuración [C:\Users\Marlon\apache-tomcat-9.0.89\conf\Catalina\localhost\PlantiSHOP.xml]
01-Jul-2025 14:53:18.557 ADVERTENCIA [http-nio-8080-exec-6] org.apache.catalina.startup.HostConfig.deployDescriptor The path attribute with value [/PlantiSHOP] in deployment descriptor [C:\Users\Marlon\apache-tomcat-9.0.89\conf\Catalina\localhost\PlantiSHOP.xml] has been ignored
01-Jul-2025 14:53:19.174 INFORMACIÓN [http-nio-8080-exec-6] org.apache.jasper.servlet.TldScanner.scanJars Al menos un JAR, que se ha explorado buscando TLDs, aún no contenía TLDs. Activar historial de depuración para este historiador para una completa lista de los JARs que fueron explorados y de los que nos se halló TLDs. Saltarse JARs no necesarios durante la exploración puede dar lugar a una mejora de tiempo significativa en el arranque y compilación de JSP .
01-Jul-2025 14:53:19.177 INFORMACIÓN [http-nio-8080-exec-6] org.apache.catalina.startup.HostConfig.deployDescriptor Deployment of deployment descriptor [C:\Users\Marlon\apache-tomcat-9.0.89\conf\Catalina\localhost\PlantiSHOP.xml] has finished in [621] ms
01-Jul-2025 14:53:19.180 INFORMACIÓN [http-nio-8080-exec-10] org.apache.catalina.util.LifecycleBase.start The start() method was called on component [StandardEngine[Catalina].StandardHost[localhost].StandardContext[/PlantiSHOP]] after start() had already been called. The second call will be ignored.
01-Jul-2025 15:42:58.951 INFORMACIÓN [main] org.apache.catalina.core.StandardServer.await Se ha recibido un comando de apagado a través del puerto de apagado. Parando la instancia del Servidor.
01-Jul-2025 15:42:58.952 INFORMACIÓN [main] org.apache.coyote.AbstractProtocol.pause Pausing ProtocolHandler ["http-nio-8080"]
01-Jul-2025 15:42:59.128 INFORMACIÓN [main] org.apache.catalina.core.StandardService.stopInternal Parando servicio [Catalina]
01-Jul-2025 15:42:59.149 ADVERTENCIA [main] org.apache.catalina.loader.WebappClassLoaderBase.clearReferencesJdbc La aplicación web [PlantiSHOP] registró el conductor JDBC [com.mysql.cj.jdbc.Driver] pero falló al anular el registro mientras la aplicación web estaba parada. Para prevenir un fallo de memoria, se ha anulado el registro del conductor JDBC por la fuerza.
01-Jul-2025 15:42:59.151 ADVERTENCIA [main] org.apache.catalina.loader.WebappClassLoaderBase.clearReferencesThreads The web application [PlantiSHOP] appears to have started a thread named [mysql-cj-abandoned-connection-cleanup] but has failed to stop it. This is very likely to create a memory leak. Stack trace of thread:
 java.lang.Object.wait(Native Method)
 java.lang.ref.ReferenceQueue.remove(ReferenceQueue.java:150)
 com.mysql.cj.jdbc.AbandonedConnectionCleanupThread.run(AbandonedConnectionCleanupThread.java:93)
 java.util.concurrent.ThreadPoolExecutor.runWorker(ThreadPoolExecutor.java:1149)
 java.util.concurrent.ThreadPoolExecutor$Worker.run(ThreadPoolExecutor.java:624)
 java.lang.Thread.run(Thread.java:750)
01-Jul-2025 15:42:59.158 INFORMACIÓN [main] org.apache.coyote.AbstractProtocol.stop Stopping ProtocolHandler ["http-nio-8080"]
01-Jul-2025 15:42:59.168 INFORMACIÓN [main] org.apache.coyote.AbstractProtocol.destroy Destroying ProtocolHandler ["http-nio-8080"]
01-Jul-2025 18:30:36.441 INFORMACIÓN [main] org.apache.catalina.startup.VersionLoggerListener.log Nombre de la versión del servidor: Apache Tomcat/9.0.89
01-Jul-2025 18:30:36.443 INFORMACIÓN [main] org.apache.catalina.startup.VersionLoggerListener.log Server built:                      May 3 2024 20:22:11 UTC
01-Jul-2025 18:30:36.443 INFORMACIÓN [main] org.apache.catalina.startup.VersionLoggerListener.log Número de versión de servidor:     9.0.89.0
01-Jul-2025 18:30:36.443 INFORMACIÓN [main] org.apache.catalina.startup.VersionLoggerListener.log OS Name:                           Windows 11
01-Jul-2025 18:30:36.443 INFORMACIÓN [main] org.apache.catalina.startup.VersionLoggerListener.log Versión de Systema Operativo:      10.0
01-Jul-2025 18:30:36.443 INFORMACIÓN [main] org.apache.catalina.startup.VersionLoggerListener.log Arquitectura:                      amd64
01-Jul-2025 18:30:36.443 INFORMACIÓN [main] org.apache.catalina.startup.VersionLoggerListener.log Java Home:                         C:\Program Files\Java\jdk-1.8\jre
01-Jul-2025 18:30:36.443 INFORMACIÓN [main] org.apache.catalina.startup.VersionLoggerListener.log JVM Version:                       1.8.0_381-b09
01-Jul-2025 18:30:36.443 INFORMACIÓN [main] org.apache.catalina.startup.VersionLoggerListener.log Vededor JVM:                       Oracle Corporation
01-Jul-2025 18:30:36.443 INFORMACIÓN [main] org.apache.catalina.startup.VersionLoggerListener.log CATALINA_BASE:                     C:\Users\Marlon\apache-tomcat-9.0.89
01-Jul-2025 18:30:36.443 INFORMACIÓN [main] org.apache.catalina.startup.VersionLoggerListener.log CATALINA_HOME:                     C:\Users\Marlon\apache-tomcat-9.0.89
01-Jul-2025 18:30:36.447 INFORMACIÓN [main] org.apache.catalina.startup.VersionLoggerListener.log Command line argument:             -Djava.util.logging.config.file=C:\Users\Marlon\apache-tomcat-9.0.89\conf\logging.properties
01-Jul-2025 18:30:36.447 INFORMACIÓN [main] org.apache.catalina.startup.VersionLoggerListener.log Command line argument:             -Djava.util.logging.manager=org.apache.juli.ClassLoaderLogManager
01-Jul-2025 18:30:36.447 INFORMACIÓN [main] org.apache.catalina.startup.VersionLoggerListener.log Command line argument:             -Djdk.tls.ephemeralDHKeySize=2048
01-Jul-2025 18:30:36.447 INFORMACIÓN [main] org.apache.catalina.startup.VersionLoggerListener.log Command line argument:             -Djava.protocol.handler.pkgs=org.apache.catalina.webresources
01-Jul-2025 18:30:36.447 INFORMACIÓN [main] org.apache.catalina.startup.VersionLoggerListener.log Command line argument:             -Dignore.endorsed.dirs=
01-Jul-2025 18:30:36.447 INFORMACIÓN [main] org.apache.catalina.startup.VersionLoggerListener.log Command line argument:             -Dcatalina.base=C:\Users\Marlon\apache-tomcat-9.0.89
01-Jul-2025 18:30:36.447 INFORMACIÓN [main] org.apache.catalina.startup.VersionLoggerListener.log Command line argument:             -Dcatalina.home=C:\Users\Marlon\apache-tomcat-9.0.89
01-Jul-2025 18:30:36.447 INFORMACIÓN [main] org.apache.catalina.startup.VersionLoggerListener.log Command line argument:             -Djava.io.tmpdir=C:\Users\Marlon\apache-tomcat-9.0.89\temp
01-Jul-2025 18:30:36.460 INFORMACIÓN [main] org.apache.catalina.core.AprLifecycleListener.lifecycleEvent Cargada la biblioteca nativa APR de Apache Tomcat [1.3.0] con la versión APR [1.7.4].
01-Jul-2025 18:30:36.460 INFORMACIÓN [main] org.apache.catalina.core.AprLifecycleListener.lifecycleEvent Capacidades APR: IPv6 [true], enviar fichero [true], aceptar filtros [false], aleatorio [true], UDS [true].
01-Jul-2025 18:30:36.460 INFORMACIÓN [main] org.apache.catalina.core.AprLifecycleListener.lifecycleEvent APR/OpenSSL configuration: useAprConnector [false], useOpenSSL [true]
01-Jul-2025 18:30:36.503 INFORMACIÓN [main] org.apache.catalina.core.AprLifecycleListener.initializeSSL OpenSSL inicializado correctamente [OpenSSL 3.0.13 30 Jan 2024]
01-Jul-2025 18:30:36.952 INFORMACIÓN [main] org.apache.coyote.AbstractProtocol.init Inicializando el manejador de protocolo ["http-nio-8080"]

01-Jul-2025 18:30:36.992 INFORMACIÓN [main] org.apache.catalina.startup.Catalina.load Server initialization in [791] milliseconds
01-Jul-2025 18:30:37.034 INFORMACIÓN [main] org.apache.catalina.core.StandardService.startInternal Arrancando servicio [Catalina]
01-Jul-2025 18:30:37.035 INFORMACIÓN [main] org.apache.catalina.core.StandardEngine.startInternal Starting Servlet engine: [Apache Tomcat/9.0.89]
01-Jul-2025 18:30:37.042 INFORMACIÓN [main] org.apache.catalina.startup.HostConfig.deployDescriptor Desplieque del descriptor de configuración [C:\Users\Marlon\apache-tomcat-9.0.89\conf\Catalina\localhost\Beyond.xml]
01-Jul-2025 18:30:37.068 ADVERTENCIA [main] org.apache.catalina.startup.HostConfig.deployDescriptor The path attribute with value [/Beyond] in deployment descriptor [C:\Users\Marlon\apache-tomcat-9.0.89\conf\Catalina\localhost\Beyond.xml] has been ignored
01-Jul-2025 18:30:37.090 GRAVE [main] org.apache.catalina.startup.HostConfig.deployDescriptor Error durante el despliegue del descriptor de configuración [C:\Users\Marlon\apache-tomcat-9.0.89\conf\Catalina\localhost\Beyond.xml]
	java.lang.IllegalStateException: Error starting child
		at org.apache.catalina.core.ContainerBase.addChildInternal(ContainerBase.java:602)
		at org.apache.catalina.core.ContainerBase.addChild(ContainerBase.java:571)
		at org.apache.catalina.core.StandardHost.addChild(StandardHost.java:603)
		at org.apache.catalina.startup.HostConfig.deployDescriptor(HostConfig.java:680)
		at org.apache.catalina.startup.HostConfig$DeployDescriptor.run(HostConfig.java:1844)
		at java.util.concurrent.Executors$RunnableAdapter.call(Executors.java:511)
		at java.util.concurrent.FutureTask.run(FutureTask.java:266)
		at org.apache.tomcat.util.threads.InlineExecutorService.execute(InlineExecutorService.java:75)
		at java.util.concurrent.AbstractExecutorService.submit(AbstractExecutorService.java:112)
		at org.apache.catalina.startup.HostConfig.deployDescriptors(HostConfig.java:575)
		at org.apache.catalina.startup.HostConfig.deployApps(HostConfig.java:466)
		at org.apache.catalina.startup.HostConfig.start(HostConfig.java:1584)
		at org.apache.catalina.startup.HostConfig.lifecycleEvent(HostConfig.java:312)
		at org.apache.catalina.util.LifecycleBase.fireLifecycleEvent(LifecycleBase.java:114)
		at org.apache.catalina.util.LifecycleBase.setStateInternal(LifecycleBase.java:402)
		at org.apache.catalina.util.LifecycleBase.setState(LifecycleBase.java:345)
		at org.apache.catalina.core.ContainerBase.startInternal(ContainerBase.java:776)
		at org.apache.catalina.core.StandardHost.startInternal(StandardHost.java:721)
		at org.apache.catalina.util.LifecycleBase.start(LifecycleBase.java:171)
		at org.apache.catalina.core.ContainerBase$StartChild.call(ContainerBase.java:1203)
		at org.apache.catalina.core.ContainerBase$StartChild.call(ContainerBase.java:1193)
		at java.util.concurrent.FutureTask.run(FutureTask.java:266)
		at org.apache.tomcat.util.threads.InlineExecutorService.execute(InlineExecutorService.java:75)
		at java.util.concurrent.AbstractExecutorService.submit(AbstractExecutorService.java:134)
		at org.apache.catalina.core.ContainerBase.startInternal(ContainerBase.java:749)
		at org.apache.catalina.core.StandardEngine.startInternal(StandardEngine.java:211)
		at org.apache.catalina.util.LifecycleBase.start(LifecycleBase.java:171)
		at org.apache.catalina.core.StandardService.startInternal(StandardService.java:415)
		at org.apache.catalina.util.LifecycleBase.start(LifecycleBase.java:171)
		at org.apache.catalina.core.StandardServer.startInternal(StandardServer.java:878)
		at org.apache.catalina.util.LifecycleBase.start(LifecycleBase.java:171)
		at org.apache.catalina.startup.Catalina.start(Catalina.java:735)
		at sun.reflect.NativeMethodAccessorImpl.invoke0(Native Method)
		at sun.reflect.NativeMethodAccessorImpl.invoke(NativeMethodAccessorImpl.java:62)
		at sun.reflect.DelegatingMethodAccessorImpl.invoke(DelegatingMethodAccessorImpl.java:43)
		at java.lang.reflect.Method.invoke(Method.java:498)
		at org.apache.catalina.startup.Bootstrap.start(Bootstrap.java:345)
		at org.apache.catalina.startup.Bootstrap.main(Bootstrap.java:473)
	Caused by: org.apache.catalina.LifecycleException: Failed to start component [org.apache.catalina.webresources.StandardRoot@69379752]
		at org.apache.catalina.util.LifecycleBase.handleSubClassException(LifecycleBase.java:419)
		at org.apache.catalina.util.LifecycleBase.start(LifecycleBase.java:186)
		at org.apache.catalina.core.StandardContext.resourcesStart(StandardContext.java:4120)
		at org.apache.catalina.core.StandardContext.startInternal(StandardContext.java:4242)
		at org.apache.catalina.util.LifecycleBase.start(LifecycleBase.java:171)
		at org.apache.catalina.core.ContainerBase.addChildInternal(ContainerBase.java:599)
		... 37 more
	Caused by: java.lang.IllegalArgumentException: The main resource set specified [F:\LDS - Final\Beyond\build\web] is not a directory or war file, or is not readable (it does not exist or permissions to access it are missing)
		at org.apache.catalina.webresources.StandardRoot.createMainResourceSet(StandardRoot.java:749)
		at org.apache.catalina.webresources.StandardRoot.startInternal(StandardRoot.java:707)
		at org.apache.catalina.util.LifecycleBase.start(LifecycleBase.java:171)
		... 41 more
01-Jul-2025 18:30:37.110 INFORMACIÓN [main] org.apache.catalina.startup.HostConfig.deployDescriptor Deployment of deployment descriptor [C:\Users\Marlon\apache-tomcat-9.0.89\conf\Catalina\localhost\Beyond.xml] has finished in [66] ms
01-Jul-2025 18:30:37.110 INFORMACIÓN [main] org.apache.catalina.startup.HostConfig.deployDescriptor Desplieque del descriptor de configuración [C:\Users\Marlon\apache-tomcat-9.0.89\conf\Catalina\localhost\PlantiSHOP.xml]
01-Jul-2025 18:30:37.112 ADVERTENCIA [main] org.apache.catalina.startup.HostConfig.deployDescriptor The path attribute with value [/PlantiSHOP] in deployment descriptor [C:\Users\Marlon\apache-tomcat-9.0.89\conf\Catalina\localhost\PlantiSHOP.xml] has been ignored
01-Jul-2025 18:30:37.958 INFORMACIÓN [main] org.apache.jasper.servlet.TldScanner.scanJars Al menos un JAR, que se ha explorado buscando TLDs, aún no contenía TLDs. Activar historial de depuración para este historiador para una completa lista de los JARs que fueron explorados y de los que nos se halló TLDs. Saltarse JARs no necesarios durante la exploración puede dar lugar a una mejora de tiempo significativa en el arranque y compilación de JSP .
01-Jul-2025 18:30:38.162 ADVERTENCIA [main] org.apache.catalina.util.SessionIdGeneratorBase.createSecureRandom Creation of SecureRandom instance for session ID generation using [SHA1PRNG] took [179] milliseconds.
01-Jul-2025 18:30:38.193 INFORMACIÓN [main] org.apache.catalina.startup.HostConfig.deployDescriptor Deployment of deployment descriptor [C:\Users\Marlon\apache-tomcat-9.0.89\conf\Catalina\localhost\PlantiSHOP.xml] has finished in [1.083] ms
01-Jul-2025 18:30:38.194 INFORMACIÓN [main] org.apache.catalina.startup.HostConfig.deployDescriptor Desplieque del descriptor de configuración [C:\Users\Marlon\apache-tomcat-9.0.89\conf\Catalina\localhost\WebApplication1.xml]
01-Jul-2025 18:30:38.194 ADVERTENCIA [main] org.apache.catalina.startup.HostConfig.deployDescriptor The path attribute with value [/WebApplication1] in deployment descriptor [C:\Users\Marlon\apache-tomcat-9.0.89\conf\Catalina\localhost\WebApplication1.xml] has been ignored
01-Jul-2025 18:30:38.202 GRAVE [main] org.apache.catalina.startup.HostConfig.deployDescriptor Error durante el despliegue del descriptor de configuración [C:\Users\Marlon\apache-tomcat-9.0.89\conf\Catalina\localhost\WebApplication1.xml]
	java.lang.IllegalStateException: Error starting child
		at org.apache.catalina.core.ContainerBase.addChildInternal(ContainerBase.java:602)
		at org.apache.catalina.core.ContainerBase.addChild(ContainerBase.java:571)
		at org.apache.catalina.core.StandardHost.addChild(StandardHost.java:603)
		at org.apache.catalina.startup.HostConfig.deployDescriptor(HostConfig.java:680)
		at org.apache.catalina.startup.HostConfig$DeployDescriptor.run(HostConfig.java:1844)
		at java.util.concurrent.Executors$RunnableAdapter.call(Executors.java:511)
		at java.util.concurrent.FutureTask.run(FutureTask.java:266)
		at org.apache.tomcat.util.threads.InlineExecutorService.execute(InlineExecutorService.java:75)
		at java.util.concurrent.AbstractExecutorService.submit(AbstractExecutorService.java:112)
		at org.apache.catalina.startup.HostConfig.deployDescriptors(HostConfig.java:575)
		at org.apache.catalina.startup.HostConfig.deployApps(HostConfig.java:466)
		at org.apache.catalina.startup.HostConfig.start(HostConfig.java:1584)
		at org.apache.catalina.startup.HostConfig.lifecycleEvent(HostConfig.java:312)
		at org.apache.catalina.util.LifecycleBase.fireLifecycleEvent(LifecycleBase.java:114)
		at org.apache.catalina.util.LifecycleBase.setStateInternal(LifecycleBase.java:402)
		at org.apache.catalina.util.LifecycleBase.setState(LifecycleBase.java:345)
		at org.apache.catalina.core.ContainerBase.startInternal(ContainerBase.java:776)
		at org.apache.catalina.core.StandardHost.startInternal(StandardHost.java:721)
		at org.apache.catalina.util.LifecycleBase.start(LifecycleBase.java:171)
		at org.apache.catalina.core.ContainerBase$StartChild.call(ContainerBase.java:1203)
		at org.apache.catalina.core.ContainerBase$StartChild.call(ContainerBase.java:1193)
		at java.util.concurrent.FutureTask.run(FutureTask.java:266)
		at org.apache.tomcat.util.threads.InlineExecutorService.execute(InlineExecutorService.java:75)
		at java.util.concurrent.AbstractExecutorService.submit(AbstractExecutorService.java:134)
		at org.apache.catalina.core.ContainerBase.startInternal(ContainerBase.java:749)
		at org.apache.catalina.core.StandardEngine.startInternal(StandardEngine.java:211)
		at org.apache.catalina.util.LifecycleBase.start(LifecycleBase.java:171)
		at org.apache.catalina.core.StandardService.startInternal(StandardService.java:415)
		at org.apache.catalina.util.LifecycleBase.start(LifecycleBase.java:171)
		at org.apache.catalina.core.StandardServer.startInternal(StandardServer.java:878)
		at org.apache.catalina.util.LifecycleBase.start(LifecycleBase.java:171)
		at org.apache.catalina.startup.Catalina.start(Catalina.java:735)
		at sun.reflect.NativeMethodAccessorImpl.invoke0(Native Method)
		at sun.reflect.NativeMethodAccessorImpl.invoke(NativeMethodAccessorImpl.java:62)
		at sun.reflect.DelegatingMethodAccessorImpl.invoke(DelegatingMethodAccessorImpl.java:43)
		at java.lang.reflect.Method.invoke(Method.java:498)
		at org.apache.catalina.startup.Bootstrap.start(Bootstrap.java:345)
		at org.apache.catalina.startup.Bootstrap.main(Bootstrap.java:473)
	Caused by: org.apache.catalina.LifecycleException: Failed to start component [org.apache.catalina.webresources.StandardRoot@6f3f0fae]
		at org.apache.catalina.util.LifecycleBase.handleSubClassException(LifecycleBase.java:419)
		at org.apache.catalina.util.LifecycleBase.start(LifecycleBase.java:186)
		at org.apache.catalina.core.StandardContext.resourcesStart(StandardContext.java:4120)
		at org.apache.catalina.core.StandardContext.startInternal(StandardContext.java:4242)
		at org.apache.catalina.util.LifecycleBase.start(LifecycleBase.java:171)
		at org.apache.catalina.core.ContainerBase.addChildInternal(ContainerBase.java:599)
		... 37 more
	Caused by: java.lang.IllegalArgumentException: The main resource set specified [C:\Users\Marlon\Documents\NetBeansProjects\WebApplication1\build\web] is not a directory or war file, or is not readable (it does not exist or permissions to access it are missing)
		at org.apache.catalina.webresources.StandardRoot.createMainResourceSet(StandardRoot.java:749)
		at org.apache.catalina.webresources.StandardRoot.startInternal(StandardRoot.java:707)
		at org.apache.catalina.util.LifecycleBase.start(LifecycleBase.java:171)
		... 41 more
01-Jul-2025 18:30:38.258 INFORMACIÓN [main] org.apache.catalina.startup.HostConfig.deployDescriptor Deployment of deployment descriptor [C:\Users\Marlon\apache-tomcat-9.0.89\conf\Catalina\localhost\WebApplication1.xml] has finished in [64] ms
01-Jul-2025 18:30:38.259 INFORMACIÓN [main] org.apache.catalina.startup.HostConfig.deployDirectory Desplegando el directorio [C:\Users\Marlon\apache-tomcat-9.0.89\webapps\docs] de la aplicación web
01-Jul-2025 18:30:38.297 INFORMACIÓN [main] org.apache.catalina.startup.HostConfig.deployDirectory Deployment of web application directory [C:\Users\Marlon\apache-tomcat-9.0.89\webapps\docs] has finished in [38] ms
01-Jul-2025 18:30:38.297 INFORMACIÓN [main] org.apache.catalina.startup.HostConfig.deployDirectory Desplegando el directorio [C:\Users\Marlon\apache-tomcat-9.0.89\webapps\examples] de la aplicación web
01-Jul-2025 18:30:38.740 INFORMACIÓN [main] org.apache.catalina.startup.HostConfig.deployDirectory Deployment of web application directory [C:\Users\Marlon\apache-tomcat-9.0.89\webapps\examples] has finished in [443] ms
01-Jul-2025 18:30:38.740 INFORMACIÓN [main] org.apache.catalina.startup.HostConfig.deployDirectory Desplegando el directorio [C:\Users\Marlon\apache-tomcat-9.0.89\webapps\host-manager] de la aplicación web
01-Jul-2025 18:30:38.771 INFORMACIÓN [main] org.apache.catalina.startup.HostConfig.deployDirectory Deployment of web application directory [C:\Users\Marlon\apache-tomcat-9.0.89\webapps\host-manager] has finished in [30] ms
01-Jul-2025 18:30:38.771 INFORMACIÓN [main] org.apache.catalina.startup.HostConfig.deployDirectory Desplegando el directorio [C:\Users\Marlon\apache-tomcat-9.0.89\webapps\manager] de la aplicación web
01-Jul-2025 18:30:38.803 INFORMACIÓN [main] org.apache.catalina.startup.HostConfig.deployDirectory Deployment of web application directory [C:\Users\Marlon\apache-tomcat-9.0.89\webapps\manager] has finished in [32] ms
01-Jul-2025 18:30:38.803 INFORMACIÓN [main] org.apache.catalina.startup.HostConfig.deployDirectory Desplegando el directorio [C:\Users\Marlon\apache-tomcat-9.0.89\webapps\ROOT] de la aplicación web
01-Jul-2025 18:30:38.825 INFORMACIÓN [main] org.apache.catalina.startup.HostConfig.deployDirectory Deployment of web application directory [C:\Users\Marlon\apache-tomcat-9.0.89\webapps\ROOT] has finished in [21] ms
01-Jul-2025 18:30:38.838 INFORMACIÓN [main] org.apache.coyote.AbstractProtocol.start Starting ProtocolHandler ["http-nio-8080"]
01-Jul-2025 18:30:38.857 INFORMACIÓN [main] org.apache.catalina.startup.Catalina.start Server startup in [1864] milliseconds
01-Jul-2025 18:30:39.488 INFORMACIÓN [http-nio-8080-exec-7] org.apache.catalina.startup.HostConfig.undeploy Repliegue (undeploy) de la aplicación web que tiene como trayectoria de contexto [/PlantiSHOP]
01-Jul-2025 18:30:39.564 INFORMACIÓN [http-nio-8080-exec-1] org.apache.catalina.startup.HostConfig.deployDescriptor Desplieque del descriptor de configuración [C:\Users\Marlon\apache-tomcat-9.0.89\conf\Catalina\localhost\PlantiSHOP.xml]
01-Jul-2025 18:30:39.566 ADVERTENCIA [http-nio-8080-exec-1] org.apache.catalina.startup.HostConfig.deployDescriptor The path attribute with value [/PlantiSHOP] in deployment descriptor [C:\Users\Marlon\apache-tomcat-9.0.89\conf\Catalina\localhost\PlantiSHOP.xml] has been ignored
01-Jul-2025 18:30:40.199 INFORMACIÓN [http-nio-8080-exec-1] org.apache.jasper.servlet.TldScanner.scanJars Al menos un JAR, que se ha explorado buscando TLDs, aún no contenía TLDs. Activar historial de depuración para este historiador para una completa lista de los JARs que fueron explorados y de los que nos se halló TLDs. Saltarse JARs no necesarios durante la exploración puede dar lugar a una mejora de tiempo significativa en el arranque y compilación de JSP .
01-Jul-2025 18:30:40.203 INFORMACIÓN [http-nio-8080-exec-1] org.apache.catalina.startup.HostConfig.deployDescriptor Deployment of deployment descriptor [C:\Users\Marlon\apache-tomcat-9.0.89\conf\Catalina\localhost\PlantiSHOP.xml] has finished in [639] ms
01-Jul-2025 18:30:40.206 INFORMACIÓN [http-nio-8080-exec-5] org.apache.catalina.util.LifecycleBase.start The start() method was called on component [StandardEngine[Catalina].StandardHost[localhost].StandardContext[/PlantiSHOP]] after start() had already been called. The second call will be ignored.
01-Jul-2025 19:06:25.967 INFORMACIÓN [main] org.apache.catalina.core.StandardServer.await Se ha recibido un comando de apagado a través del puerto de apagado. Parando la instancia del Servidor.
01-Jul-2025 19:06:25.967 INFORMACIÓN [main] org.apache.coyote.AbstractProtocol.pause Pausing ProtocolHandler ["http-nio-8080"]
01-Jul-2025 19:06:26.139 INFORMACIÓN [main] org.apache.catalina.core.StandardService.stopInternal Parando servicio [Catalina]
01-Jul-2025 19:06:26.159 ADVERTENCIA [main] org.apache.catalina.loader.WebappClassLoaderBase.clearReferencesJdbc La aplicación web [PlantiSHOP] registró el conductor JDBC [com.mysql.cj.jdbc.Driver] pero falló al anular el registro mientras la aplicación web estaba parada. Para prevenir un fallo de memoria, se ha anulado el registro del conductor JDBC por la fuerza.
01-Jul-2025 19:06:26.159 ADVERTENCIA [main] org.apache.catalina.loader.WebappClassLoaderBase.clearReferencesThreads The web application [PlantiSHOP] appears to have started a thread named [mysql-cj-abandoned-connection-cleanup] but has failed to stop it. This is very likely to create a memory leak. Stack trace of thread:
 java.lang.Object.wait(Native Method)
 java.lang.ref.ReferenceQueue.remove(ReferenceQueue.java:150)
 com.mysql.cj.jdbc.AbandonedConnectionCleanupThread.run(AbandonedConnectionCleanupThread.java:93)
 java.util.concurrent.ThreadPoolExecutor.runWorker(ThreadPoolExecutor.java:1149)
 java.util.concurrent.ThreadPoolExecutor$Worker.run(ThreadPoolExecutor.java:624)
 java.lang.Thread.run(Thread.java:750)
01-Jul-2025 19:06:26.166 INFORMACIÓN [main] org.apache.coyote.AbstractProtocol.stop Stopping ProtocolHandler ["http-nio-8080"]
01-Jul-2025 19:06:26.179 INFORMACIÓN [main] org.apache.coyote.AbstractProtocol.destroy Destroying ProtocolHandler ["http-nio-8080"]
01-Jul-2025 21:03:24.611 INFORMACIÓN [main] org.apache.catalina.startup.VersionLoggerListener.log Nombre de la versión del servidor: Apache Tomcat/9.0.89
01-Jul-2025 21:03:24.615 INFORMACIÓN [main] org.apache.catalina.startup.VersionLoggerListener.log Server built:                      May 3 2024 20:22:11 UTC
01-Jul-2025 21:03:24.615 INFORMACIÓN [main] org.apache.catalina.startup.VersionLoggerListener.log Número de versión de servidor:     9.0.89.0
01-Jul-2025 21:03:24.615 INFORMACIÓN [main] org.apache.catalina.startup.VersionLoggerListener.log OS Name:                           Windows 11
01-Jul-2025 21:03:24.615 INFORMACIÓN [main] org.apache.catalina.startup.VersionLoggerListener.log Versión de Systema Operativo:      10.0
01-Jul-2025 21:03:24.615 INFORMACIÓN [main] org.apache.catalina.startup.VersionLoggerListener.log Arquitectura:                      amd64
01-Jul-2025 21:03:24.615 INFORMACIÓN [main] org.apache.catalina.startup.VersionLoggerListener.log Java Home:                         C:\Program Files\Java\jdk-1.8\jre
01-Jul-2025 21:03:24.615 INFORMACIÓN [main] org.apache.catalina.startup.VersionLoggerListener.log JVM Version:                       1.8.0_381-b09
01-Jul-2025 21:03:24.615 INFORMACIÓN [main] org.apache.catalina.startup.VersionLoggerListener.log Vededor JVM:                       Oracle Corporation
01-Jul-2025 21:03:24.615 INFORMACIÓN [main] org.apache.catalina.startup.VersionLoggerListener.log CATALINA_BASE:                     C:\Users\Marlon\apache-tomcat-9.0.89
01-Jul-2025 21:03:24.615 INFORMACIÓN [main] org.apache.catalina.startup.VersionLoggerListener.log CATALINA_HOME:                     C:\Users\Marlon\apache-tomcat-9.0.89
01-Jul-2025 21:03:24.618 INFORMACIÓN [main] org.apache.catalina.startup.VersionLoggerListener.log Command line argument:             -Djava.util.logging.config.file=C:\Users\Marlon\apache-tomcat-9.0.89\conf\logging.properties
01-Jul-2025 21:03:24.618 INFORMACIÓN [main] org.apache.catalina.startup.VersionLoggerListener.log Command line argument:             -Djava.util.logging.manager=org.apache.juli.ClassLoaderLogManager
01-Jul-2025 21:03:24.618 INFORMACIÓN [main] org.apache.catalina.startup.VersionLoggerListener.log Command line argument:             -Djdk.tls.ephemeralDHKeySize=2048
01-Jul-2025 21:03:24.618 INFORMACIÓN [main] org.apache.catalina.startup.VersionLoggerListener.log Command line argument:             -Djava.protocol.handler.pkgs=org.apache.catalina.webresources
01-Jul-2025 21:03:24.618 INFORMACIÓN [main] org.apache.catalina.startup.VersionLoggerListener.log Command line argument:             -Dignore.endorsed.dirs=
01-Jul-2025 21:03:24.619 INFORMACIÓN [main] org.apache.catalina.startup.VersionLoggerListener.log Command line argument:             -Dcatalina.base=C:\Users\Marlon\apache-tomcat-9.0.89
01-Jul-2025 21:03:24.619 INFORMACIÓN [main] org.apache.catalina.startup.VersionLoggerListener.log Command line argument:             -Dcatalina.home=C:\Users\Marlon\apache-tomcat-9.0.89
01-Jul-2025 21:03:24.619 INFORMACIÓN [main] org.apache.catalina.startup.VersionLoggerListener.log Command line argument:             -Djava.io.tmpdir=C:\Users\Marlon\apache-tomcat-9.0.89\temp
01-Jul-2025 21:03:24.636 INFORMACIÓN [main] org.apache.catalina.core.AprLifecycleListener.lifecycleEvent Cargada la biblioteca nativa APR de Apache Tomcat [1.3.0] con la versión APR [1.7.4].
01-Jul-2025 21:03:24.636 INFORMACIÓN [main] org.apache.catalina.core.AprLifecycleListener.lifecycleEvent Capacidades APR: IPv6 [true], enviar fichero [true], aceptar filtros [false], aleatorio [true], UDS [true].
01-Jul-2025 21:03:24.636 INFORMACIÓN [main] org.apache.catalina.core.AprLifecycleListener.lifecycleEvent APR/OpenSSL configuration: useAprConnector [false], useOpenSSL [true]
01-Jul-2025 21:03:24.681 INFORMACIÓN [main] org.apache.catalina.core.AprLifecycleListener.initializeSSL OpenSSL inicializado correctamente [OpenSSL 3.0.13 30 Jan 2024]
01-Jul-2025 21:03:25.117 INFORMACIÓN [main] org.apache.coyote.AbstractProtocol.init Inicializando el manejador de protocolo ["http-nio-8080"]

01-Jul-2025 21:03:25.146 INFORMACIÓN [main] org.apache.catalina.startup.Catalina.load Server initialization in [745] milliseconds
01-Jul-2025 21:03:25.188 INFORMACIÓN [main] org.apache.catalina.core.StandardService.startInternal Arrancando servicio [Catalina]
01-Jul-2025 21:03:25.189 INFORMACIÓN [main] org.apache.catalina.core.StandardEngine.startInternal Starting Servlet engine: [Apache Tomcat/9.0.89]
01-Jul-2025 21:03:25.196 INFORMACIÓN [main] org.apache.catalina.startup.HostConfig.deployDescriptor Desplieque del descriptor de configuración [C:\Users\Marlon\apache-tomcat-9.0.89\conf\Catalina\localhost\Beyond.xml]
01-Jul-2025 21:03:25.220 ADVERTENCIA [main] org.apache.catalina.startup.HostConfig.deployDescriptor The path attribute with value [/Beyond] in deployment descriptor [C:\Users\Marlon\apache-tomcat-9.0.89\conf\Catalina\localhost\Beyond.xml] has been ignored
01-Jul-2025 21:03:25.246 GRAVE [main] org.apache.catalina.startup.HostConfig.deployDescriptor Error durante el despliegue del descriptor de configuración [C:\Users\Marlon\apache-tomcat-9.0.89\conf\Catalina\localhost\Beyond.xml]
	java.lang.IllegalStateException: Error starting child
		at org.apache.catalina.core.ContainerBase.addChildInternal(ContainerBase.java:602)
		at org.apache.catalina.core.ContainerBase.addChild(ContainerBase.java:571)
		at org.apache.catalina.core.StandardHost.addChild(StandardHost.java:603)
		at org.apache.catalina.startup.HostConfig.deployDescriptor(HostConfig.java:680)
		at org.apache.catalina.startup.HostConfig$DeployDescriptor.run(HostConfig.java:1844)
		at java.util.concurrent.Executors$RunnableAdapter.call(Executors.java:511)
		at java.util.concurrent.FutureTask.run(FutureTask.java:266)
		at org.apache.tomcat.util.threads.InlineExecutorService.execute(InlineExecutorService.java:75)
		at java.util.concurrent.AbstractExecutorService.submit(AbstractExecutorService.java:112)
		at org.apache.catalina.startup.HostConfig.deployDescriptors(HostConfig.java:575)
		at org.apache.catalina.startup.HostConfig.deployApps(HostConfig.java:466)
		at org.apache.catalina.startup.HostConfig.start(HostConfig.java:1584)
		at org.apache.catalina.startup.HostConfig.lifecycleEvent(HostConfig.java:312)
		at org.apache.catalina.util.LifecycleBase.fireLifecycleEvent(LifecycleBase.java:114)
		at org.apache.catalina.util.LifecycleBase.setStateInternal(LifecycleBase.java:402)
		at org.apache.catalina.util.LifecycleBase.setState(LifecycleBase.java:345)
		at org.apache.catalina.core.ContainerBase.startInternal(ContainerBase.java:776)
		at org.apache.catalina.core.StandardHost.startInternal(StandardHost.java:721)
		at org.apache.catalina.util.LifecycleBase.start(LifecycleBase.java:171)
		at org.apache.catalina.core.ContainerBase$StartChild.call(ContainerBase.java:1203)
		at org.apache.catalina.core.ContainerBase$StartChild.call(ContainerBase.java:1193)
		at java.util.concurrent.FutureTask.run(FutureTask.java:266)
		at org.apache.tomcat.util.threads.InlineExecutorService.execute(InlineExecutorService.java:75)
		at java.util.concurrent.AbstractExecutorService.submit(AbstractExecutorService.java:134)
		at org.apache.catalina.core.ContainerBase.startInternal(ContainerBase.java:749)
		at org.apache.catalina.core.StandardEngine.startInternal(StandardEngine.java:211)
		at org.apache.catalina.util.LifecycleBase.start(LifecycleBase.java:171)
		at org.apache.catalina.core.StandardService.startInternal(StandardService.java:415)
		at org.apache.catalina.util.LifecycleBase.start(LifecycleBase.java:171)
		at org.apache.catalina.core.StandardServer.startInternal(StandardServer.java:878)
		at org.apache.catalina.util.LifecycleBase.start(LifecycleBase.java:171)
		at org.apache.catalina.startup.Catalina.start(Catalina.java:735)
		at sun.reflect.NativeMethodAccessorImpl.invoke0(Native Method)
		at sun.reflect.NativeMethodAccessorImpl.invoke(NativeMethodAccessorImpl.java:62)
		at sun.reflect.DelegatingMethodAccessorImpl.invoke(DelegatingMethodAccessorImpl.java:43)
		at java.lang.reflect.Method.invoke(Method.java:498)
		at org.apache.catalina.startup.Bootstrap.start(Bootstrap.java:345)
		at org.apache.catalina.startup.Bootstrap.main(Bootstrap.java:473)
	Caused by: org.apache.catalina.LifecycleException: Failed to start component [org.apache.catalina.webresources.StandardRoot@69379752]
		at org.apache.catalina.util.LifecycleBase.handleSubClassException(LifecycleBase.java:419)
		at org.apache.catalina.util.LifecycleBase.start(LifecycleBase.java:186)
		at org.apache.catalina.core.StandardContext.resourcesStart(StandardContext.java:4120)
		at org.apache.catalina.core.StandardContext.startInternal(StandardContext.java:4242)
		at org.apache.catalina.util.LifecycleBase.start(LifecycleBase.java:171)
		at org.apache.catalina.core.ContainerBase.addChildInternal(ContainerBase.java:599)
		... 37 more
	Caused by: java.lang.IllegalArgumentException: The main resource set specified [F:\LDS - Final\Beyond\build\web] is not a directory or war file, or is not readable (it does not exist or permissions to access it are missing)
		at org.apache.catalina.webresources.StandardRoot.createMainResourceSet(StandardRoot.java:749)
		at org.apache.catalina.webresources.StandardRoot.startInternal(StandardRoot.java:707)
		at org.apache.catalina.util.LifecycleBase.start(LifecycleBase.java:171)
		... 41 more
01-Jul-2025 21:03:25.275 INFORMACIÓN [main] org.apache.catalina.startup.HostConfig.deployDescriptor Deployment of deployment descriptor [C:\Users\Marlon\apache-tomcat-9.0.89\conf\Catalina\localhost\Beyond.xml] has finished in [76] ms
01-Jul-2025 21:03:25.275 INFORMACIÓN [main] org.apache.catalina.startup.HostConfig.deployDescriptor Desplieque del descriptor de configuración [C:\Users\Marlon\apache-tomcat-9.0.89\conf\Catalina\localhost\PlantiSHOP.xml]
01-Jul-2025 21:03:25.277 ADVERTENCIA [main] org.apache.catalina.startup.HostConfig.deployDescriptor The path attribute with value [/PlantiSHOP] in deployment descriptor [C:\Users\Marlon\apache-tomcat-9.0.89\conf\Catalina\localhost\PlantiSHOP.xml] has been ignored
01-Jul-2025 21:03:26.096 INFORMACIÓN [main] org.apache.jasper.servlet.TldScanner.scanJars Al menos un JAR, que se ha explorado buscando TLDs, aún no contenía TLDs. Activar historial de depuración para este historiador para una completa lista de los JARs que fueron explorados y de los que nos se halló TLDs. Saltarse JARs no necesarios durante la exploración puede dar lugar a una mejora de tiempo significativa en el arranque y compilación de JSP .
01-Jul-2025 21:03:26.297 ADVERTENCIA [main] org.apache.catalina.util.SessionIdGeneratorBase.createSecureRandom Creation of SecureRandom instance for session ID generation using [SHA1PRNG] took [177] milliseconds.
01-Jul-2025 21:03:26.328 INFORMACIÓN [main] org.apache.catalina.startup.HostConfig.deployDescriptor Deployment of deployment descriptor [C:\Users\Marlon\apache-tomcat-9.0.89\conf\Catalina\localhost\PlantiSHOP.xml] has finished in [1.053] ms
01-Jul-2025 21:03:26.328 INFORMACIÓN [main] org.apache.catalina.startup.HostConfig.deployDescriptor Desplieque del descriptor de configuración [C:\Users\Marlon\apache-tomcat-9.0.89\conf\Catalina\localhost\WebApplication1.xml]
01-Jul-2025 21:03:26.330 ADVERTENCIA [main] org.apache.catalina.startup.HostConfig.deployDescriptor The path attribute with value [/WebApplication1] in deployment descriptor [C:\Users\Marlon\apache-tomcat-9.0.89\conf\Catalina\localhost\WebApplication1.xml] has been ignored
01-Jul-2025 21:03:26.335 GRAVE [main] org.apache.catalina.startup.HostConfig.deployDescriptor Error durante el despliegue del descriptor de configuración [C:\Users\Marlon\apache-tomcat-9.0.89\conf\Catalina\localhost\WebApplication1.xml]
	java.lang.IllegalStateException: Error starting child
		at org.apache.catalina.core.ContainerBase.addChildInternal(ContainerBase.java:602)
		at org.apache.catalina.core.ContainerBase.addChild(ContainerBase.java:571)
		at org.apache.catalina.core.StandardHost.addChild(StandardHost.java:603)
		at org.apache.catalina.startup.HostConfig.deployDescriptor(HostConfig.java:680)
		at org.apache.catalina.startup.HostConfig$DeployDescriptor.run(HostConfig.java:1844)
		at java.util.concurrent.Executors$RunnableAdapter.call(Executors.java:511)
		at java.util.concurrent.FutureTask.run(FutureTask.java:266)
		at org.apache.tomcat.util.threads.InlineExecutorService.execute(InlineExecutorService.java:75)
		at java.util.concurrent.AbstractExecutorService.submit(AbstractExecutorService.java:112)
		at org.apache.catalina.startup.HostConfig.deployDescriptors(HostConfig.java:575)
		at org.apache.catalina.startup.HostConfig.deployApps(HostConfig.java:466)
		at org.apache.catalina.startup.HostConfig.start(HostConfig.java:1584)
		at org.apache.catalina.startup.HostConfig.lifecycleEvent(HostConfig.java:312)
		at org.apache.catalina.util.LifecycleBase.fireLifecycleEvent(LifecycleBase.java:114)
		at org.apache.catalina.util.LifecycleBase.setStateInternal(LifecycleBase.java:402)
		at org.apache.catalina.util.LifecycleBase.setState(LifecycleBase.java:345)
		at org.apache.catalina.core.ContainerBase.startInternal(ContainerBase.java:776)
		at org.apache.catalina.core.StandardHost.startInternal(StandardHost.java:721)
		at org.apache.catalina.util.LifecycleBase.start(LifecycleBase.java:171)
		at org.apache.catalina.core.ContainerBase$StartChild.call(ContainerBase.java:1203)
		at org.apache.catalina.core.ContainerBase$StartChild.call(ContainerBase.java:1193)
		at java.util.concurrent.FutureTask.run(FutureTask.java:266)
		at org.apache.tomcat.util.threads.InlineExecutorService.execute(InlineExecutorService.java:75)
		at java.util.concurrent.AbstractExecutorService.submit(AbstractExecutorService.java:134)
		at org.apache.catalina.core.ContainerBase.startInternal(ContainerBase.java:749)
		at org.apache.catalina.core.StandardEngine.startInternal(StandardEngine.java:211)
		at org.apache.catalina.util.LifecycleBase.start(LifecycleBase.java:171)
		at org.apache.catalina.core.StandardService.startInternal(StandardService.java:415)
		at org.apache.catalina.util.LifecycleBase.start(LifecycleBase.java:171)
		at org.apache.catalina.core.StandardServer.startInternal(StandardServer.java:878)
		at org.apache.catalina.util.LifecycleBase.start(LifecycleBase.java:171)
		at org.apache.catalina.startup.Catalina.start(Catalina.java:735)
		at sun.reflect.NativeMethodAccessorImpl.invoke0(Native Method)
		at sun.reflect.NativeMethodAccessorImpl.invoke(NativeMethodAccessorImpl.java:62)
		at sun.reflect.DelegatingMethodAccessorImpl.invoke(DelegatingMethodAccessorImpl.java:43)
		at java.lang.reflect.Method.invoke(Method.java:498)
		at org.apache.catalina.startup.Bootstrap.start(Bootstrap.java:345)
		at org.apache.catalina.startup.Bootstrap.main(Bootstrap.java:473)
	Caused by: org.apache.catalina.LifecycleException: Failed to start component [org.apache.catalina.webresources.StandardRoot@6f3f0fae]
		at org.apache.catalina.util.LifecycleBase.handleSubClassException(LifecycleBase.java:419)
		at org.apache.catalina.util.LifecycleBase.start(LifecycleBase.java:186)
		at org.apache.catalina.core.StandardContext.resourcesStart(StandardContext.java:4120)
		at org.apache.catalina.core.StandardContext.startInternal(StandardContext.java:4242)
		at org.apache.catalina.util.LifecycleBase.start(LifecycleBase.java:171)
		at org.apache.catalina.core.ContainerBase.addChildInternal(ContainerBase.java:599)
		... 37 more
	Caused by: java.lang.IllegalArgumentException: The main resource set specified [C:\Users\Marlon\Documents\NetBeansProjects\WebApplication1\build\web] is not a directory or war file, or is not readable (it does not exist or permissions to access it are missing)
		at org.apache.catalina.webresources.StandardRoot.createMainResourceSet(StandardRoot.java:749)
		at org.apache.catalina.webresources.StandardRoot.startInternal(StandardRoot.java:707)
		at org.apache.catalina.util.LifecycleBase.start(LifecycleBase.java:171)
		... 41 more
01-Jul-2025 21:03:26.364 INFORMACIÓN [main] org.apache.catalina.startup.HostConfig.deployDescriptor Deployment of deployment descriptor [C:\Users\Marlon\apache-tomcat-9.0.89\conf\Catalina\localhost\WebApplication1.xml] has finished in [36] ms
01-Jul-2025 21:03:26.364 INFORMACIÓN [main] org.apache.catalina.startup.HostConfig.deployDirectory Desplegando el directorio [C:\Users\Marlon\apache-tomcat-9.0.89\webapps\docs] de la aplicación web
01-Jul-2025 21:03:26.400 INFORMACIÓN [main] org.apache.catalina.startup.HostConfig.deployDirectory Deployment of web application directory [C:\Users\Marlon\apache-tomcat-9.0.89\webapps\docs] has finished in [36] ms
01-Jul-2025 21:03:26.400 INFORMACIÓN [main] org.apache.catalina.startup.HostConfig.deployDirectory Desplegando el directorio [C:\Users\Marlon\apache-tomcat-9.0.89\webapps\examples] de la aplicación web
01-Jul-2025 21:03:26.777 INFORMACIÓN [main] org.apache.catalina.startup.HostConfig.deployDirectory Deployment of web application directory [C:\Users\Marlon\apache-tomcat-9.0.89\webapps\examples] has finished in [376] ms
01-Jul-2025 21:03:26.777 INFORMACIÓN [main] org.apache.catalina.startup.HostConfig.deployDirectory Desplegando el directorio [C:\Users\Marlon\apache-tomcat-9.0.89\webapps\host-manager] de la aplicación web
01-Jul-2025 21:03:26.806 INFORMACIÓN [main] org.apache.catalina.startup.HostConfig.deployDirectory Deployment of web application directory [C:\Users\Marlon\apache-tomcat-9.0.89\webapps\host-manager] has finished in [29] ms
01-Jul-2025 21:03:26.806 INFORMACIÓN [main] org.apache.catalina.startup.HostConfig.deployDirectory Desplegando el directorio [C:\Users\Marlon\apache-tomcat-9.0.89\webapps\manager] de la aplicación web
01-Jul-2025 21:03:26.834 INFORMACIÓN [main] org.apache.catalina.startup.HostConfig.deployDirectory Deployment of web application directory [C:\Users\Marlon\apache-tomcat-9.0.89\webapps\manager] has finished in [27] ms
01-Jul-2025 21:03:26.834 INFORMACIÓN [main] org.apache.catalina.startup.HostConfig.deployDirectory Desplegando el directorio [C:\Users\Marlon\apache-tomcat-9.0.89\webapps\ROOT] de la aplicación web
01-Jul-2025 21:03:26.852 INFORMACIÓN [main] org.apache.catalina.startup.HostConfig.deployDirectory Deployment of web application directory [C:\Users\Marlon\apache-tomcat-9.0.89\webapps\ROOT] has finished in [18] ms
01-Jul-2025 21:03:26.855 INFORMACIÓN [main] org.apache.coyote.AbstractProtocol.start Starting ProtocolHandler ["http-nio-8080"]
01-Jul-2025 21:03:26.890 INFORMACIÓN [main] org.apache.catalina.startup.Catalina.start Server startup in [1743] milliseconds
01-Jul-2025 21:03:27.526 INFORMACIÓN [http-nio-8080-exec-7] org.apache.catalina.startup.HostConfig.undeploy Repliegue (undeploy) de la aplicación web que tiene como trayectoria de contexto [/PlantiSHOP]
01-Jul-2025 21:03:27.583 INFORMACIÓN [http-nio-8080-exec-10] org.apache.catalina.startup.HostConfig.deployDescriptor Desplieque del descriptor de configuración [C:\Users\Marlon\apache-tomcat-9.0.89\conf\Catalina\localhost\PlantiSHOP.xml]
01-Jul-2025 21:03:27.584 ADVERTENCIA [http-nio-8080-exec-10] org.apache.catalina.startup.HostConfig.deployDescriptor The path attribute with value [/PlantiSHOP] in deployment descriptor [C:\Users\Marlon\apache-tomcat-9.0.89\conf\Catalina\localhost\PlantiSHOP.xml] has been ignored
01-Jul-2025 21:03:28.211 INFORMACIÓN [http-nio-8080-exec-10] org.apache.jasper.servlet.TldScanner.scanJars Al menos un JAR, que se ha explorado buscando TLDs, aún no contenía TLDs. Activar historial de depuración para este historiador para una completa lista de los JARs que fueron explorados y de los que nos se halló TLDs. Saltarse JARs no necesarios durante la exploración puede dar lugar a una mejora de tiempo significativa en el arranque y compilación de JSP .
01-Jul-2025 21:03:28.216 INFORMACIÓN [http-nio-8080-exec-10] org.apache.catalina.startup.HostConfig.deployDescriptor Deployment of deployment descriptor [C:\Users\Marlon\apache-tomcat-9.0.89\conf\Catalina\localhost\PlantiSHOP.xml] has finished in [633] ms
01-Jul-2025 21:03:28.219 INFORMACIÓN [http-nio-8080-exec-5] org.apache.catalina.util.LifecycleBase.start The start() method was called on component [StandardEngine[Catalina].StandardHost[localhost].StandardContext[/PlantiSHOP]] after start() had already been called. The second call will be ignored.
01-Jul-2025 21:21:53.258 INFORMACIÓN [main] org.apache.catalina.core.StandardServer.await Se ha recibido un comando de apagado a través del puerto de apagado. Parando la instancia del Servidor.
01-Jul-2025 21:21:53.259 INFORMACIÓN [main] org.apache.coyote.AbstractProtocol.pause Pausing ProtocolHandler ["http-nio-8080"]
01-Jul-2025 21:21:53.436 INFORMACIÓN [main] org.apache.catalina.core.StandardService.stopInternal Parando servicio [Catalina]
01-Jul-2025 21:21:53.453 ADVERTENCIA [main] org.apache.catalina.loader.WebappClassLoaderBase.clearReferencesJdbc La aplicación web [PlantiSHOP] registró el conductor JDBC [com.mysql.cj.jdbc.Driver] pero falló al anular el registro mientras la aplicación web estaba parada. Para prevenir un fallo de memoria, se ha anulado el registro del conductor JDBC por la fuerza.
01-Jul-2025 21:21:53.454 ADVERTENCIA [main] org.apache.catalina.loader.WebappClassLoaderBase.clearReferencesThreads The web application [PlantiSHOP] appears to have started a thread named [mysql-cj-abandoned-connection-cleanup] but has failed to stop it. This is very likely to create a memory leak. Stack trace of thread:
 java.lang.Object.wait(Native Method)
 java.lang.ref.ReferenceQueue.remove(ReferenceQueue.java:150)
 com.mysql.cj.jdbc.AbandonedConnectionCleanupThread.run(AbandonedConnectionCleanupThread.java:93)
 java.util.concurrent.ThreadPoolExecutor.runWorker(ThreadPoolExecutor.java:1149)
 java.util.concurrent.ThreadPoolExecutor$Worker.run(ThreadPoolExecutor.java:624)
 java.lang.Thread.run(Thread.java:750)
01-Jul-2025 21:21:53.458 INFORMACIÓN [main] org.apache.coyote.AbstractProtocol.stop Stopping ProtocolHandler ["http-nio-8080"]
01-Jul-2025 21:21:53.477 INFORMACIÓN [main] org.apache.coyote.AbstractProtocol.destroy Destroying ProtocolHandler ["http-nio-8080"]
01-Jul-2025 21:34:29.953 INFORMACIÓN [main] org.apache.catalina.startup.VersionLoggerListener.log Nombre de la versión del servidor: Apache Tomcat/9.0.89
01-Jul-2025 21:34:29.957 INFORMACIÓN [main] org.apache.catalina.startup.VersionLoggerListener.log Server built:                      May 3 2024 20:22:11 UTC
01-Jul-2025 21:34:29.957 INFORMACIÓN [main] org.apache.catalina.startup.VersionLoggerListener.log Número de versión de servidor:     9.0.89.0
01-Jul-2025 21:34:29.957 INFORMACIÓN [main] org.apache.catalina.startup.VersionLoggerListener.log OS Name:                           Windows 11
01-Jul-2025 21:34:29.957 INFORMACIÓN [main] org.apache.catalina.startup.VersionLoggerListener.log Versión de Systema Operativo:      10.0
01-Jul-2025 21:34:29.957 INFORMACIÓN [main] org.apache.catalina.startup.VersionLoggerListener.log Arquitectura:                      amd64
01-Jul-2025 21:34:29.957 INFORMACIÓN [main] org.apache.catalina.startup.VersionLoggerListener.log Java Home:                         C:\Program Files\Java\jdk-1.8\jre
01-Jul-2025 21:34:29.957 INFORMACIÓN [main] org.apache.catalina.startup.VersionLoggerListener.log JVM Version:                       1.8.0_381-b09
01-Jul-2025 21:34:29.958 INFORMACIÓN [main] org.apache.catalina.startup.VersionLoggerListener.log Vededor JVM:                       Oracle Corporation
01-Jul-2025 21:34:29.958 INFORMACIÓN [main] org.apache.catalina.startup.VersionLoggerListener.log CATALINA_BASE:                     C:\Users\Marlon\apache-tomcat-9.0.89
01-Jul-2025 21:34:29.958 INFORMACIÓN [main] org.apache.catalina.startup.VersionLoggerListener.log CATALINA_HOME:                     C:\Users\Marlon\apache-tomcat-9.0.89
01-Jul-2025 21:34:29.961 INFORMACIÓN [main] org.apache.catalina.startup.VersionLoggerListener.log Command line argument:             -Djava.util.logging.config.file=C:\Users\Marlon\apache-tomcat-9.0.89\conf\logging.properties
01-Jul-2025 21:34:29.961 INFORMACIÓN [main] org.apache.catalina.startup.VersionLoggerListener.log Command line argument:             -Djava.util.logging.manager=org.apache.juli.ClassLoaderLogManager
01-Jul-2025 21:34:29.961 INFORMACIÓN [main] org.apache.catalina.startup.VersionLoggerListener.log Command line argument:             -Djdk.tls.ephemeralDHKeySize=2048
01-Jul-2025 21:34:29.961 INFORMACIÓN [main] org.apache.catalina.startup.VersionLoggerListener.log Command line argument:             -Djava.protocol.handler.pkgs=org.apache.catalina.webresources
01-Jul-2025 21:34:29.962 INFORMACIÓN [main] org.apache.catalina.startup.VersionLoggerListener.log Command line argument:             -Dignore.endorsed.dirs=
01-Jul-2025 21:34:29.962 INFORMACIÓN [main] org.apache.catalina.startup.VersionLoggerListener.log Command line argument:             -Dcatalina.base=C:\Users\Marlon\apache-tomcat-9.0.89
01-Jul-2025 21:34:29.962 INFORMACIÓN [main] org.apache.catalina.startup.VersionLoggerListener.log Command line argument:             -Dcatalina.home=C:\Users\Marlon\apache-tomcat-9.0.89
01-Jul-2025 21:34:29.962 INFORMACIÓN [main] org.apache.catalina.startup.VersionLoggerListener.log Command line argument:             -Djava.io.tmpdir=C:\Users\Marlon\apache-tomcat-9.0.89\temp
01-Jul-2025 21:34:29.966 INFORMACIÓN [main] org.apache.catalina.core.AprLifecycleListener.lifecycleEvent Cargada la biblioteca nativa APR de Apache Tomcat [1.3.0] con la versión APR [1.7.4].
01-Jul-2025 21:34:29.966 INFORMACIÓN [main] org.apache.catalina.core.AprLifecycleListener.lifecycleEvent Capacidades APR: IPv6 [true], enviar fichero [true], aceptar filtros [false], aleatorio [true], UDS [true].
01-Jul-2025 21:34:29.966 INFORMACIÓN [main] org.apache.catalina.core.AprLifecycleListener.lifecycleEvent APR/OpenSSL configuration: useAprConnector [false], useOpenSSL [true]
01-Jul-2025 21:34:29.973 INFORMACIÓN [main] org.apache.catalina.core.AprLifecycleListener.initializeSSL OpenSSL inicializado correctamente [OpenSSL 3.0.13 30 Jan 2024]
01-Jul-2025 21:34:30.435 INFORMACIÓN [main] org.apache.coyote.AbstractProtocol.init Inicializando el manejador de protocolo ["http-nio-8080"]

01-Jul-2025 21:34:30.456 INFORMACIÓN [main] org.apache.catalina.startup.Catalina.load Server initialization in [687] milliseconds
01-Jul-2025 21:34:30.500 INFORMACIÓN [main] org.apache.catalina.core.StandardService.startInternal Arrancando servicio [Catalina]
01-Jul-2025 21:34:30.500 INFORMACIÓN [main] org.apache.catalina.core.StandardEngine.startInternal Starting Servlet engine: [Apache Tomcat/9.0.89]
01-Jul-2025 21:34:30.509 INFORMACIÓN [main] org.apache.catalina.startup.HostConfig.deployDescriptor Desplieque del descriptor de configuración [C:\Users\Marlon\apache-tomcat-9.0.89\conf\Catalina\localhost\Beyond.xml]
01-Jul-2025 21:34:30.527 ADVERTENCIA [main] org.apache.catalina.startup.HostConfig.deployDescriptor The path attribute with value [/Beyond] in deployment descriptor [C:\Users\Marlon\apache-tomcat-9.0.89\conf\Catalina\localhost\Beyond.xml] has been ignored
01-Jul-2025 21:34:30.552 GRAVE [main] org.apache.catalina.startup.HostConfig.deployDescriptor Error durante el despliegue del descriptor de configuración [C:\Users\Marlon\apache-tomcat-9.0.89\conf\Catalina\localhost\Beyond.xml]
	java.lang.IllegalStateException: Error starting child
		at org.apache.catalina.core.ContainerBase.addChildInternal(ContainerBase.java:602)
		at org.apache.catalina.core.ContainerBase.addChild(ContainerBase.java:571)
		at org.apache.catalina.core.StandardHost.addChild(StandardHost.java:603)
		at org.apache.catalina.startup.HostConfig.deployDescriptor(HostConfig.java:680)
		at org.apache.catalina.startup.HostConfig$DeployDescriptor.run(HostConfig.java:1844)
		at java.util.concurrent.Executors$RunnableAdapter.call(Executors.java:511)
		at java.util.concurrent.FutureTask.run(FutureTask.java:266)
		at org.apache.tomcat.util.threads.InlineExecutorService.execute(InlineExecutorService.java:75)
		at java.util.concurrent.AbstractExecutorService.submit(AbstractExecutorService.java:112)
		at org.apache.catalina.startup.HostConfig.deployDescriptors(HostConfig.java:575)
		at org.apache.catalina.startup.HostConfig.deployApps(HostConfig.java:466)
		at org.apache.catalina.startup.HostConfig.start(HostConfig.java:1584)
		at org.apache.catalina.startup.HostConfig.lifecycleEvent(HostConfig.java:312)
		at org.apache.catalina.util.LifecycleBase.fireLifecycleEvent(LifecycleBase.java:114)
		at org.apache.catalina.util.LifecycleBase.setStateInternal(LifecycleBase.java:402)
		at org.apache.catalina.util.LifecycleBase.setState(LifecycleBase.java:345)
		at org.apache.catalina.core.ContainerBase.startInternal(ContainerBase.java:776)
		at org.apache.catalina.core.StandardHost.startInternal(StandardHost.java:721)
		at org.apache.catalina.util.LifecycleBase.start(LifecycleBase.java:171)
		at org.apache.catalina.core.ContainerBase$StartChild.call(ContainerBase.java:1203)
		at org.apache.catalina.core.ContainerBase$StartChild.call(ContainerBase.java:1193)
		at java.util.concurrent.FutureTask.run(FutureTask.java:266)
		at org.apache.tomcat.util.threads.InlineExecutorService.execute(InlineExecutorService.java:75)
		at java.util.concurrent.AbstractExecutorService.submit(AbstractExecutorService.java:134)
		at org.apache.catalina.core.ContainerBase.startInternal(ContainerBase.java:749)
		at org.apache.catalina.core.StandardEngine.startInternal(StandardEngine.java:211)
		at org.apache.catalina.util.LifecycleBase.start(LifecycleBase.java:171)
		at org.apache.catalina.core.StandardService.startInternal(StandardService.java:415)
		at org.apache.catalina.util.LifecycleBase.start(LifecycleBase.java:171)
		at org.apache.catalina.core.StandardServer.startInternal(StandardServer.java:878)
		at org.apache.catalina.util.LifecycleBase.start(LifecycleBase.java:171)
		at org.apache.catalina.startup.Catalina.start(Catalina.java:735)
		at sun.reflect.NativeMethodAccessorImpl.invoke0(Native Method)
		at sun.reflect.NativeMethodAccessorImpl.invoke(NativeMethodAccessorImpl.java:62)
		at sun.reflect.DelegatingMethodAccessorImpl.invoke(DelegatingMethodAccessorImpl.java:43)
		at java.lang.reflect.Method.invoke(Method.java:498)
		at org.apache.catalina.startup.Bootstrap.start(Bootstrap.java:345)
		at org.apache.catalina.startup.Bootstrap.main(Bootstrap.java:473)
	Caused by: org.apache.catalina.LifecycleException: Failed to start component [org.apache.catalina.webresources.StandardRoot@69379752]
		at org.apache.catalina.util.LifecycleBase.handleSubClassException(LifecycleBase.java:419)
		at org.apache.catalina.util.LifecycleBase.start(LifecycleBase.java:186)
		at org.apache.catalina.core.StandardContext.resourcesStart(StandardContext.java:4120)
		at org.apache.catalina.core.StandardContext.startInternal(StandardContext.java:4242)
		at org.apache.catalina.util.LifecycleBase.start(LifecycleBase.java:171)
		at org.apache.catalina.core.ContainerBase.addChildInternal(ContainerBase.java:599)
		... 37 more
	Caused by: java.lang.IllegalArgumentException: The main resource set specified [F:\LDS - Final\Beyond\build\web] is not a directory or war file, or is not readable (it does not exist or permissions to access it are missing)
		at org.apache.catalina.webresources.StandardRoot.createMainResourceSet(StandardRoot.java:749)
		at org.apache.catalina.webresources.StandardRoot.startInternal(StandardRoot.java:707)
		at org.apache.catalina.util.LifecycleBase.start(LifecycleBase.java:171)
		... 41 more
01-Jul-2025 21:34:30.585 INFORMACIÓN [main] org.apache.catalina.startup.HostConfig.deployDescriptor Deployment of deployment descriptor [C:\Users\Marlon\apache-tomcat-9.0.89\conf\Catalina\localhost\Beyond.xml] has finished in [74] ms
01-Jul-2025 21:34:30.585 INFORMACIÓN [main] org.apache.catalina.startup.HostConfig.deployDescriptor Desplieque del descriptor de configuración [C:\Users\Marlon\apache-tomcat-9.0.89\conf\Catalina\localhost\PlantiSHOP.xml]
01-Jul-2025 21:34:30.588 ADVERTENCIA [main] org.apache.catalina.startup.HostConfig.deployDescriptor The path attribute with value [/PlantiSHOP] in deployment descriptor [C:\Users\Marlon\apache-tomcat-9.0.89\conf\Catalina\localhost\PlantiSHOP.xml] has been ignored
01-Jul-2025 21:34:31.424 INFORMACIÓN [main] org.apache.jasper.servlet.TldScanner.scanJars Al menos un JAR, que se ha explorado buscando TLDs, aún no contenía TLDs. Activar historial de depuración para este historiador para una completa lista de los JARs que fueron explorados y de los que nos se halló TLDs. Saltarse JARs no necesarios durante la exploración puede dar lugar a una mejora de tiempo significativa en el arranque y compilación de JSP .
01-Jul-2025 21:34:31.630 ADVERTENCIA [main] org.apache.catalina.util.SessionIdGeneratorBase.createSecureRandom Creation of SecureRandom instance for session ID generation using [SHA1PRNG] took [180] milliseconds.
01-Jul-2025 21:34:31.660 INFORMACIÓN [main] org.apache.catalina.startup.HostConfig.deployDescriptor Deployment of deployment descriptor [C:\Users\Marlon\apache-tomcat-9.0.89\conf\Catalina\localhost\PlantiSHOP.xml] has finished in [1.075] ms
01-Jul-2025 21:34:31.660 INFORMACIÓN [main] org.apache.catalina.startup.HostConfig.deployDescriptor Desplieque del descriptor de configuración [C:\Users\Marlon\apache-tomcat-9.0.89\conf\Catalina\localhost\WebApplication1.xml]
01-Jul-2025 21:34:31.662 ADVERTENCIA [main] org.apache.catalina.startup.HostConfig.deployDescriptor The path attribute with value [/WebApplication1] in deployment descriptor [C:\Users\Marlon\apache-tomcat-9.0.89\conf\Catalina\localhost\WebApplication1.xml] has been ignored
01-Jul-2025 21:34:31.667 GRAVE [main] org.apache.catalina.startup.HostConfig.deployDescriptor Error durante el despliegue del descriptor de configuración [C:\Users\Marlon\apache-tomcat-9.0.89\conf\Catalina\localhost\WebApplication1.xml]
	java.lang.IllegalStateException: Error starting child
		at org.apache.catalina.core.ContainerBase.addChildInternal(ContainerBase.java:602)
		at org.apache.catalina.core.ContainerBase.addChild(ContainerBase.java:571)
		at org.apache.catalina.core.StandardHost.addChild(StandardHost.java:603)
		at org.apache.catalina.startup.HostConfig.deployDescriptor(HostConfig.java:680)
		at org.apache.catalina.startup.HostConfig$DeployDescriptor.run(HostConfig.java:1844)
		at java.util.concurrent.Executors$RunnableAdapter.call(Executors.java:511)
		at java.util.concurrent.FutureTask.run(FutureTask.java:266)
		at org.apache.tomcat.util.threads.InlineExecutorService.execute(InlineExecutorService.java:75)
		at java.util.concurrent.AbstractExecutorService.submit(AbstractExecutorService.java:112)
		at org.apache.catalina.startup.HostConfig.deployDescriptors(HostConfig.java:575)
		at org.apache.catalina.startup.HostConfig.deployApps(HostConfig.java:466)
		at org.apache.catalina.startup.HostConfig.start(HostConfig.java:1584)
		at org.apache.catalina.startup.HostConfig.lifecycleEvent(HostConfig.java:312)
		at org.apache.catalina.util.LifecycleBase.fireLifecycleEvent(LifecycleBase.java:114)
		at org.apache.catalina.util.LifecycleBase.setStateInternal(LifecycleBase.java:402)
		at org.apache.catalina.util.LifecycleBase.setState(LifecycleBase.java:345)
		at org.apache.catalina.core.ContainerBase.startInternal(ContainerBase.java:776)
		at org.apache.catalina.core.StandardHost.startInternal(StandardHost.java:721)
		at org.apache.catalina.util.LifecycleBase.start(LifecycleBase.java:171)
		at org.apache.catalina.core.ContainerBase$StartChild.call(ContainerBase.java:1203)
		at org.apache.catalina.core.ContainerBase$StartChild.call(ContainerBase.java:1193)
		at java.util.concurrent.FutureTask.run(FutureTask.java:266)
		at org.apache.tomcat.util.threads.InlineExecutorService.execute(InlineExecutorService.java:75)
		at java.util.concurrent.AbstractExecutorService.submit(AbstractExecutorService.java:134)
		at org.apache.catalina.core.ContainerBase.startInternal(ContainerBase.java:749)
		at org.apache.catalina.core.StandardEngine.startInternal(StandardEngine.java:211)
		at org.apache.catalina.util.LifecycleBase.start(LifecycleBase.java:171)
		at org.apache.catalina.core.StandardService.startInternal(StandardService.java:415)
		at org.apache.catalina.util.LifecycleBase.start(LifecycleBase.java:171)
		at org.apache.catalina.core.StandardServer.startInternal(StandardServer.java:878)
		at org.apache.catalina.util.LifecycleBase.start(LifecycleBase.java:171)
		at org.apache.catalina.startup.Catalina.start(Catalina.java:735)
		at sun.reflect.NativeMethodAccessorImpl.invoke0(Native Method)
		at sun.reflect.NativeMethodAccessorImpl.invoke(NativeMethodAccessorImpl.java:62)
		at sun.reflect.DelegatingMethodAccessorImpl.invoke(DelegatingMethodAccessorImpl.java:43)
		at java.lang.reflect.Method.invoke(Method.java:498)
		at org.apache.catalina.startup.Bootstrap.start(Bootstrap.java:345)
		at org.apache.catalina.startup.Bootstrap.main(Bootstrap.java:473)
	Caused by: org.apache.catalina.LifecycleException: Failed to start component [org.apache.catalina.webresources.StandardRoot@6f3f0fae]
		at org.apache.catalina.util.LifecycleBase.handleSubClassException(LifecycleBase.java:419)
		at org.apache.catalina.util.LifecycleBase.start(LifecycleBase.java:186)
		at org.apache.catalina.core.StandardContext.resourcesStart(StandardContext.java:4120)
		at org.apache.catalina.core.StandardContext.startInternal(StandardContext.java:4242)
		at org.apache.catalina.util.LifecycleBase.start(LifecycleBase.java:171)
		at org.apache.catalina.core.ContainerBase.addChildInternal(ContainerBase.java:599)
		... 37 more
	Caused by: java.lang.IllegalArgumentException: The main resource set specified [C:\Users\Marlon\Documents\NetBeansProjects\WebApplication1\build\web] is not a directory or war file, or is not readable (it does not exist or permissions to access it are missing)
		at org.apache.catalina.webresources.StandardRoot.createMainResourceSet(StandardRoot.java:749)
		at org.apache.catalina.webresources.StandardRoot.startInternal(StandardRoot.java:707)
		at org.apache.catalina.util.LifecycleBase.start(LifecycleBase.java:171)
		... 41 more
01-Jul-2025 21:34:31.671 INFORMACIÓN [main] org.apache.catalina.startup.HostConfig.deployDescriptor Deployment of deployment descriptor [C:\Users\Marlon\apache-tomcat-9.0.89\conf\Catalina\localhost\WebApplication1.xml] has finished in [11] ms
01-Jul-2025 21:34:31.672 INFORMACIÓN [main] org.apache.catalina.startup.HostConfig.deployDirectory Desplegando el directorio [C:\Users\Marlon\apache-tomcat-9.0.89\webapps\docs] de la aplicación web
01-Jul-2025 21:34:31.704 INFORMACIÓN [main] org.apache.catalina.startup.HostConfig.deployDirectory Deployment of web application directory [C:\Users\Marlon\apache-tomcat-9.0.89\webapps\docs] has finished in [32] ms
01-Jul-2025 21:34:31.704 INFORMACIÓN [main] org.apache.catalina.startup.HostConfig.deployDirectory Desplegando el directorio [C:\Users\Marlon\apache-tomcat-9.0.89\webapps\examples] de la aplicación web
01-Jul-2025 21:34:32.052 INFORMACIÓN [main] org.apache.catalina.startup.HostConfig.deployDirectory Deployment of web application directory [C:\Users\Marlon\apache-tomcat-9.0.89\webapps\examples] has finished in [348] ms
01-Jul-2025 21:34:32.052 INFORMACIÓN [main] org.apache.catalina.startup.HostConfig.deployDirectory Desplegando el directorio [C:\Users\Marlon\apache-tomcat-9.0.89\webapps\host-manager] de la aplicación web
01-Jul-2025 21:34:32.088 INFORMACIÓN [main] org.apache.catalina.startup.HostConfig.deployDirectory Deployment of web application directory [C:\Users\Marlon\apache-tomcat-9.0.89\webapps\host-manager] has finished in [35] ms
01-Jul-2025 21:34:32.088 INFORMACIÓN [main] org.apache.catalina.startup.HostConfig.deployDirectory Desplegando el directorio [C:\Users\Marlon\apache-tomcat-9.0.89\webapps\manager] de la aplicación web
01-Jul-2025 21:34:32.114 INFORMACIÓN [main] org.apache.catalina.startup.HostConfig.deployDirectory Deployment of web application directory [C:\Users\Marlon\apache-tomcat-9.0.89\webapps\manager] has finished in [26] ms
01-Jul-2025 21:34:32.114 INFORMACIÓN [main] org.apache.catalina.startup.HostConfig.deployDirectory Desplegando el directorio [C:\Users\Marlon\apache-tomcat-9.0.89\webapps\ROOT] de la aplicación web
01-Jul-2025 21:34:32.137 INFORMACIÓN [main] org.apache.catalina.startup.HostConfig.deployDirectory Deployment of web application directory [C:\Users\Marlon\apache-tomcat-9.0.89\webapps\ROOT] has finished in [22] ms
01-Jul-2025 21:34:32.150 INFORMACIÓN [main] org.apache.coyote.AbstractProtocol.start Starting ProtocolHandler ["http-nio-8080"]
01-Jul-2025 21:34:32.168 INFORMACIÓN [main] org.apache.catalina.startup.Catalina.start Server startup in [1711] milliseconds
01-Jul-2025 21:34:32.775 INFORMACIÓN [http-nio-8080-exec-6] org.apache.catalina.startup.HostConfig.undeploy Repliegue (undeploy) de la aplicación web que tiene como trayectoria de contexto [/PlantiSHOP]
01-Jul-2025 21:34:32.816 INFORMACIÓN [http-nio-8080-exec-9] org.apache.catalina.startup.HostConfig.deployDescriptor Desplieque del descriptor de configuración [C:\Users\Marlon\apache-tomcat-9.0.89\conf\Catalina\localhost\PlantiSHOP.xml]
01-Jul-2025 21:34:32.817 ADVERTENCIA [http-nio-8080-exec-9] org.apache.catalina.startup.HostConfig.deployDescriptor The path attribute with value [/PlantiSHOP] in deployment descriptor [C:\Users\Marlon\apache-tomcat-9.0.89\conf\Catalina\localhost\PlantiSHOP.xml] has been ignored
01-Jul-2025 21:34:33.439 INFORMACIÓN [http-nio-8080-exec-9] org.apache.jasper.servlet.TldScanner.scanJars Al menos un JAR, que se ha explorado buscando TLDs, aún no contenía TLDs. Activar historial de depuración para este historiador para una completa lista de los JARs que fueron explorados y de los que nos se halló TLDs. Saltarse JARs no necesarios durante la exploración puede dar lugar a una mejora de tiempo significativa en el arranque y compilación de JSP .
01-Jul-2025 21:34:33.442 INFORMACIÓN [http-nio-8080-exec-9] org.apache.catalina.startup.HostConfig.deployDescriptor Deployment of deployment descriptor [C:\Users\Marlon\apache-tomcat-9.0.89\conf\Catalina\localhost\PlantiSHOP.xml] has finished in [626] ms
01-Jul-2025 21:34:33.445 INFORMACIÓN [http-nio-8080-exec-2] org.apache.catalina.util.LifecycleBase.start The start() method was called on component [StandardEngine[Catalina].StandardHost[localhost].StandardContext[/PlantiSHOP]] after start() had already been called. The second call will be ignored.
01-Jul-2025 21:44:31.967 INFORMACIÓN [main] org.apache.catalina.core.StandardServer.await Se ha recibido un comando de apagado a través del puerto de apagado. Parando la instancia del Servidor.
01-Jul-2025 21:44:31.967 INFORMACIÓN [main] org.apache.coyote.AbstractProtocol.pause Pausing ProtocolHandler ["http-nio-8080"]
01-Jul-2025 21:44:32.143 INFORMACIÓN [main] org.apache.catalina.core.StandardService.stopInternal Parando servicio [Catalina]
01-Jul-2025 21:44:32.157 ADVERTENCIA [main] org.apache.catalina.loader.WebappClassLoaderBase.clearReferencesJdbc La aplicación web [PlantiSHOP] registró el conductor JDBC [com.mysql.cj.jdbc.Driver] pero falló al anular el registro mientras la aplicación web estaba parada. Para prevenir un fallo de memoria, se ha anulado el registro del conductor JDBC por la fuerza.
01-Jul-2025 21:44:32.158 ADVERTENCIA [main] org.apache.catalina.loader.WebappClassLoaderBase.clearReferencesThreads The web application [PlantiSHOP] appears to have started a thread named [mysql-cj-abandoned-connection-cleanup] but has failed to stop it. This is very likely to create a memory leak. Stack trace of thread:
 java.lang.Object.wait(Native Method)
 java.lang.ref.ReferenceQueue.remove(ReferenceQueue.java:150)
 com.mysql.cj.jdbc.AbandonedConnectionCleanupThread.run(AbandonedConnectionCleanupThread.java:93)
 java.util.concurrent.ThreadPoolExecutor.runWorker(ThreadPoolExecutor.java:1149)
 java.util.concurrent.ThreadPoolExecutor$Worker.run(ThreadPoolExecutor.java:624)
 java.lang.Thread.run(Thread.java:750)
01-Jul-2025 21:44:32.164 INFORMACIÓN [main] org.apache.coyote.AbstractProtocol.stop Stopping ProtocolHandler ["http-nio-8080"]
01-Jul-2025 21:44:32.180 INFORMACIÓN [main] org.apache.coyote.AbstractProtocol.destroy Destroying ProtocolHandler ["http-nio-8080"]
01-Jul-2025 22:01:53.102 INFORMACIÓN [main] org.apache.catalina.startup.VersionLoggerListener.log Nombre de la versión del servidor: Apache Tomcat/9.0.89
01-Jul-2025 22:01:53.105 INFORMACIÓN [main] org.apache.catalina.startup.VersionLoggerListener.log Server built:                      May 3 2024 20:22:11 UTC
01-Jul-2025 22:01:53.105 INFORMACIÓN [main] org.apache.catalina.startup.VersionLoggerListener.log Número de versión de servidor:     9.0.89.0
01-Jul-2025 22:01:53.105 INFORMACIÓN [main] org.apache.catalina.startup.VersionLoggerListener.log OS Name:                           Windows 11
01-Jul-2025 22:01:53.106 INFORMACIÓN [main] org.apache.catalina.startup.VersionLoggerListener.log Versión de Systema Operativo:      10.0
01-Jul-2025 22:01:53.106 INFORMACIÓN [main] org.apache.catalina.startup.VersionLoggerListener.log Arquitectura:                      amd64
01-Jul-2025 22:01:53.106 INFORMACIÓN [main] org.apache.catalina.startup.VersionLoggerListener.log Java Home:                         C:\Program Files\Java\jdk-1.8\jre
01-Jul-2025 22:01:53.106 INFORMACIÓN [main] org.apache.catalina.startup.VersionLoggerListener.log JVM Version:                       1.8.0_381-b09
01-Jul-2025 22:01:53.106 INFORMACIÓN [main] org.apache.catalina.startup.VersionLoggerListener.log Vededor JVM:                       Oracle Corporation
01-Jul-2025 22:01:53.106 INFORMACIÓN [main] org.apache.catalina.startup.VersionLoggerListener.log CATALINA_BASE:                     C:\Users\Marlon\apache-tomcat-9.0.89
01-Jul-2025 22:01:53.106 INFORMACIÓN [main] org.apache.catalina.startup.VersionLoggerListener.log CATALINA_HOME:                     C:\Users\Marlon\apache-tomcat-9.0.89
01-Jul-2025 22:01:53.107 INFORMACIÓN [main] org.apache.catalina.startup.VersionLoggerListener.log Command line argument:             -Djava.util.logging.config.file=C:\Users\Marlon\apache-tomcat-9.0.89\conf\logging.properties
01-Jul-2025 22:01:53.107 INFORMACIÓN [main] org.apache.catalina.startup.VersionLoggerListener.log Command line argument:             -Djava.util.logging.manager=org.apache.juli.ClassLoaderLogManager
01-Jul-2025 22:01:53.107 INFORMACIÓN [main] org.apache.catalina.startup.VersionLoggerListener.log Command line argument:             -Djdk.tls.ephemeralDHKeySize=2048
01-Jul-2025 22:01:53.107 INFORMACIÓN [main] org.apache.catalina.startup.VersionLoggerListener.log Command line argument:             -Djava.protocol.handler.pkgs=org.apache.catalina.webresources
01-Jul-2025 22:01:53.107 INFORMACIÓN [main] org.apache.catalina.startup.VersionLoggerListener.log Command line argument:             -Dignore.endorsed.dirs=
01-Jul-2025 22:01:53.107 INFORMACIÓN [main] org.apache.catalina.startup.VersionLoggerListener.log Command line argument:             -Dcatalina.base=C:\Users\Marlon\apache-tomcat-9.0.89
01-Jul-2025 22:01:53.107 INFORMACIÓN [main] org.apache.catalina.startup.VersionLoggerListener.log Command line argument:             -Dcatalina.home=C:\Users\Marlon\apache-tomcat-9.0.89
01-Jul-2025 22:01:53.107 INFORMACIÓN [main] org.apache.catalina.startup.VersionLoggerListener.log Command line argument:             -Djava.io.tmpdir=C:\Users\Marlon\apache-tomcat-9.0.89\temp
01-Jul-2025 22:01:53.111 INFORMACIÓN [main] org.apache.catalina.core.AprLifecycleListener.lifecycleEvent Cargada la biblioteca nativa APR de Apache Tomcat [1.3.0] con la versión APR [1.7.4].
01-Jul-2025 22:01:53.111 INFORMACIÓN [main] org.apache.catalina.core.AprLifecycleListener.lifecycleEvent Capacidades APR: IPv6 [true], enviar fichero [true], aceptar filtros [false], aleatorio [true], UDS [true].
01-Jul-2025 22:01:53.111 INFORMACIÓN [main] org.apache.catalina.core.AprLifecycleListener.lifecycleEvent APR/OpenSSL configuration: useAprConnector [false], useOpenSSL [true]
01-Jul-2025 22:01:53.118 INFORMACIÓN [main] org.apache.catalina.core.AprLifecycleListener.initializeSSL OpenSSL inicializado correctamente [OpenSSL 3.0.13 30 Jan 2024]
01-Jul-2025 22:01:53.424 INFORMACIÓN [main] org.apache.coyote.AbstractProtocol.init Inicializando el manejador de protocolo ["http-nio-8080"]

01-Jul-2025 22:01:53.442 INFORMACIÓN [main] org.apache.catalina.startup.Catalina.load Server initialization in [519] milliseconds
01-Jul-2025 22:01:53.472 INFORMACIÓN [main] org.apache.catalina.core.StandardService.startInternal Arrancando servicio [Catalina]
01-Jul-2025 22:01:53.472 INFORMACIÓN [main] org.apache.catalina.core.StandardEngine.startInternal Starting Servlet engine: [Apache Tomcat/9.0.89]
01-Jul-2025 22:01:53.479 INFORMACIÓN [main] org.apache.catalina.startup.HostConfig.deployDescriptor Desplieque del descriptor de configuración [C:\Users\Marlon\apache-tomcat-9.0.89\conf\Catalina\localhost\Beyond.xml]
01-Jul-2025 22:01:53.495 ADVERTENCIA [main] org.apache.catalina.startup.HostConfig.deployDescriptor The path attribute with value [/Beyond] in deployment descriptor [C:\Users\Marlon\apache-tomcat-9.0.89\conf\Catalina\localhost\Beyond.xml] has been ignored
01-Jul-2025 22:01:53.521 GRAVE [main] org.apache.catalina.startup.HostConfig.deployDescriptor Error durante el despliegue del descriptor de configuración [C:\Users\Marlon\apache-tomcat-9.0.89\conf\Catalina\localhost\Beyond.xml]
	java.lang.IllegalStateException: Error starting child
		at org.apache.catalina.core.ContainerBase.addChildInternal(ContainerBase.java:602)
		at org.apache.catalina.core.ContainerBase.addChild(ContainerBase.java:571)
		at org.apache.catalina.core.StandardHost.addChild(StandardHost.java:603)
		at org.apache.catalina.startup.HostConfig.deployDescriptor(HostConfig.java:680)
		at org.apache.catalina.startup.HostConfig$DeployDescriptor.run(HostConfig.java:1844)
		at java.util.concurrent.Executors$RunnableAdapter.call(Executors.java:511)
		at java.util.concurrent.FutureTask.run(FutureTask.java:266)
		at org.apache.tomcat.util.threads.InlineExecutorService.execute(InlineExecutorService.java:75)
		at java.util.concurrent.AbstractExecutorService.submit(AbstractExecutorService.java:112)
		at org.apache.catalina.startup.HostConfig.deployDescriptors(HostConfig.java:575)
		at org.apache.catalina.startup.HostConfig.deployApps(HostConfig.java:466)
		at org.apache.catalina.startup.HostConfig.start(HostConfig.java:1584)
		at org.apache.catalina.startup.HostConfig.lifecycleEvent(HostConfig.java:312)
		at org.apache.catalina.util.LifecycleBase.fireLifecycleEvent(LifecycleBase.java:114)
		at org.apache.catalina.util.LifecycleBase.setStateInternal(LifecycleBase.java:402)
		at org.apache.catalina.util.LifecycleBase.setState(LifecycleBase.java:345)
		at org.apache.catalina.core.ContainerBase.startInternal(ContainerBase.java:776)
		at org.apache.catalina.core.StandardHost.startInternal(StandardHost.java:721)
		at org.apache.catalina.util.LifecycleBase.start(LifecycleBase.java:171)
		at org.apache.catalina.core.ContainerBase$StartChild.call(ContainerBase.java:1203)
		at org.apache.catalina.core.ContainerBase$StartChild.call(ContainerBase.java:1193)
		at java.util.concurrent.FutureTask.run(FutureTask.java:266)
		at org.apache.tomcat.util.threads.InlineExecutorService.execute(InlineExecutorService.java:75)
		at java.util.concurrent.AbstractExecutorService.submit(AbstractExecutorService.java:134)
		at org.apache.catalina.core.ContainerBase.startInternal(ContainerBase.java:749)
		at org.apache.catalina.core.StandardEngine.startInternal(StandardEngine.java:211)
		at org.apache.catalina.util.LifecycleBase.start(LifecycleBase.java:171)
		at org.apache.catalina.core.StandardService.startInternal(StandardService.java:415)
		at org.apache.catalina.util.LifecycleBase.start(LifecycleBase.java:171)
		at org.apache.catalina.core.StandardServer.startInternal(StandardServer.java:878)
		at org.apache.catalina.util.LifecycleBase.start(LifecycleBase.java:171)
		at org.apache.catalina.startup.Catalina.start(Catalina.java:735)
		at sun.reflect.NativeMethodAccessorImpl.invoke0(Native Method)
		at sun.reflect.NativeMethodAccessorImpl.invoke(NativeMethodAccessorImpl.java:62)
		at sun.reflect.DelegatingMethodAccessorImpl.invoke(DelegatingMethodAccessorImpl.java:43)
		at java.lang.reflect.Method.invoke(Method.java:498)
		at org.apache.catalina.startup.Bootstrap.start(Bootstrap.java:345)
		at org.apache.catalina.startup.Bootstrap.main(Bootstrap.java:473)
	Caused by: org.apache.catalina.LifecycleException: Failed to start component [org.apache.catalina.webresources.StandardRoot@69379752]
		at org.apache.catalina.util.LifecycleBase.handleSubClassException(LifecycleBase.java:419)
		at org.apache.catalina.util.LifecycleBase.start(LifecycleBase.java:186)
		at org.apache.catalina.core.StandardContext.resourcesStart(StandardContext.java:4120)
		at org.apache.catalina.core.StandardContext.startInternal(StandardContext.java:4242)
		at org.apache.catalina.util.LifecycleBase.start(LifecycleBase.java:171)
		at org.apache.catalina.core.ContainerBase.addChildInternal(ContainerBase.java:599)
		... 37 more
	Caused by: java.lang.IllegalArgumentException: The main resource set specified [F:\LDS - Final\Beyond\build\web] is not a directory or war file, or is not readable (it does not exist or permissions to access it are missing)
		at org.apache.catalina.webresources.StandardRoot.createMainResourceSet(StandardRoot.java:749)
		at org.apache.catalina.webresources.StandardRoot.startInternal(StandardRoot.java:707)
		at org.apache.catalina.util.LifecycleBase.start(LifecycleBase.java:171)
		... 41 more
01-Jul-2025 22:01:53.562 INFORMACIÓN [main] org.apache.catalina.startup.HostConfig.deployDescriptor Deployment of deployment descriptor [C:\Users\Marlon\apache-tomcat-9.0.89\conf\Catalina\localhost\Beyond.xml] has finished in [81] ms
01-Jul-2025 22:01:53.562 INFORMACIÓN [main] org.apache.catalina.startup.HostConfig.deployDescriptor Desplieque del descriptor de configuración [C:\Users\Marlon\apache-tomcat-9.0.89\conf\Catalina\localhost\PlantiSHOP.xml]
01-Jul-2025 22:01:53.564 ADVERTENCIA [main] org.apache.catalina.startup.HostConfig.deployDescriptor The path attribute with value [/PlantiSHOP] in deployment descriptor [C:\Users\Marlon\apache-tomcat-9.0.89\conf\Catalina\localhost\PlantiSHOP.xml] has been ignored
01-Jul-2025 22:01:54.414 INFORMACIÓN [main] org.apache.jasper.servlet.TldScanner.scanJars Al menos un JAR, que se ha explorado buscando TLDs, aún no contenía TLDs. Activar historial de depuración para este historiador para una completa lista de los JARs que fueron explorados y de los que nos se halló TLDs. Saltarse JARs no necesarios durante la exploración puede dar lugar a una mejora de tiempo significativa en el arranque y compilación de JSP .
01-Jul-2025 22:01:54.621 ADVERTENCIA [main] org.apache.catalina.util.SessionIdGeneratorBase.createSecureRandom Creation of SecureRandom instance for session ID generation using [SHA1PRNG] took [182] milliseconds.
01-Jul-2025 22:01:54.648 INFORMACIÓN [main] org.apache.catalina.startup.HostConfig.deployDescriptor Deployment of deployment descriptor [C:\Users\Marlon\apache-tomcat-9.0.89\conf\Catalina\localhost\PlantiSHOP.xml] has finished in [1.086] ms
01-Jul-2025 22:01:54.648 INFORMACIÓN [main] org.apache.catalina.startup.HostConfig.deployDescriptor Desplieque del descriptor de configuración [C:\Users\Marlon\apache-tomcat-9.0.89\conf\Catalina\localhost\WebApplication1.xml]
01-Jul-2025 22:01:54.650 ADVERTENCIA [main] org.apache.catalina.startup.HostConfig.deployDescriptor The path attribute with value [/WebApplication1] in deployment descriptor [C:\Users\Marlon\apache-tomcat-9.0.89\conf\Catalina\localhost\WebApplication1.xml] has been ignored
01-Jul-2025 22:01:54.654 GRAVE [main] org.apache.catalina.startup.HostConfig.deployDescriptor Error durante el despliegue del descriptor de configuración [C:\Users\Marlon\apache-tomcat-9.0.89\conf\Catalina\localhost\WebApplication1.xml]
	java.lang.IllegalStateException: Error starting child
		at org.apache.catalina.core.ContainerBase.addChildInternal(ContainerBase.java:602)
		at org.apache.catalina.core.ContainerBase.addChild(ContainerBase.java:571)
		at org.apache.catalina.core.StandardHost.addChild(StandardHost.java:603)
		at org.apache.catalina.startup.HostConfig.deployDescriptor(HostConfig.java:680)
		at org.apache.catalina.startup.HostConfig$DeployDescriptor.run(HostConfig.java:1844)
		at java.util.concurrent.Executors$RunnableAdapter.call(Executors.java:511)
		at java.util.concurrent.FutureTask.run(FutureTask.java:266)
		at org.apache.tomcat.util.threads.InlineExecutorService.execute(InlineExecutorService.java:75)
		at java.util.concurrent.AbstractExecutorService.submit(AbstractExecutorService.java:112)
		at org.apache.catalina.startup.HostConfig.deployDescriptors(HostConfig.java:575)
		at org.apache.catalina.startup.HostConfig.deployApps(HostConfig.java:466)
		at org.apache.catalina.startup.HostConfig.start(HostConfig.java:1584)
		at org.apache.catalina.startup.HostConfig.lifecycleEvent(HostConfig.java:312)
		at org.apache.catalina.util.LifecycleBase.fireLifecycleEvent(LifecycleBase.java:114)
		at org.apache.catalina.util.LifecycleBase.setStateInternal(LifecycleBase.java:402)
		at org.apache.catalina.util.LifecycleBase.setState(LifecycleBase.java:345)
		at org.apache.catalina.core.ContainerBase.startInternal(ContainerBase.java:776)
		at org.apache.catalina.core.StandardHost.startInternal(StandardHost.java:721)
		at org.apache.catalina.util.LifecycleBase.start(LifecycleBase.java:171)
		at org.apache.catalina.core.ContainerBase$StartChild.call(ContainerBase.java:1203)
		at org.apache.catalina.core.ContainerBase$StartChild.call(ContainerBase.java:1193)
		at java.util.concurrent.FutureTask.run(FutureTask.java:266)
		at org.apache.tomcat.util.threads.InlineExecutorService.execute(InlineExecutorService.java:75)
		at java.util.concurrent.AbstractExecutorService.submit(AbstractExecutorService.java:134)
		at org.apache.catalina.core.ContainerBase.startInternal(ContainerBase.java:749)
		at org.apache.catalina.core.StandardEngine.startInternal(StandardEngine.java:211)
		at org.apache.catalina.util.LifecycleBase.start(LifecycleBase.java:171)
		at org.apache.catalina.core.StandardService.startInternal(StandardService.java:415)
		at org.apache.catalina.util.LifecycleBase.start(LifecycleBase.java:171)
		at org.apache.catalina.core.StandardServer.startInternal(StandardServer.java:878)
		at org.apache.catalina.util.LifecycleBase.start(LifecycleBase.java:171)
		at org.apache.catalina.startup.Catalina.start(Catalina.java:735)
		at sun.reflect.NativeMethodAccessorImpl.invoke0(Native Method)
		at sun.reflect.NativeMethodAccessorImpl.invoke(NativeMethodAccessorImpl.java:62)
		at sun.reflect.DelegatingMethodAccessorImpl.invoke(DelegatingMethodAccessorImpl.java:43)
		at java.lang.reflect.Method.invoke(Method.java:498)
		at org.apache.catalina.startup.Bootstrap.start(Bootstrap.java:345)
		at org.apache.catalina.startup.Bootstrap.main(Bootstrap.java:473)
	Caused by: org.apache.catalina.LifecycleException: Failed to start component [org.apache.catalina.webresources.StandardRoot@6f3f0fae]
		at org.apache.catalina.util.LifecycleBase.handleSubClassException(LifecycleBase.java:419)
		at org.apache.catalina.util.LifecycleBase.start(LifecycleBase.java:186)
		at org.apache.catalina.core.StandardContext.resourcesStart(StandardContext.java:4120)
		at org.apache.catalina.core.StandardContext.startInternal(StandardContext.java:4242)
		at org.apache.catalina.util.LifecycleBase.start(LifecycleBase.java:171)
		at org.apache.catalina.core.ContainerBase.addChildInternal(ContainerBase.java:599)
		... 37 more
	Caused by: java.lang.IllegalArgumentException: The main resource set specified [C:\Users\Marlon\Documents\NetBeansProjects\WebApplication1\build\web] is not a directory or war file, or is not readable (it does not exist or permissions to access it are missing)
		at org.apache.catalina.webresources.StandardRoot.createMainResourceSet(StandardRoot.java:749)
		at org.apache.catalina.webresources.StandardRoot.startInternal(StandardRoot.java:707)
		at org.apache.catalina.util.LifecycleBase.start(LifecycleBase.java:171)
		... 41 more
01-Jul-2025 22:01:54.715 INFORMACIÓN [main] org.apache.catalina.startup.HostConfig.deployDescriptor Deployment of deployment descriptor [C:\Users\Marlon\apache-tomcat-9.0.89\conf\Catalina\localhost\WebApplication1.xml] has finished in [66] ms
01-Jul-2025 22:01:54.715 INFORMACIÓN [main] org.apache.catalina.startup.HostConfig.deployDirectory Desplegando el directorio [C:\Users\Marlon\apache-tomcat-9.0.89\webapps\docs] de la aplicación web
01-Jul-2025 22:01:54.761 INFORMACIÓN [main] org.apache.catalina.startup.HostConfig.deployDirectory Deployment of web application directory [C:\Users\Marlon\apache-tomcat-9.0.89\webapps\docs] has finished in [45] ms
01-Jul-2025 22:01:54.761 INFORMACIÓN [main] org.apache.catalina.startup.HostConfig.deployDirectory Desplegando el directorio [C:\Users\Marlon\apache-tomcat-9.0.89\webapps\examples] de la aplicación web
01-Jul-2025 22:01:55.101 INFORMACIÓN [main] org.apache.catalina.startup.HostConfig.deployDirectory Deployment of web application directory [C:\Users\Marlon\apache-tomcat-9.0.89\webapps\examples] has finished in [340] ms
01-Jul-2025 22:01:55.101 INFORMACIÓN [main] org.apache.catalina.startup.HostConfig.deployDirectory Desplegando el directorio [C:\Users\Marlon\apache-tomcat-9.0.89\webapps\host-manager] de la aplicación web
01-Jul-2025 22:01:55.137 INFORMACIÓN [main] org.apache.catalina.startup.HostConfig.deployDirectory Deployment of web application directory [C:\Users\Marlon\apache-tomcat-9.0.89\webapps\host-manager] has finished in [36] ms
01-Jul-2025 22:01:55.137 INFORMACIÓN [main] org.apache.catalina.startup.HostConfig.deployDirectory Desplegando el directorio [C:\Users\Marlon\apache-tomcat-9.0.89\webapps\manager] de la aplicación web
01-Jul-2025 22:01:55.159 INFORMACIÓN [main] org.apache.catalina.startup.HostConfig.deployDirectory Deployment of web application directory [C:\Users\Marlon\apache-tomcat-9.0.89\webapps\manager] has finished in [22] ms
01-Jul-2025 22:01:55.159 INFORMACIÓN [main] org.apache.catalina.startup.HostConfig.deployDirectory Desplegando el directorio [C:\Users\Marlon\apache-tomcat-9.0.89\webapps\ROOT] de la aplicación web
01-Jul-2025 22:01:55.182 INFORMACIÓN [main] org.apache.catalina.startup.HostConfig.deployDirectory Deployment of web application directory [C:\Users\Marlon\apache-tomcat-9.0.89\webapps\ROOT] has finished in [23] ms
01-Jul-2025 22:01:55.194 INFORMACIÓN [main] org.apache.coyote.AbstractProtocol.start Starting ProtocolHandler ["http-nio-8080"]
01-Jul-2025 22:01:55.209 INFORMACIÓN [main] org.apache.catalina.startup.Catalina.start Server startup in [1766] milliseconds
01-Jul-2025 22:01:55.815 INFORMACIÓN [http-nio-8080-exec-6] org.apache.catalina.startup.HostConfig.undeploy Repliegue (undeploy) de la aplicación web que tiene como trayectoria de contexto [/PlantiSHOP]
01-Jul-2025 22:01:55.856 INFORMACIÓN [http-nio-8080-exec-2] org.apache.catalina.startup.HostConfig.deployDescriptor Desplieque del descriptor de configuración [C:\Users\Marlon\apache-tomcat-9.0.89\conf\Catalina\localhost\PlantiSHOP.xml]
01-Jul-2025 22:01:55.857 ADVERTENCIA [http-nio-8080-exec-2] org.apache.catalina.startup.HostConfig.deployDescriptor The path attribute with value [/PlantiSHOP] in deployment descriptor [C:\Users\Marlon\apache-tomcat-9.0.89\conf\Catalina\localhost\PlantiSHOP.xml] has been ignored
01-Jul-2025 22:01:56.477 INFORMACIÓN [http-nio-8080-exec-2] org.apache.jasper.servlet.TldScanner.scanJars Al menos un JAR, que se ha explorado buscando TLDs, aún no contenía TLDs. Activar historial de depuración para este historiador para una completa lista de los JARs que fueron explorados y de los que nos se halló TLDs. Saltarse JARs no necesarios durante la exploración puede dar lugar a una mejora de tiempo significativa en el arranque y compilación de JSP .
01-Jul-2025 22:01:56.480 INFORMACIÓN [http-nio-8080-exec-2] org.apache.catalina.startup.HostConfig.deployDescriptor Deployment of deployment descriptor [C:\Users\Marlon\apache-tomcat-9.0.89\conf\Catalina\localhost\PlantiSHOP.xml] has finished in [624] ms
01-Jul-2025 22:01:56.482 INFORMACIÓN [http-nio-8080-exec-5] org.apache.catalina.util.LifecycleBase.start The start() method was called on component [StandardEngine[Catalina].StandardHost[localhost].StandardContext[/PlantiSHOP]] after start() had already been called. The second call will be ignored.
01-Jul-2025 22:21:25.080 INFORMACIÓN [main] org.apache.catalina.core.StandardServer.await Se ha recibido un comando de apagado a través del puerto de apagado. Parando la instancia del Servidor.
01-Jul-2025 22:21:25.082 INFORMACIÓN [main] org.apache.coyote.AbstractProtocol.pause Pausing ProtocolHandler ["http-nio-8080"]
01-Jul-2025 22:21:25.256 INFORMACIÓN [main] org.apache.catalina.core.StandardService.stopInternal Parando servicio [Catalina]
01-Jul-2025 22:21:25.271 ADVERTENCIA [main] org.apache.catalina.loader.WebappClassLoaderBase.clearReferencesJdbc La aplicación web [PlantiSHOP] registró el conductor JDBC [com.mysql.cj.jdbc.Driver] pero falló al anular el registro mientras la aplicación web estaba parada. Para prevenir un fallo de memoria, se ha anulado el registro del conductor JDBC por la fuerza.
01-Jul-2025 22:21:25.272 ADVERTENCIA [main] org.apache.catalina.loader.WebappClassLoaderBase.clearReferencesThreads The web application [PlantiSHOP] appears to have started a thread named [mysql-cj-abandoned-connection-cleanup] but has failed to stop it. This is very likely to create a memory leak. Stack trace of thread:
 java.lang.Object.wait(Native Method)
 java.lang.ref.ReferenceQueue.remove(ReferenceQueue.java:150)
 com.mysql.cj.jdbc.AbandonedConnectionCleanupThread.run(AbandonedConnectionCleanupThread.java:93)
 java.util.concurrent.ThreadPoolExecutor.runWorker(ThreadPoolExecutor.java:1149)
 java.util.concurrent.ThreadPoolExecutor$Worker.run(ThreadPoolExecutor.java:624)
 java.lang.Thread.run(Thread.java:750)
01-Jul-2025 22:21:25.277 INFORMACIÓN [main] org.apache.coyote.AbstractProtocol.stop Stopping ProtocolHandler ["http-nio-8080"]
01-Jul-2025 22:21:25.284 INFORMACIÓN [main] org.apache.coyote.AbstractProtocol.destroy Destroying ProtocolHandler ["http-nio-8080"]
01-Jul-2025 22:40:49.930 INFORMACIÓN [main] org.apache.catalina.startup.VersionLoggerListener.log Nombre de la versión del servidor: Apache Tomcat/9.0.89
01-Jul-2025 22:40:49.934 INFORMACIÓN [main] org.apache.catalina.startup.VersionLoggerListener.log Server built:                      May 3 2024 20:22:11 UTC
01-Jul-2025 22:40:49.934 INFORMACIÓN [main] org.apache.catalina.startup.VersionLoggerListener.log Número de versión de servidor:     9.0.89.0
01-Jul-2025 22:40:49.934 INFORMACIÓN [main] org.apache.catalina.startup.VersionLoggerListener.log OS Name:                           Windows 11
01-Jul-2025 22:40:49.934 INFORMACIÓN [main] org.apache.catalina.startup.VersionLoggerListener.log Versión de Systema Operativo:      10.0
01-Jul-2025 22:40:49.934 INFORMACIÓN [main] org.apache.catalina.startup.VersionLoggerListener.log Arquitectura:                      amd64
01-Jul-2025 22:40:49.934 INFORMACIÓN [main] org.apache.catalina.startup.VersionLoggerListener.log Java Home:                         C:\Program Files\Java\jdk-1.8\jre
01-Jul-2025 22:40:49.934 INFORMACIÓN [main] org.apache.catalina.startup.VersionLoggerListener.log JVM Version:                       1.8.0_381-b09
01-Jul-2025 22:40:49.934 INFORMACIÓN [main] org.apache.catalina.startup.VersionLoggerListener.log Vededor JVM:                       Oracle Corporation
01-Jul-2025 22:40:49.934 INFORMACIÓN [main] org.apache.catalina.startup.VersionLoggerListener.log CATALINA_BASE:                     C:\Users\Marlon\apache-tomcat-9.0.89
01-Jul-2025 22:40:49.934 INFORMACIÓN [main] org.apache.catalina.startup.VersionLoggerListener.log CATALINA_HOME:                     C:\Users\Marlon\apache-tomcat-9.0.89
01-Jul-2025 22:40:49.938 INFORMACIÓN [main] org.apache.catalina.startup.VersionLoggerListener.log Command line argument:             -Djava.util.logging.config.file=C:\Users\Marlon\apache-tomcat-9.0.89\conf\logging.properties
01-Jul-2025 22:40:49.938 INFORMACIÓN [main] org.apache.catalina.startup.VersionLoggerListener.log Command line argument:             -Djava.util.logging.manager=org.apache.juli.ClassLoaderLogManager
01-Jul-2025 22:40:49.938 INFORMACIÓN [main] org.apache.catalina.startup.VersionLoggerListener.log Command line argument:             -Djdk.tls.ephemeralDHKeySize=2048
01-Jul-2025 22:40:49.938 INFORMACIÓN [main] org.apache.catalina.startup.VersionLoggerListener.log Command line argument:             -Djava.protocol.handler.pkgs=org.apache.catalina.webresources
01-Jul-2025 22:40:49.938 INFORMACIÓN [main] org.apache.catalina.startup.VersionLoggerListener.log Command line argument:             -Dignore.endorsed.dirs=
01-Jul-2025 22:40:49.938 INFORMACIÓN [main] org.apache.catalina.startup.VersionLoggerListener.log Command line argument:             -Dcatalina.base=C:\Users\Marlon\apache-tomcat-9.0.89
01-Jul-2025 22:40:49.938 INFORMACIÓN [main] org.apache.catalina.startup.VersionLoggerListener.log Command line argument:             -Dcatalina.home=C:\Users\Marlon\apache-tomcat-9.0.89
01-Jul-2025 22:40:49.938 INFORMACIÓN [main] org.apache.catalina.startup.VersionLoggerListener.log Command line argument:             -Djava.io.tmpdir=C:\Users\Marlon\apache-tomcat-9.0.89\temp
01-Jul-2025 22:40:49.943 INFORMACIÓN [main] org.apache.catalina.core.AprLifecycleListener.lifecycleEvent Cargada la biblioteca nativa APR de Apache Tomcat [1.3.0] con la versión APR [1.7.4].
01-Jul-2025 22:40:49.943 INFORMACIÓN [main] org.apache.catalina.core.AprLifecycleListener.lifecycleEvent Capacidades APR: IPv6 [true], enviar fichero [true], aceptar filtros [false], aleatorio [true], UDS [true].
01-Jul-2025 22:40:49.943 INFORMACIÓN [main] org.apache.catalina.core.AprLifecycleListener.lifecycleEvent APR/OpenSSL configuration: useAprConnector [false], useOpenSSL [true]
01-Jul-2025 22:40:49.949 INFORMACIÓN [main] org.apache.catalina.core.AprLifecycleListener.initializeSSL OpenSSL inicializado correctamente [OpenSSL 3.0.13 30 Jan 2024]
01-Jul-2025 22:40:50.335 INFORMACIÓN [main] org.apache.coyote.AbstractProtocol.init Inicializando el manejador de protocolo ["http-nio-8080"]

01-Jul-2025 22:40:50.358 INFORMACIÓN [main] org.apache.catalina.startup.Catalina.load Server initialization in [603] milliseconds
01-Jul-2025 22:40:50.399 INFORMACIÓN [main] org.apache.catalina.core.StandardService.startInternal Arrancando servicio [Catalina]
01-Jul-2025 22:40:50.399 INFORMACIÓN [main] org.apache.catalina.core.StandardEngine.startInternal Starting Servlet engine: [Apache Tomcat/9.0.89]
01-Jul-2025 22:40:50.405 INFORMACIÓN [main] org.apache.catalina.startup.HostConfig.deployDescriptor Desplieque del descriptor de configuración [C:\Users\Marlon\apache-tomcat-9.0.89\conf\Catalina\localhost\Beyond.xml]
01-Jul-2025 22:40:50.430 ADVERTENCIA [main] org.apache.catalina.startup.HostConfig.deployDescriptor The path attribute with value [/Beyond] in deployment descriptor [C:\Users\Marlon\apache-tomcat-9.0.89\conf\Catalina\localhost\Beyond.xml] has been ignored
01-Jul-2025 22:40:50.451 GRAVE [main] org.apache.catalina.startup.HostConfig.deployDescriptor Error durante el despliegue del descriptor de configuración [C:\Users\Marlon\apache-tomcat-9.0.89\conf\Catalina\localhost\Beyond.xml]
	java.lang.IllegalStateException: Error starting child
		at org.apache.catalina.core.ContainerBase.addChildInternal(ContainerBase.java:602)
		at org.apache.catalina.core.ContainerBase.addChild(ContainerBase.java:571)
		at org.apache.catalina.core.StandardHost.addChild(StandardHost.java:603)
		at org.apache.catalina.startup.HostConfig.deployDescriptor(HostConfig.java:680)
		at org.apache.catalina.startup.HostConfig$DeployDescriptor.run(HostConfig.java:1844)
		at java.util.concurrent.Executors$RunnableAdapter.call(Executors.java:511)
		at java.util.concurrent.FutureTask.run(FutureTask.java:266)
		at org.apache.tomcat.util.threads.InlineExecutorService.execute(InlineExecutorService.java:75)
		at java.util.concurrent.AbstractExecutorService.submit(AbstractExecutorService.java:112)
		at org.apache.catalina.startup.HostConfig.deployDescriptors(HostConfig.java:575)
		at org.apache.catalina.startup.HostConfig.deployApps(HostConfig.java:466)
		at org.apache.catalina.startup.HostConfig.start(HostConfig.java:1584)
		at org.apache.catalina.startup.HostConfig.lifecycleEvent(HostConfig.java:312)
		at org.apache.catalina.util.LifecycleBase.fireLifecycleEvent(LifecycleBase.java:114)
		at org.apache.catalina.util.LifecycleBase.setStateInternal(LifecycleBase.java:402)
		at org.apache.catalina.util.LifecycleBase.setState(LifecycleBase.java:345)
		at org.apache.catalina.core.ContainerBase.startInternal(ContainerBase.java:776)
		at org.apache.catalina.core.StandardHost.startInternal(StandardHost.java:721)
		at org.apache.catalina.util.LifecycleBase.start(LifecycleBase.java:171)
		at org.apache.catalina.core.ContainerBase$StartChild.call(ContainerBase.java:1203)
		at org.apache.catalina.core.ContainerBase$StartChild.call(ContainerBase.java:1193)
		at java.util.concurrent.FutureTask.run(FutureTask.java:266)
		at org.apache.tomcat.util.threads.InlineExecutorService.execute(InlineExecutorService.java:75)
		at java.util.concurrent.AbstractExecutorService.submit(AbstractExecutorService.java:134)
		at org.apache.catalina.core.ContainerBase.startInternal(ContainerBase.java:749)
		at org.apache.catalina.core.StandardEngine.startInternal(StandardEngine.java:211)
		at org.apache.catalina.util.LifecycleBase.start(LifecycleBase.java:171)
		at org.apache.catalina.core.StandardService.startInternal(StandardService.java:415)
		at org.apache.catalina.util.LifecycleBase.start(LifecycleBase.java:171)
		at org.apache.catalina.core.StandardServer.startInternal(StandardServer.java:878)
		at org.apache.catalina.util.LifecycleBase.start(LifecycleBase.java:171)
		at org.apache.catalina.startup.Catalina.start(Catalina.java:735)
		at sun.reflect.NativeMethodAccessorImpl.invoke0(Native Method)
		at sun.reflect.NativeMethodAccessorImpl.invoke(NativeMethodAccessorImpl.java:62)
		at sun.reflect.DelegatingMethodAccessorImpl.invoke(DelegatingMethodAccessorImpl.java:43)
		at java.lang.reflect.Method.invoke(Method.java:498)
		at org.apache.catalina.startup.Bootstrap.start(Bootstrap.java:345)
		at org.apache.catalina.startup.Bootstrap.main(Bootstrap.java:473)
	Caused by: org.apache.catalina.LifecycleException: Failed to start component [org.apache.catalina.webresources.StandardRoot@69379752]
		at org.apache.catalina.util.LifecycleBase.handleSubClassException(LifecycleBase.java:419)
		at org.apache.catalina.util.LifecycleBase.start(LifecycleBase.java:186)
		at org.apache.catalina.core.StandardContext.resourcesStart(StandardContext.java:4120)
		at org.apache.catalina.core.StandardContext.startInternal(StandardContext.java:4242)
		at org.apache.catalina.util.LifecycleBase.start(LifecycleBase.java:171)
		at org.apache.catalina.core.ContainerBase.addChildInternal(ContainerBase.java:599)
		... 37 more
	Caused by: java.lang.IllegalArgumentException: The main resource set specified [F:\LDS - Final\Beyond\build\web] is not a directory or war file, or is not readable (it does not exist or permissions to access it are missing)
		at org.apache.catalina.webresources.StandardRoot.createMainResourceSet(StandardRoot.java:749)
		at org.apache.catalina.webresources.StandardRoot.startInternal(StandardRoot.java:707)
		at org.apache.catalina.util.LifecycleBase.start(LifecycleBase.java:171)
		... 41 more
01-Jul-2025 22:40:50.458 INFORMACIÓN [main] org.apache.catalina.startup.HostConfig.deployDescriptor Deployment of deployment descriptor [C:\Users\Marlon\apache-tomcat-9.0.89\conf\Catalina\localhost\Beyond.xml] has finished in [51] ms
01-Jul-2025 22:40:50.458 INFORMACIÓN [main] org.apache.catalina.startup.HostConfig.deployDescriptor Desplieque del descriptor de configuración [C:\Users\Marlon\apache-tomcat-9.0.89\conf\Catalina\localhost\PlantiSHOP.xml]
01-Jul-2025 22:40:50.460 ADVERTENCIA [main] org.apache.catalina.startup.HostConfig.deployDescriptor The path attribute with value [/PlantiSHOP] in deployment descriptor [C:\Users\Marlon\apache-tomcat-9.0.89\conf\Catalina\localhost\PlantiSHOP.xml] has been ignored
01-Jul-2025 22:40:51.315 INFORMACIÓN [main] org.apache.jasper.servlet.TldScanner.scanJars Al menos un JAR, que se ha explorado buscando TLDs, aún no contenía TLDs. Activar historial de depuración para este historiador para una completa lista de los JARs que fueron explorados y de los que nos se halló TLDs. Saltarse JARs no necesarios durante la exploración puede dar lugar a una mejora de tiempo significativa en el arranque y compilación de JSP .
01-Jul-2025 22:40:51.522 ADVERTENCIA [main] org.apache.catalina.util.SessionIdGeneratorBase.createSecureRandom Creation of SecureRandom instance for session ID generation using [SHA1PRNG] took [181] milliseconds.
01-Jul-2025 22:40:51.553 INFORMACIÓN [main] org.apache.catalina.startup.HostConfig.deployDescriptor Deployment of deployment descriptor [C:\Users\Marlon\apache-tomcat-9.0.89\conf\Catalina\localhost\PlantiSHOP.xml] has finished in [1.095] ms
01-Jul-2025 22:40:51.553 INFORMACIÓN [main] org.apache.catalina.startup.HostConfig.deployDescriptor Desplieque del descriptor de configuración [C:\Users\Marlon\apache-tomcat-9.0.89\conf\Catalina\localhost\WebApplication1.xml]
01-Jul-2025 22:40:51.553 ADVERTENCIA [main] org.apache.catalina.startup.HostConfig.deployDescriptor The path attribute with value [/WebApplication1] in deployment descriptor [C:\Users\Marlon\apache-tomcat-9.0.89\conf\Catalina\localhost\WebApplication1.xml] has been ignored
01-Jul-2025 22:40:51.558 GRAVE [main] org.apache.catalina.startup.HostConfig.deployDescriptor Error durante el despliegue del descriptor de configuración [C:\Users\Marlon\apache-tomcat-9.0.89\conf\Catalina\localhost\WebApplication1.xml]
	java.lang.IllegalStateException: Error starting child
		at org.apache.catalina.core.ContainerBase.addChildInternal(ContainerBase.java:602)
		at org.apache.catalina.core.ContainerBase.addChild(ContainerBase.java:571)
		at org.apache.catalina.core.StandardHost.addChild(StandardHost.java:603)
		at org.apache.catalina.startup.HostConfig.deployDescriptor(HostConfig.java:680)
		at org.apache.catalina.startup.HostConfig$DeployDescriptor.run(HostConfig.java:1844)
		at java.util.concurrent.Executors$RunnableAdapter.call(Executors.java:511)
		at java.util.concurrent.FutureTask.run(FutureTask.java:266)
		at org.apache.tomcat.util.threads.InlineExecutorService.execute(InlineExecutorService.java:75)
		at java.util.concurrent.AbstractExecutorService.submit(AbstractExecutorService.java:112)
		at org.apache.catalina.startup.HostConfig.deployDescriptors(HostConfig.java:575)
		at org.apache.catalina.startup.HostConfig.deployApps(HostConfig.java:466)
		at org.apache.catalina.startup.HostConfig.start(HostConfig.java:1584)
		at org.apache.catalina.startup.HostConfig.lifecycleEvent(HostConfig.java:312)
		at org.apache.catalina.util.LifecycleBase.fireLifecycleEvent(LifecycleBase.java:114)
		at org.apache.catalina.util.LifecycleBase.setStateInternal(LifecycleBase.java:402)
		at org.apache.catalina.util.LifecycleBase.setState(LifecycleBase.java:345)
		at org.apache.catalina.core.ContainerBase.startInternal(ContainerBase.java:776)
		at org.apache.catalina.core.StandardHost.startInternal(StandardHost.java:721)
		at org.apache.catalina.util.LifecycleBase.start(LifecycleBase.java:171)
		at org.apache.catalina.core.ContainerBase$StartChild.call(ContainerBase.java:1203)
		at org.apache.catalina.core.ContainerBase$StartChild.call(ContainerBase.java:1193)
		at java.util.concurrent.FutureTask.run(FutureTask.java:266)
		at org.apache.tomcat.util.threads.InlineExecutorService.execute(InlineExecutorService.java:75)
		at java.util.concurrent.AbstractExecutorService.submit(AbstractExecutorService.java:134)
		at org.apache.catalina.core.ContainerBase.startInternal(ContainerBase.java:749)
		at org.apache.catalina.core.StandardEngine.startInternal(StandardEngine.java:211)
		at org.apache.catalina.util.LifecycleBase.start(LifecycleBase.java:171)
		at org.apache.catalina.core.StandardService.startInternal(StandardService.java:415)
		at org.apache.catalina.util.LifecycleBase.start(LifecycleBase.java:171)
		at org.apache.catalina.core.StandardServer.startInternal(StandardServer.java:878)
		at org.apache.catalina.util.LifecycleBase.start(LifecycleBase.java:171)
		at org.apache.catalina.startup.Catalina.start(Catalina.java:735)
		at sun.reflect.NativeMethodAccessorImpl.invoke0(Native Method)
		at sun.reflect.NativeMethodAccessorImpl.invoke(NativeMethodAccessorImpl.java:62)
		at sun.reflect.DelegatingMethodAccessorImpl.invoke(DelegatingMethodAccessorImpl.java:43)
		at java.lang.reflect.Method.invoke(Method.java:498)
		at org.apache.catalina.startup.Bootstrap.start(Bootstrap.java:345)
		at org.apache.catalina.startup.Bootstrap.main(Bootstrap.java:473)
	Caused by: org.apache.catalina.LifecycleException: Failed to start component [org.apache.catalina.webresources.StandardRoot@655523dd]
		at org.apache.catalina.util.LifecycleBase.handleSubClassException(LifecycleBase.java:419)
		at org.apache.catalina.util.LifecycleBase.start(LifecycleBase.java:186)
		at org.apache.catalina.core.StandardContext.resourcesStart(StandardContext.java:4120)
		at org.apache.catalina.core.StandardContext.startInternal(StandardContext.java:4242)
		at org.apache.catalina.util.LifecycleBase.start(LifecycleBase.java:171)
		at org.apache.catalina.core.ContainerBase.addChildInternal(ContainerBase.java:599)
		... 37 more
	Caused by: java.lang.IllegalArgumentException: The main resource set specified [C:\Users\Marlon\Documents\NetBeansProjects\WebApplication1\build\web] is not a directory or war file, or is not readable (it does not exist or permissions to access it are missing)
		at org.apache.catalina.webresources.StandardRoot.createMainResourceSet(StandardRoot.java:749)
		at org.apache.catalina.webresources.StandardRoot.startInternal(StandardRoot.java:707)
		at org.apache.catalina.util.LifecycleBase.start(LifecycleBase.java:171)
		... 41 more
01-Jul-2025 22:40:51.593 INFORMACIÓN [main] org.apache.catalina.startup.HostConfig.deployDescriptor Deployment of deployment descriptor [C:\Users\Marlon\apache-tomcat-9.0.89\conf\Catalina\localhost\WebApplication1.xml] has finished in [40] ms
01-Jul-2025 22:40:51.594 INFORMACIÓN [main] org.apache.catalina.startup.HostConfig.deployDirectory Desplegando el directorio [C:\Users\Marlon\apache-tomcat-9.0.89\webapps\docs] de la aplicación web
01-Jul-2025 22:40:51.621 INFORMACIÓN [main] org.apache.catalina.startup.HostConfig.deployDirectory Deployment of web application directory [C:\Users\Marlon\apache-tomcat-9.0.89\webapps\docs] has finished in [27] ms
01-Jul-2025 22:40:51.622 INFORMACIÓN [main] org.apache.catalina.startup.HostConfig.deployDirectory Desplegando el directorio [C:\Users\Marlon\apache-tomcat-9.0.89\webapps\examples] de la aplicación web
01-Jul-2025 22:40:51.978 INFORMACIÓN [main] org.apache.catalina.startup.HostConfig.deployDirectory Deployment of web application directory [C:\Users\Marlon\apache-tomcat-9.0.89\webapps\examples] has finished in [356] ms
01-Jul-2025 22:40:51.978 INFORMACIÓN [main] org.apache.catalina.startup.HostConfig.deployDirectory Desplegando el directorio [C:\Users\Marlon\apache-tomcat-9.0.89\webapps\host-manager] de la aplicación web
01-Jul-2025 22:40:52.016 INFORMACIÓN [main] org.apache.catalina.startup.HostConfig.deployDirectory Deployment of web application directory [C:\Users\Marlon\apache-tomcat-9.0.89\webapps\host-manager] has finished in [38] ms
01-Jul-2025 22:40:52.016 INFORMACIÓN [main] org.apache.catalina.startup.HostConfig.deployDirectory Desplegando el directorio [C:\Users\Marlon\apache-tomcat-9.0.89\webapps\manager] de la aplicación web
01-Jul-2025 22:40:52.044 INFORMACIÓN [main] org.apache.catalina.startup.HostConfig.deployDirectory Deployment of web application directory [C:\Users\Marlon\apache-tomcat-9.0.89\webapps\manager] has finished in [28] ms
01-Jul-2025 22:40:52.045 INFORMACIÓN [main] org.apache.catalina.startup.HostConfig.deployDirectory Desplegando el directorio [C:\Users\Marlon\apache-tomcat-9.0.89\webapps\ROOT] de la aplicación web
01-Jul-2025 22:40:52.066 INFORMACIÓN [main] org.apache.catalina.startup.HostConfig.deployDirectory Deployment of web application directory [C:\Users\Marlon\apache-tomcat-9.0.89\webapps\ROOT] has finished in [22] ms
01-Jul-2025 22:40:52.080 INFORMACIÓN [main] org.apache.coyote.AbstractProtocol.start Starting ProtocolHandler ["http-nio-8080"]
01-Jul-2025 22:40:52.097 INFORMACIÓN [main] org.apache.catalina.startup.Catalina.start Server startup in [1738] milliseconds
01-Jul-2025 22:40:52.728 INFORMACIÓN [http-nio-8080-exec-6] org.apache.catalina.startup.HostConfig.undeploy Repliegue (undeploy) de la aplicación web que tiene como trayectoria de contexto [/PlantiSHOP]
01-Jul-2025 22:40:52.776 INFORMACIÓN [http-nio-8080-exec-5] org.apache.catalina.startup.HostConfig.deployDescriptor Desplieque del descriptor de configuración [C:\Users\Marlon\apache-tomcat-9.0.89\conf\Catalina\localhost\PlantiSHOP.xml]
01-Jul-2025 22:40:52.777 ADVERTENCIA [http-nio-8080-exec-5] org.apache.catalina.startup.HostConfig.deployDescriptor The path attribute with value [/PlantiSHOP] in deployment descriptor [C:\Users\Marlon\apache-tomcat-9.0.89\conf\Catalina\localhost\PlantiSHOP.xml] has been ignored
01-Jul-2025 22:40:53.390 INFORMACIÓN [http-nio-8080-exec-5] org.apache.jasper.servlet.TldScanner.scanJars Al menos un JAR, que se ha explorado buscando TLDs, aún no contenía TLDs. Activar historial de depuración para este historiador para una completa lista de los JARs que fueron explorados y de los que nos se halló TLDs. Saltarse JARs no necesarios durante la exploración puede dar lugar a una mejora de tiempo significativa en el arranque y compilación de JSP .
01-Jul-2025 22:40:53.395 INFORMACIÓN [http-nio-8080-exec-5] org.apache.catalina.startup.HostConfig.deployDescriptor Deployment of deployment descriptor [C:\Users\Marlon\apache-tomcat-9.0.89\conf\Catalina\localhost\PlantiSHOP.xml] has finished in [618] ms
01-Jul-2025 22:40:53.398 INFORMACIÓN [http-nio-8080-exec-9] org.apache.catalina.util.LifecycleBase.start The start() method was called on component [StandardEngine[Catalina].StandardHost[localhost].StandardContext[/PlantiSHOP]] after start() had already been called. The second call will be ignored.
01-Jul-2025 22:52:31.735 INFORMACIÓN [main] org.apache.catalina.core.StandardServer.await Se ha recibido un comando de apagado a través del puerto de apagado. Parando la instancia del Servidor.
01-Jul-2025 22:52:31.736 INFORMACIÓN [main] org.apache.coyote.AbstractProtocol.pause Pausing ProtocolHandler ["http-nio-8080"]
01-Jul-2025 22:52:31.903 INFORMACIÓN [main] org.apache.catalina.core.StandardService.stopInternal Parando servicio [Catalina]
01-Jul-2025 22:52:31.914 ADVERTENCIA [main] org.apache.catalina.loader.WebappClassLoaderBase.clearReferencesJdbc La aplicación web [PlantiSHOP] registró el conductor JDBC [com.mysql.cj.jdbc.Driver] pero falló al anular el registro mientras la aplicación web estaba parada. Para prevenir un fallo de memoria, se ha anulado el registro del conductor JDBC por la fuerza.
01-Jul-2025 22:52:31.914 ADVERTENCIA [main] org.apache.catalina.loader.WebappClassLoaderBase.clearReferencesThreads The web application [PlantiSHOP] appears to have started a thread named [mysql-cj-abandoned-connection-cleanup] but has failed to stop it. This is very likely to create a memory leak. Stack trace of thread:
 java.lang.Object.wait(Native Method)
 java.lang.ref.ReferenceQueue.remove(ReferenceQueue.java:150)
 com.mysql.cj.jdbc.AbandonedConnectionCleanupThread.run(AbandonedConnectionCleanupThread.java:93)
 java.util.concurrent.ThreadPoolExecutor.runWorker(ThreadPoolExecutor.java:1149)
 java.util.concurrent.ThreadPoolExecutor$Worker.run(ThreadPoolExecutor.java:624)
 java.lang.Thread.run(Thread.java:750)
01-Jul-2025 22:52:31.920 INFORMACIÓN [main] org.apache.coyote.AbstractProtocol.stop Stopping ProtocolHandler ["http-nio-8080"]
01-Jul-2025 22:52:31.933 INFORMACIÓN [main] org.apache.coyote.AbstractProtocol.destroy Destroying ProtocolHandler ["http-nio-8080"]
