26-Jun-2025 09:22:59.206 INFORMACIÓN [main] org.apache.catalina.startup.VersionLoggerListener.log Nombre de la versión del servidor: Apache Tomcat/9.0.89
26-Jun-2025 09:22:59.210 INFORMACIÓN [main] org.apache.catalina.startup.VersionLoggerListener.log Server built:                      May 3 2024 20:22:11 UTC
26-Jun-2025 09:22:59.210 INFORMACIÓN [main] org.apache.catalina.startup.VersionLoggerListener.log Número de versión de servidor:     9.0.89.0
26-Jun-2025 09:22:59.210 INFORMACIÓN [main] org.apache.catalina.startup.VersionLoggerListener.log OS Name:                           Windows 11
26-Jun-2025 09:22:59.210 INFORMACIÓN [main] org.apache.catalina.startup.VersionLoggerListener.log Versión de Systema Operativo:      10.0
26-Jun-2025 09:22:59.210 INFORMACIÓN [main] org.apache.catalina.startup.VersionLoggerListener.log Arquitectura:                      amd64
26-Jun-2025 09:22:59.210 INFORMACIÓN [main] org.apache.catalina.startup.VersionLoggerListener.log Java Home:                         C:\Program Files\Java\jdk-1.8\jre
26-Jun-2025 09:22:59.210 INFORMACIÓN [main] org.apache.catalina.startup.VersionLoggerListener.log JVM Version:                       1.8.0_381-b09
26-Jun-2025 09:22:59.210 INFORMACIÓN [main] org.apache.catalina.startup.VersionLoggerListener.log Vededor JVM:                       Oracle Corporation
26-Jun-2025 09:22:59.210 INFORMACIÓN [main] org.apache.catalina.startup.VersionLoggerListener.log CATALINA_BASE:                     C:\Users\Marlon\apache-tomcat-9.0.89
26-Jun-2025 09:22:59.210 INFORMACIÓN [main] org.apache.catalina.startup.VersionLoggerListener.log CATALINA_HOME:                     C:\Users\Marlon\apache-tomcat-9.0.89
26-Jun-2025 09:22:59.212 INFORMACIÓN [main] org.apache.catalina.startup.VersionLoggerListener.log Command line argument:             -Djava.util.logging.config.file=C:\Users\Marlon\apache-tomcat-9.0.89\conf\logging.properties
26-Jun-2025 09:22:59.213 INFORMACIÓN [main] org.apache.catalina.startup.VersionLoggerListener.log Command line argument:             -Djava.util.logging.manager=org.apache.juli.ClassLoaderLogManager
26-Jun-2025 09:22:59.213 INFORMACIÓN [main] org.apache.catalina.startup.VersionLoggerListener.log Command line argument:             -Djdk.tls.ephemeralDHKeySize=2048
26-Jun-2025 09:22:59.213 INFORMACIÓN [main] org.apache.catalina.startup.VersionLoggerListener.log Command line argument:             -Djava.protocol.handler.pkgs=org.apache.catalina.webresources
26-Jun-2025 09:22:59.213 INFORMACIÓN [main] org.apache.catalina.startup.VersionLoggerListener.log Command line argument:             -Dignore.endorsed.dirs=
26-Jun-2025 09:22:59.213 INFORMACIÓN [main] org.apache.catalina.startup.VersionLoggerListener.log Command line argument:             -Dcatalina.base=C:\Users\Marlon\apache-tomcat-9.0.89
26-Jun-2025 09:22:59.213 INFORMACIÓN [main] org.apache.catalina.startup.VersionLoggerListener.log Command line argument:             -Dcatalina.home=C:\Users\Marlon\apache-tomcat-9.0.89
26-Jun-2025 09:22:59.213 INFORMACIÓN [main] org.apache.catalina.startup.VersionLoggerListener.log Command line argument:             -Djava.io.tmpdir=C:\Users\Marlon\apache-tomcat-9.0.89\temp
26-Jun-2025 09:22:59.227 INFORMACIÓN [main] org.apache.catalina.core.AprLifecycleListener.lifecycleEvent Cargada la biblioteca nativa APR de Apache Tomcat [1.3.0] con la versión APR [1.7.4].
26-Jun-2025 09:22:59.227 INFORMACIÓN [main] org.apache.catalina.core.AprLifecycleListener.lifecycleEvent Capacidades APR: IPv6 [true], enviar fichero [true], aceptar filtros [false], aleatorio [true], UDS [true].
26-Jun-2025 09:22:59.227 INFORMACIÓN [main] org.apache.catalina.core.AprLifecycleListener.lifecycleEvent APR/OpenSSL configuration: useAprConnector [false], useOpenSSL [true]
26-Jun-2025 09:22:59.264 INFORMACIÓN [main] org.apache.catalina.core.AprLifecycleListener.initializeSSL OpenSSL inicializado correctamente [OpenSSL 3.0.13 30 Jan 2024]
26-Jun-2025 09:22:59.745 INFORMACIÓN [main] org.apache.coyote.AbstractProtocol.init Inicializando el manejador de protocolo ["http-nio-8080"]

26-Jun-2025 09:22:59.786 INFORMACIÓN [main] org.apache.catalina.startup.Catalina.load Server initialization in [818] milliseconds
26-Jun-2025 09:22:59.852 INFORMACIÓN [main] org.apache.catalina.core.StandardService.startInternal Arrancando servicio [Catalina]
26-Jun-2025 09:22:59.854 INFORMACIÓN [main] org.apache.catalina.core.StandardEngine.startInternal Starting Servlet engine: [Apache Tomcat/9.0.89]
26-Jun-2025 09:22:59.867 INFORMACIÓN [main] org.apache.catalina.startup.HostConfig.deployDescriptor Desplieque del descriptor de configuración [C:\Users\Marlon\apache-tomcat-9.0.89\conf\Catalina\localhost\Beyond.xml]
26-Jun-2025 09:22:59.899 ADVERTENCIA [main] org.apache.catalina.startup.HostConfig.deployDescriptor The path attribute with value [/Beyond] in deployment descriptor [C:\Users\Marlon\apache-tomcat-9.0.89\conf\Catalina\localhost\Beyond.xml] has been ignored
26-Jun-2025 09:22:59.944 GRAVE [main] org.apache.catalina.startup.HostConfig.deployDescriptor Error durante el despliegue del descriptor de configuración [C:\Users\Marlon\apache-tomcat-9.0.89\conf\Catalina\localhost\Beyond.xml]
	java.lang.IllegalStateException: Error starting child
		at org.apache.catalina.core.ContainerBase.addChildInternal(ContainerBase.java:602)
		at org.apache.catalina.core.ContainerBase.addChild(ContainerBase.java:571)
		at org.apache.catalina.core.StandardHost.addChild(StandardHost.java:603)
		at org.apache.catalina.startup.HostConfig.deployDescriptor(HostConfig.java:680)
		at org.apache.catalina.startup.HostConfig$DeployDescriptor.run(HostConfig.java:1844)
		at java.util.concurrent.Executors$RunnableAdapter.call(Executors.java:511)
		at java.util.concurrent.FutureTask.run(FutureTask.java:266)
		at org.apache.tomcat.util.threads.InlineExecutorService.execute(InlineExecutorService.java:75)
		at java.util.concurrent.AbstractExecutorService.submit(AbstractExecutorService.java:112)
		at org.apache.catalina.startup.HostConfig.deployDescriptors(HostConfig.java:575)
		at org.apache.catalina.startup.HostConfig.deployApps(HostConfig.java:466)
		at org.apache.catalina.startup.HostConfig.start(HostConfig.java:1584)
		at org.apache.catalina.startup.HostConfig.lifecycleEvent(HostConfig.java:312)
		at org.apache.catalina.util.LifecycleBase.fireLifecycleEvent(LifecycleBase.java:114)
		at org.apache.catalina.util.LifecycleBase.setStateInternal(LifecycleBase.java:402)
		at org.apache.catalina.util.LifecycleBase.setState(LifecycleBase.java:345)
		at org.apache.catalina.core.ContainerBase.startInternal(ContainerBase.java:776)
		at org.apache.catalina.core.StandardHost.startInternal(StandardHost.java:721)
		at org.apache.catalina.util.LifecycleBase.start(LifecycleBase.java:171)
		at org.apache.catalina.core.ContainerBase$StartChild.call(ContainerBase.java:1203)
		at org.apache.catalina.core.ContainerBase$StartChild.call(ContainerBase.java:1193)
		at java.util.concurrent.FutureTask.run(FutureTask.java:266)
		at org.apache.tomcat.util.threads.InlineExecutorService.execute(InlineExecutorService.java:75)
		at java.util.concurrent.AbstractExecutorService.submit(AbstractExecutorService.java:134)
		at org.apache.catalina.core.ContainerBase.startInternal(ContainerBase.java:749)
		at org.apache.catalina.core.StandardEngine.startInternal(StandardEngine.java:211)
		at org.apache.catalina.util.LifecycleBase.start(LifecycleBase.java:171)
		at org.apache.catalina.core.StandardService.startInternal(StandardService.java:415)
		at org.apache.catalina.util.LifecycleBase.start(LifecycleBase.java:171)
		at org.apache.catalina.core.StandardServer.startInternal(StandardServer.java:878)
		at org.apache.catalina.util.LifecycleBase.start(LifecycleBase.java:171)
		at org.apache.catalina.startup.Catalina.start(Catalina.java:735)
		at sun.reflect.NativeMethodAccessorImpl.invoke0(Native Method)
		at sun.reflect.NativeMethodAccessorImpl.invoke(NativeMethodAccessorImpl.java:62)
		at sun.reflect.DelegatingMethodAccessorImpl.invoke(DelegatingMethodAccessorImpl.java:43)
		at java.lang.reflect.Method.invoke(Method.java:498)
		at org.apache.catalina.startup.Bootstrap.start(Bootstrap.java:345)
		at org.apache.catalina.startup.Bootstrap.main(Bootstrap.java:473)
	Caused by: org.apache.catalina.LifecycleException: Failed to start component [org.apache.catalina.webresources.StandardRoot@69379752]
		at org.apache.catalina.util.LifecycleBase.handleSubClassException(LifecycleBase.java:419)
		at org.apache.catalina.util.LifecycleBase.start(LifecycleBase.java:186)
		at org.apache.catalina.core.StandardContext.resourcesStart(StandardContext.java:4120)
		at org.apache.catalina.core.StandardContext.startInternal(StandardContext.java:4242)
		at org.apache.catalina.util.LifecycleBase.start(LifecycleBase.java:171)
		at org.apache.catalina.core.ContainerBase.addChildInternal(ContainerBase.java:599)
		... 37 more
	Caused by: java.lang.IllegalArgumentException: The main resource set specified [F:\LDS - Final\Beyond\build\web] is not a directory or war file, or is not readable (it does not exist or permissions to access it are missing)
		at org.apache.catalina.webresources.StandardRoot.createMainResourceSet(StandardRoot.java:749)
		at org.apache.catalina.webresources.StandardRoot.startInternal(StandardRoot.java:707)
		at org.apache.catalina.util.LifecycleBase.start(LifecycleBase.java:171)
		... 41 more
26-Jun-2025 09:22:59.953 INFORMACIÓN [main] org.apache.catalina.startup.HostConfig.deployDescriptor Deployment of deployment descriptor [C:\Users\Marlon\apache-tomcat-9.0.89\conf\Catalina\localhost\Beyond.xml] has finished in [83] ms
26-Jun-2025 09:22:59.953 INFORMACIÓN [main] org.apache.catalina.startup.HostConfig.deployDescriptor Desplieque del descriptor de configuración [C:\Users\Marlon\apache-tomcat-9.0.89\conf\Catalina\localhost\PlantiSHOP.xml]
26-Jun-2025 09:22:59.955 ADVERTENCIA [main] org.apache.catalina.startup.HostConfig.deployDescriptor The path attribute with value [/PlantiSHOP] in deployment descriptor [C:\Users\Marlon\apache-tomcat-9.0.89\conf\Catalina\localhost\PlantiSHOP.xml] has been ignored
26-Jun-2025 09:22:59.964 GRAVE [main] org.apache.catalina.startup.HostConfig.deployDescriptor Error durante el despliegue del descriptor de configuración [C:\Users\Marlon\apache-tomcat-9.0.89\conf\Catalina\localhost\PlantiSHOP.xml]
	java.lang.IllegalStateException: Error starting child
		at org.apache.catalina.core.ContainerBase.addChildInternal(ContainerBase.java:602)
		at org.apache.catalina.core.ContainerBase.addChild(ContainerBase.java:571)
		at org.apache.catalina.core.StandardHost.addChild(StandardHost.java:603)
		at org.apache.catalina.startup.HostConfig.deployDescriptor(HostConfig.java:680)
		at org.apache.catalina.startup.HostConfig$DeployDescriptor.run(HostConfig.java:1844)
		at java.util.concurrent.Executors$RunnableAdapter.call(Executors.java:511)
		at java.util.concurrent.FutureTask.run(FutureTask.java:266)
		at org.apache.tomcat.util.threads.InlineExecutorService.execute(InlineExecutorService.java:75)
		at java.util.concurrent.AbstractExecutorService.submit(AbstractExecutorService.java:112)
		at org.apache.catalina.startup.HostConfig.deployDescriptors(HostConfig.java:575)
		at org.apache.catalina.startup.HostConfig.deployApps(HostConfig.java:466)
		at org.apache.catalina.startup.HostConfig.start(HostConfig.java:1584)
		at org.apache.catalina.startup.HostConfig.lifecycleEvent(HostConfig.java:312)
		at org.apache.catalina.util.LifecycleBase.fireLifecycleEvent(LifecycleBase.java:114)
		at org.apache.catalina.util.LifecycleBase.setStateInternal(LifecycleBase.java:402)
		at org.apache.catalina.util.LifecycleBase.setState(LifecycleBase.java:345)
		at org.apache.catalina.core.ContainerBase.startInternal(ContainerBase.java:776)
		at org.apache.catalina.core.StandardHost.startInternal(StandardHost.java:721)
		at org.apache.catalina.util.LifecycleBase.start(LifecycleBase.java:171)
		at org.apache.catalina.core.ContainerBase$StartChild.call(ContainerBase.java:1203)
		at org.apache.catalina.core.ContainerBase$StartChild.call(ContainerBase.java:1193)
		at java.util.concurrent.FutureTask.run(FutureTask.java:266)
		at org.apache.tomcat.util.threads.InlineExecutorService.execute(InlineExecutorService.java:75)
		at java.util.concurrent.AbstractExecutorService.submit(AbstractExecutorService.java:134)
		at org.apache.catalina.core.ContainerBase.startInternal(ContainerBase.java:749)
		at org.apache.catalina.core.StandardEngine.startInternal(StandardEngine.java:211)
		at org.apache.catalina.util.LifecycleBase.start(LifecycleBase.java:171)
		at org.apache.catalina.core.StandardService.startInternal(StandardService.java:415)
		at org.apache.catalina.util.LifecycleBase.start(LifecycleBase.java:171)
		at org.apache.catalina.core.StandardServer.startInternal(StandardServer.java:878)
		at org.apache.catalina.util.LifecycleBase.start(LifecycleBase.java:171)
		at org.apache.catalina.startup.Catalina.start(Catalina.java:735)
		at sun.reflect.NativeMethodAccessorImpl.invoke0(Native Method)
		at sun.reflect.NativeMethodAccessorImpl.invoke(NativeMethodAccessorImpl.java:62)
		at sun.reflect.DelegatingMethodAccessorImpl.invoke(DelegatingMethodAccessorImpl.java:43)
		at java.lang.reflect.Method.invoke(Method.java:498)
		at org.apache.catalina.startup.Bootstrap.start(Bootstrap.java:345)
		at org.apache.catalina.startup.Bootstrap.main(Bootstrap.java:473)
	Caused by: org.apache.catalina.LifecycleException: Failed to start component [org.apache.catalina.webresources.StandardRoot@5e57643e]
		at org.apache.catalina.util.LifecycleBase.handleSubClassException(LifecycleBase.java:419)
		at org.apache.catalina.util.LifecycleBase.start(LifecycleBase.java:186)
		at org.apache.catalina.core.StandardContext.resourcesStart(StandardContext.java:4120)
		at org.apache.catalina.core.StandardContext.startInternal(StandardContext.java:4242)
		at org.apache.catalina.util.LifecycleBase.start(LifecycleBase.java:171)
		at org.apache.catalina.core.ContainerBase.addChildInternal(ContainerBase.java:599)
		... 37 more
	Caused by: java.lang.IllegalArgumentException: The main resource set specified [E:\PlantiSHOP\build\web] is not a directory or war file, or is not readable (it does not exist or permissions to access it are missing)
		at org.apache.catalina.webresources.StandardRoot.createMainResourceSet(StandardRoot.java:749)
		at org.apache.catalina.webresources.StandardRoot.startInternal(StandardRoot.java:707)
		at org.apache.catalina.util.LifecycleBase.start(LifecycleBase.java:171)
		... 41 more
26-Jun-2025 09:23:00.093 INFORMACIÓN [main] org.apache.catalina.startup.HostConfig.deployDescriptor Deployment of deployment descriptor [C:\Users\Marlon\apache-tomcat-9.0.89\conf\Catalina\localhost\PlantiSHOP.xml] has finished in [138] ms
26-Jun-2025 09:23:00.094 INFORMACIÓN [main] org.apache.catalina.startup.HostConfig.deployDescriptor Desplieque del descriptor de configuración [C:\Users\Marlon\apache-tomcat-9.0.89\conf\Catalina\localhost\WebApplication1.xml]
26-Jun-2025 09:23:00.097 ADVERTENCIA [main] org.apache.catalina.startup.HostConfig.deployDescriptor The path attribute with value [/WebApplication1] in deployment descriptor [C:\Users\Marlon\apache-tomcat-9.0.89\conf\Catalina\localhost\WebApplication1.xml] has been ignored
26-Jun-2025 09:23:00.109 GRAVE [main] org.apache.catalina.startup.HostConfig.deployDescriptor Error durante el despliegue del descriptor de configuración [C:\Users\Marlon\apache-tomcat-9.0.89\conf\Catalina\localhost\WebApplication1.xml]
	java.lang.IllegalStateException: Error starting child
		at org.apache.catalina.core.ContainerBase.addChildInternal(ContainerBase.java:602)
		at org.apache.catalina.core.ContainerBase.addChild(ContainerBase.java:571)
		at org.apache.catalina.core.StandardHost.addChild(StandardHost.java:603)
		at org.apache.catalina.startup.HostConfig.deployDescriptor(HostConfig.java:680)
		at org.apache.catalina.startup.HostConfig$DeployDescriptor.run(HostConfig.java:1844)
		at java.util.concurrent.Executors$RunnableAdapter.call(Executors.java:511)
		at java.util.concurrent.FutureTask.run(FutureTask.java:266)
		at org.apache.tomcat.util.threads.InlineExecutorService.execute(InlineExecutorService.java:75)
		at java.util.concurrent.AbstractExecutorService.submit(AbstractExecutorService.java:112)
		at org.apache.catalina.startup.HostConfig.deployDescriptors(HostConfig.java:575)
		at org.apache.catalina.startup.HostConfig.deployApps(HostConfig.java:466)
		at org.apache.catalina.startup.HostConfig.start(HostConfig.java:1584)
		at org.apache.catalina.startup.HostConfig.lifecycleEvent(HostConfig.java:312)
		at org.apache.catalina.util.LifecycleBase.fireLifecycleEvent(LifecycleBase.java:114)
		at org.apache.catalina.util.LifecycleBase.setStateInternal(LifecycleBase.java:402)
		at org.apache.catalina.util.LifecycleBase.setState(LifecycleBase.java:345)
		at org.apache.catalina.core.ContainerBase.startInternal(ContainerBase.java:776)
		at org.apache.catalina.core.StandardHost.startInternal(StandardHost.java:721)
		at org.apache.catalina.util.LifecycleBase.start(LifecycleBase.java:171)
		at org.apache.catalina.core.ContainerBase$StartChild.call(ContainerBase.java:1203)
		at org.apache.catalina.core.ContainerBase$StartChild.call(ContainerBase.java:1193)
		at java.util.concurrent.FutureTask.run(FutureTask.java:266)
		at org.apache.tomcat.util.threads.InlineExecutorService.execute(InlineExecutorService.java:75)
		at java.util.concurrent.AbstractExecutorService.submit(AbstractExecutorService.java:134)
		at org.apache.catalina.core.ContainerBase.startInternal(ContainerBase.java:749)
		at org.apache.catalina.core.StandardEngine.startInternal(StandardEngine.java:211)
		at org.apache.catalina.util.LifecycleBase.start(LifecycleBase.java:171)
		at org.apache.catalina.core.StandardService.startInternal(StandardService.java:415)
		at org.apache.catalina.util.LifecycleBase.start(LifecycleBase.java:171)
		at org.apache.catalina.core.StandardServer.startInternal(StandardServer.java:878)
		at org.apache.catalina.util.LifecycleBase.start(LifecycleBase.java:171)
		at org.apache.catalina.startup.Catalina.start(Catalina.java:735)
		at sun.reflect.NativeMethodAccessorImpl.invoke0(Native Method)
		at sun.reflect.NativeMethodAccessorImpl.invoke(NativeMethodAccessorImpl.java:62)
		at sun.reflect.DelegatingMethodAccessorImpl.invoke(DelegatingMethodAccessorImpl.java:43)
		at java.lang.reflect.Method.invoke(Method.java:498)
		at org.apache.catalina.startup.Bootstrap.start(Bootstrap.java:345)
		at org.apache.catalina.startup.Bootstrap.main(Bootstrap.java:473)
	Caused by: org.apache.catalina.LifecycleException: Failed to start component [org.apache.catalina.webresources.StandardRoot@1cab0bfb]
		at org.apache.catalina.util.LifecycleBase.handleSubClassException(LifecycleBase.java:419)
		at org.apache.catalina.util.LifecycleBase.start(LifecycleBase.java:186)
		at org.apache.catalina.core.StandardContext.resourcesStart(StandardContext.java:4120)
		at org.apache.catalina.core.StandardContext.startInternal(StandardContext.java:4242)
		at org.apache.catalina.util.LifecycleBase.start(LifecycleBase.java:171)
		at org.apache.catalina.core.ContainerBase.addChildInternal(ContainerBase.java:599)
		... 37 more
	Caused by: java.lang.IllegalArgumentException: The main resource set specified [C:\Users\Marlon\Documents\NetBeansProjects\WebApplication1\build\web] is not a directory or war file, or is not readable (it does not exist or permissions to access it are missing)
		at org.apache.catalina.webresources.StandardRoot.createMainResourceSet(StandardRoot.java:749)
		at org.apache.catalina.webresources.StandardRoot.startInternal(StandardRoot.java:707)
		at org.apache.catalina.util.LifecycleBase.start(LifecycleBase.java:171)
		... 41 more
26-Jun-2025 09:23:00.171 INFORMACIÓN [main] org.apache.catalina.startup.HostConfig.deployDescriptor Deployment of deployment descriptor [C:\Users\Marlon\apache-tomcat-9.0.89\conf\Catalina\localhost\WebApplication1.xml] has finished in [77] ms
26-Jun-2025 09:23:00.171 INFORMACIÓN [main] org.apache.catalina.startup.HostConfig.deployDirectory Desplegando el directorio [C:\Users\Marlon\apache-tomcat-9.0.89\webapps\docs] de la aplicación web
26-Jun-2025 09:23:00.740 ADVERTENCIA [main] org.apache.catalina.util.SessionIdGeneratorBase.createSecureRandom Creation of SecureRandom instance for session ID generation using [SHA1PRNG] took [193] milliseconds.
26-Jun-2025 09:23:00.765 INFORMACIÓN [main] org.apache.catalina.startup.HostConfig.deployDirectory Deployment of web application directory [C:\Users\Marlon\apache-tomcat-9.0.89\webapps\docs] has finished in [594] ms
26-Jun-2025 09:23:00.765 INFORMACIÓN [main] org.apache.catalina.startup.HostConfig.deployDirectory Desplegando el directorio [C:\Users\Marlon\apache-tomcat-9.0.89\webapps\examples] de la aplicación web
26-Jun-2025 09:23:01.306 INFORMACIÓN [main] org.apache.catalina.startup.HostConfig.deployDirectory Deployment of web application directory [C:\Users\Marlon\apache-tomcat-9.0.89\webapps\examples] has finished in [540] ms
26-Jun-2025 09:23:01.306 INFORMACIÓN [main] org.apache.catalina.startup.HostConfig.deployDirectory Desplegando el directorio [C:\Users\Marlon\apache-tomcat-9.0.89\webapps\host-manager] de la aplicación web
26-Jun-2025 09:23:01.353 INFORMACIÓN [main] org.apache.catalina.startup.HostConfig.deployDirectory Deployment of web application directory [C:\Users\Marlon\apache-tomcat-9.0.89\webapps\host-manager] has finished in [46] ms
26-Jun-2025 09:23:01.353 INFORMACIÓN [main] org.apache.catalina.startup.HostConfig.deployDirectory Desplegando el directorio [C:\Users\Marlon\apache-tomcat-9.0.89\webapps\manager] de la aplicación web
26-Jun-2025 09:23:01.420 INFORMACIÓN [main] org.apache.catalina.startup.HostConfig.deployDirectory Deployment of web application directory [C:\Users\Marlon\apache-tomcat-9.0.89\webapps\manager] has finished in [67] ms
26-Jun-2025 09:23:01.420 INFORMACIÓN [main] org.apache.catalina.startup.HostConfig.deployDirectory Desplegando el directorio [C:\Users\Marlon\apache-tomcat-9.0.89\webapps\ROOT] de la aplicación web
26-Jun-2025 09:23:01.463 INFORMACIÓN [main] org.apache.catalina.startup.HostConfig.deployDirectory Deployment of web application directory [C:\Users\Marlon\apache-tomcat-9.0.89\webapps\ROOT] has finished in [43] ms
26-Jun-2025 09:23:01.469 INFORMACIÓN [main] org.apache.coyote.AbstractProtocol.start Starting ProtocolHandler ["http-nio-8080"]
26-Jun-2025 09:23:01.500 INFORMACIÓN [main] org.apache.catalina.startup.Catalina.start Server startup in [1714] milliseconds
26-Jun-2025 09:24:07.554 INFORMACIÓN [http-nio-8080-exec-7] org.apache.catalina.startup.HostConfig.undeploy Repliegue (undeploy) de la aplicación web que tiene como trayectoria de contexto [/PlantiSHOP]
26-Jun-2025 09:24:07.640 INFORMACIÓN [http-nio-8080-exec-10] org.apache.catalina.startup.HostConfig.deployDescriptor Desplieque del descriptor de configuración [C:\Users\Marlon\apache-tomcat-9.0.89\conf\Catalina\localhost\PlantiSHOP.xml]
26-Jun-2025 09:24:07.641 ADVERTENCIA [http-nio-8080-exec-10] org.apache.catalina.startup.HostConfig.deployDescriptor The path attribute with value [/PlantiSHOP] in deployment descriptor [C:\Users\Marlon\apache-tomcat-9.0.89\conf\Catalina\localhost\PlantiSHOP.xml] has been ignored
26-Jun-2025 09:24:08.357 INFORMACIÓN [http-nio-8080-exec-10] org.apache.jasper.servlet.TldScanner.scanJars Al menos un JAR, que se ha explorado buscando TLDs, aún no contenía TLDs. Activar historial de depuración para este historiador para una completa lista de los JARs que fueron explorados y de los que nos se halló TLDs. Saltarse JARs no necesarios durante la exploración puede dar lugar a una mejora de tiempo significativa en el arranque y compilación de JSP .
26-Jun-2025 09:24:08.363 INFORMACIÓN [http-nio-8080-exec-10] org.apache.catalina.startup.HostConfig.deployDescriptor Deployment of deployment descriptor [C:\Users\Marlon\apache-tomcat-9.0.89\conf\Catalina\localhost\PlantiSHOP.xml] has finished in [723] ms
26-Jun-2025 09:24:08.381 INFORMACIÓN [http-nio-8080-exec-6] org.apache.catalina.util.LifecycleBase.start The start() method was called on component [StandardEngine[Catalina].StandardHost[localhost].StandardContext[/PlantiSHOP]] after start() had already been called. The second call will be ignored.
26-Jun-2025 09:40:48.694 INFORMACIÓN [main] org.apache.catalina.core.StandardServer.await Se ha recibido un comando de apagado a través del puerto de apagado. Parando la instancia del Servidor.
26-Jun-2025 09:40:48.694 INFORMACIÓN [main] org.apache.coyote.AbstractProtocol.pause Pausing ProtocolHandler ["http-nio-8080"]
26-Jun-2025 09:40:48.867 INFORMACIÓN [main] org.apache.catalina.core.StandardService.stopInternal Parando servicio [Catalina]
26-Jun-2025 09:40:48.900 ADVERTENCIA [main] org.apache.catalina.loader.WebappClassLoaderBase.clearReferencesJdbc La aplicación web [PlantiSHOP] registró el conductor JDBC [com.mysql.cj.jdbc.Driver] pero falló al anular el registro mientras la aplicación web estaba parada. Para prevenir un fallo de memoria, se ha anulado el registro del conductor JDBC por la fuerza.
26-Jun-2025 09:40:48.901 ADVERTENCIA [main] org.apache.catalina.loader.WebappClassLoaderBase.clearReferencesThreads The web application [PlantiSHOP] appears to have started a thread named [mysql-cj-abandoned-connection-cleanup] but has failed to stop it. This is very likely to create a memory leak. Stack trace of thread:
 java.lang.Object.wait(Native Method)
 java.lang.ref.ReferenceQueue.remove(ReferenceQueue.java:150)
 com.mysql.cj.jdbc.AbandonedConnectionCleanupThread.run(AbandonedConnectionCleanupThread.java:93)
 java.util.concurrent.ThreadPoolExecutor.runWorker(ThreadPoolExecutor.java:1149)
 java.util.concurrent.ThreadPoolExecutor$Worker.run(ThreadPoolExecutor.java:624)
 java.lang.Thread.run(Thread.java:750)
26-Jun-2025 09:40:48.907 INFORMACIÓN [main] org.apache.coyote.AbstractProtocol.stop Stopping ProtocolHandler ["http-nio-8080"]
26-Jun-2025 09:40:48.926 INFORMACIÓN [main] org.apache.coyote.AbstractProtocol.destroy Destroying ProtocolHandler ["http-nio-8080"]
26-Jun-2025 09:48:54.428 INFORMACIÓN [main] org.apache.catalina.startup.VersionLoggerListener.log Nombre de la versión del servidor: Apache Tomcat/9.0.89
26-Jun-2025 09:48:54.430 INFORMACIÓN [main] org.apache.catalina.startup.VersionLoggerListener.log Server built:                      May 3 2024 20:22:11 UTC
26-Jun-2025 09:48:54.430 INFORMACIÓN [main] org.apache.catalina.startup.VersionLoggerListener.log Número de versión de servidor:     9.0.89.0
26-Jun-2025 09:48:54.430 INFORMACIÓN [main] org.apache.catalina.startup.VersionLoggerListener.log OS Name:                           Windows 11
26-Jun-2025 09:48:54.430 INFORMACIÓN [main] org.apache.catalina.startup.VersionLoggerListener.log Versión de Systema Operativo:      10.0
26-Jun-2025 09:48:54.430 INFORMACIÓN [main] org.apache.catalina.startup.VersionLoggerListener.log Arquitectura:                      amd64
26-Jun-2025 09:48:54.430 INFORMACIÓN [main] org.apache.catalina.startup.VersionLoggerListener.log Java Home:                         C:\Program Files\Java\jdk-1.8\jre
26-Jun-2025 09:48:54.431 INFORMACIÓN [main] org.apache.catalina.startup.VersionLoggerListener.log JVM Version:                       1.8.0_381-b09
26-Jun-2025 09:48:54.431 INFORMACIÓN [main] org.apache.catalina.startup.VersionLoggerListener.log Vededor JVM:                       Oracle Corporation
26-Jun-2025 09:48:54.431 INFORMACIÓN [main] org.apache.catalina.startup.VersionLoggerListener.log CATALINA_BASE:                     C:\Users\Marlon\apache-tomcat-9.0.89
26-Jun-2025 09:48:54.431 INFORMACIÓN [main] org.apache.catalina.startup.VersionLoggerListener.log CATALINA_HOME:                     C:\Users\Marlon\apache-tomcat-9.0.89
26-Jun-2025 09:48:54.432 INFORMACIÓN [main] org.apache.catalina.startup.VersionLoggerListener.log Command line argument:             -Djava.util.logging.config.file=C:\Users\Marlon\apache-tomcat-9.0.89\conf\logging.properties
26-Jun-2025 09:48:54.432 INFORMACIÓN [main] org.apache.catalina.startup.VersionLoggerListener.log Command line argument:             -Djava.util.logging.manager=org.apache.juli.ClassLoaderLogManager
26-Jun-2025 09:48:54.432 INFORMACIÓN [main] org.apache.catalina.startup.VersionLoggerListener.log Command line argument:             -Djdk.tls.ephemeralDHKeySize=2048
26-Jun-2025 09:48:54.432 INFORMACIÓN [main] org.apache.catalina.startup.VersionLoggerListener.log Command line argument:             -Djava.protocol.handler.pkgs=org.apache.catalina.webresources
26-Jun-2025 09:48:54.432 INFORMACIÓN [main] org.apache.catalina.startup.VersionLoggerListener.log Command line argument:             -Dignore.endorsed.dirs=
26-Jun-2025 09:48:54.432 INFORMACIÓN [main] org.apache.catalina.startup.VersionLoggerListener.log Command line argument:             -Dcatalina.base=C:\Users\Marlon\apache-tomcat-9.0.89
26-Jun-2025 09:48:54.432 INFORMACIÓN [main] org.apache.catalina.startup.VersionLoggerListener.log Command line argument:             -Dcatalina.home=C:\Users\Marlon\apache-tomcat-9.0.89
26-Jun-2025 09:48:54.432 INFORMACIÓN [main] org.apache.catalina.startup.VersionLoggerListener.log Command line argument:             -Djava.io.tmpdir=C:\Users\Marlon\apache-tomcat-9.0.89\temp
26-Jun-2025 09:48:54.437 INFORMACIÓN [main] org.apache.catalina.core.AprLifecycleListener.lifecycleEvent Cargada la biblioteca nativa APR de Apache Tomcat [1.3.0] con la versión APR [1.7.4].
26-Jun-2025 09:48:54.437 INFORMACIÓN [main] org.apache.catalina.core.AprLifecycleListener.lifecycleEvent Capacidades APR: IPv6 [true], enviar fichero [true], aceptar filtros [false], aleatorio [true], UDS [true].
26-Jun-2025 09:48:54.437 INFORMACIÓN [main] org.apache.catalina.core.AprLifecycleListener.lifecycleEvent APR/OpenSSL configuration: useAprConnector [false], useOpenSSL [true]
26-Jun-2025 09:48:54.442 INFORMACIÓN [main] org.apache.catalina.core.AprLifecycleListener.initializeSSL OpenSSL inicializado correctamente [OpenSSL 3.0.13 30 Jan 2024]
26-Jun-2025 09:48:54.758 INFORMACIÓN [main] org.apache.coyote.AbstractProtocol.init Inicializando el manejador de protocolo ["http-nio-8080"]

26-Jun-2025 09:48:54.778 INFORMACIÓN [main] org.apache.catalina.startup.Catalina.load Server initialization in [516] milliseconds
26-Jun-2025 09:48:54.813 INFORMACIÓN [main] org.apache.catalina.core.StandardService.startInternal Arrancando servicio [Catalina]
26-Jun-2025 09:48:54.813 INFORMACIÓN [main] org.apache.catalina.core.StandardEngine.startInternal Starting Servlet engine: [Apache Tomcat/9.0.89]
26-Jun-2025 09:48:54.824 INFORMACIÓN [main] org.apache.catalina.startup.HostConfig.deployDescriptor Desplieque del descriptor de configuración [C:\Users\Marlon\apache-tomcat-9.0.89\conf\Catalina\localhost\Beyond.xml]
26-Jun-2025 09:48:54.852 ADVERTENCIA [main] org.apache.catalina.startup.HostConfig.deployDescriptor The path attribute with value [/Beyond] in deployment descriptor [C:\Users\Marlon\apache-tomcat-9.0.89\conf\Catalina\localhost\Beyond.xml] has been ignored
26-Jun-2025 09:48:54.882 GRAVE [main] org.apache.catalina.startup.HostConfig.deployDescriptor Error durante el despliegue del descriptor de configuración [C:\Users\Marlon\apache-tomcat-9.0.89\conf\Catalina\localhost\Beyond.xml]
	java.lang.IllegalStateException: Error starting child
		at org.apache.catalina.core.ContainerBase.addChildInternal(ContainerBase.java:602)
		at org.apache.catalina.core.ContainerBase.addChild(ContainerBase.java:571)
		at org.apache.catalina.core.StandardHost.addChild(StandardHost.java:603)
		at org.apache.catalina.startup.HostConfig.deployDescriptor(HostConfig.java:680)
		at org.apache.catalina.startup.HostConfig$DeployDescriptor.run(HostConfig.java:1844)
		at java.util.concurrent.Executors$RunnableAdapter.call(Executors.java:511)
		at java.util.concurrent.FutureTask.run(FutureTask.java:266)
		at org.apache.tomcat.util.threads.InlineExecutorService.execute(InlineExecutorService.java:75)
		at java.util.concurrent.AbstractExecutorService.submit(AbstractExecutorService.java:112)
		at org.apache.catalina.startup.HostConfig.deployDescriptors(HostConfig.java:575)
		at org.apache.catalina.startup.HostConfig.deployApps(HostConfig.java:466)
		at org.apache.catalina.startup.HostConfig.start(HostConfig.java:1584)
		at org.apache.catalina.startup.HostConfig.lifecycleEvent(HostConfig.java:312)
		at org.apache.catalina.util.LifecycleBase.fireLifecycleEvent(LifecycleBase.java:114)
		at org.apache.catalina.util.LifecycleBase.setStateInternal(LifecycleBase.java:402)
		at org.apache.catalina.util.LifecycleBase.setState(LifecycleBase.java:345)
		at org.apache.catalina.core.ContainerBase.startInternal(ContainerBase.java:776)
		at org.apache.catalina.core.StandardHost.startInternal(StandardHost.java:721)
		at org.apache.catalina.util.LifecycleBase.start(LifecycleBase.java:171)
		at org.apache.catalina.core.ContainerBase$StartChild.call(ContainerBase.java:1203)
		at org.apache.catalina.core.ContainerBase$StartChild.call(ContainerBase.java:1193)
		at java.util.concurrent.FutureTask.run(FutureTask.java:266)
		at org.apache.tomcat.util.threads.InlineExecutorService.execute(InlineExecutorService.java:75)
		at java.util.concurrent.AbstractExecutorService.submit(AbstractExecutorService.java:134)
		at org.apache.catalina.core.ContainerBase.startInternal(ContainerBase.java:749)
		at org.apache.catalina.core.StandardEngine.startInternal(StandardEngine.java:211)
		at org.apache.catalina.util.LifecycleBase.start(LifecycleBase.java:171)
		at org.apache.catalina.core.StandardService.startInternal(StandardService.java:415)
		at org.apache.catalina.util.LifecycleBase.start(LifecycleBase.java:171)
		at org.apache.catalina.core.StandardServer.startInternal(StandardServer.java:878)
		at org.apache.catalina.util.LifecycleBase.start(LifecycleBase.java:171)
		at org.apache.catalina.startup.Catalina.start(Catalina.java:735)
		at sun.reflect.NativeMethodAccessorImpl.invoke0(Native Method)
		at sun.reflect.NativeMethodAccessorImpl.invoke(NativeMethodAccessorImpl.java:62)
		at sun.reflect.DelegatingMethodAccessorImpl.invoke(DelegatingMethodAccessorImpl.java:43)
		at java.lang.reflect.Method.invoke(Method.java:498)
		at org.apache.catalina.startup.Bootstrap.start(Bootstrap.java:345)
		at org.apache.catalina.startup.Bootstrap.main(Bootstrap.java:473)
	Caused by: org.apache.catalina.LifecycleException: Failed to start component [org.apache.catalina.webresources.StandardRoot@69379752]
		at org.apache.catalina.util.LifecycleBase.handleSubClassException(LifecycleBase.java:419)
		at org.apache.catalina.util.LifecycleBase.start(LifecycleBase.java:186)
		at org.apache.catalina.core.StandardContext.resourcesStart(StandardContext.java:4120)
		at org.apache.catalina.core.StandardContext.startInternal(StandardContext.java:4242)
		at org.apache.catalina.util.LifecycleBase.start(LifecycleBase.java:171)
		at org.apache.catalina.core.ContainerBase.addChildInternal(ContainerBase.java:599)
		... 37 more
	Caused by: java.lang.IllegalArgumentException: The main resource set specified [F:\LDS - Final\Beyond\build\web] is not a directory or war file, or is not readable (it does not exist or permissions to access it are missing)
		at org.apache.catalina.webresources.StandardRoot.createMainResourceSet(StandardRoot.java:749)
		at org.apache.catalina.webresources.StandardRoot.startInternal(StandardRoot.java:707)
		at org.apache.catalina.util.LifecycleBase.start(LifecycleBase.java:171)
		... 41 more
26-Jun-2025 09:48:54.927 INFORMACIÓN [main] org.apache.catalina.startup.HostConfig.deployDescriptor Deployment of deployment descriptor [C:\Users\Marlon\apache-tomcat-9.0.89\conf\Catalina\localhost\Beyond.xml] has finished in [101] ms
26-Jun-2025 09:48:54.928 INFORMACIÓN [main] org.apache.catalina.startup.HostConfig.deployDescriptor Desplieque del descriptor de configuración [C:\Users\Marlon\apache-tomcat-9.0.89\conf\Catalina\localhost\PlantiSHOP.xml]
26-Jun-2025 09:48:54.930 ADVERTENCIA [main] org.apache.catalina.startup.HostConfig.deployDescriptor The path attribute with value [/PlantiSHOP] in deployment descriptor [C:\Users\Marlon\apache-tomcat-9.0.89\conf\Catalina\localhost\PlantiSHOP.xml] has been ignored
26-Jun-2025 09:48:55.834 INFORMACIÓN [main] org.apache.jasper.servlet.TldScanner.scanJars Al menos un JAR, que se ha explorado buscando TLDs, aún no contenía TLDs. Activar historial de depuración para este historiador para una completa lista de los JARs que fueron explorados y de los que nos se halló TLDs. Saltarse JARs no necesarios durante la exploración puede dar lugar a una mejora de tiempo significativa en el arranque y compilación de JSP .
26-Jun-2025 09:48:56.047 ADVERTENCIA [main] org.apache.catalina.util.SessionIdGeneratorBase.createSecureRandom Creation of SecureRandom instance for session ID generation using [SHA1PRNG] took [187] milliseconds.
26-Jun-2025 09:48:56.080 INFORMACIÓN [main] org.apache.catalina.startup.HostConfig.deployDescriptor Deployment of deployment descriptor [C:\Users\Marlon\apache-tomcat-9.0.89\conf\Catalina\localhost\PlantiSHOP.xml] has finished in [1.152] ms
26-Jun-2025 09:48:56.080 INFORMACIÓN [main] org.apache.catalina.startup.HostConfig.deployDescriptor Desplieque del descriptor de configuración [C:\Users\Marlon\apache-tomcat-9.0.89\conf\Catalina\localhost\WebApplication1.xml]
26-Jun-2025 09:48:56.081 ADVERTENCIA [main] org.apache.catalina.startup.HostConfig.deployDescriptor The path attribute with value [/WebApplication1] in deployment descriptor [C:\Users\Marlon\apache-tomcat-9.0.89\conf\Catalina\localhost\WebApplication1.xml] has been ignored
26-Jun-2025 09:48:56.088 GRAVE [main] org.apache.catalina.startup.HostConfig.deployDescriptor Error durante el despliegue del descriptor de configuración [C:\Users\Marlon\apache-tomcat-9.0.89\conf\Catalina\localhost\WebApplication1.xml]
	java.lang.IllegalStateException: Error starting child
		at org.apache.catalina.core.ContainerBase.addChildInternal(ContainerBase.java:602)
		at org.apache.catalina.core.ContainerBase.addChild(ContainerBase.java:571)
		at org.apache.catalina.core.StandardHost.addChild(StandardHost.java:603)
		at org.apache.catalina.startup.HostConfig.deployDescriptor(HostConfig.java:680)
		at org.apache.catalina.startup.HostConfig$DeployDescriptor.run(HostConfig.java:1844)
		at java.util.concurrent.Executors$RunnableAdapter.call(Executors.java:511)
		at java.util.concurrent.FutureTask.run(FutureTask.java:266)
		at org.apache.tomcat.util.threads.InlineExecutorService.execute(InlineExecutorService.java:75)
		at java.util.concurrent.AbstractExecutorService.submit(AbstractExecutorService.java:112)
		at org.apache.catalina.startup.HostConfig.deployDescriptors(HostConfig.java:575)
		at org.apache.catalina.startup.HostConfig.deployApps(HostConfig.java:466)
		at org.apache.catalina.startup.HostConfig.start(HostConfig.java:1584)
		at org.apache.catalina.startup.HostConfig.lifecycleEvent(HostConfig.java:312)
		at org.apache.catalina.util.LifecycleBase.fireLifecycleEvent(LifecycleBase.java:114)
		at org.apache.catalina.util.LifecycleBase.setStateInternal(LifecycleBase.java:402)
		at org.apache.catalina.util.LifecycleBase.setState(LifecycleBase.java:345)
		at org.apache.catalina.core.ContainerBase.startInternal(ContainerBase.java:776)
		at org.apache.catalina.core.StandardHost.startInternal(StandardHost.java:721)
		at org.apache.catalina.util.LifecycleBase.start(LifecycleBase.java:171)
		at org.apache.catalina.core.ContainerBase$StartChild.call(ContainerBase.java:1203)
		at org.apache.catalina.core.ContainerBase$StartChild.call(ContainerBase.java:1193)
		at java.util.concurrent.FutureTask.run(FutureTask.java:266)
		at org.apache.tomcat.util.threads.InlineExecutorService.execute(InlineExecutorService.java:75)
		at java.util.concurrent.AbstractExecutorService.submit(AbstractExecutorService.java:134)
		at org.apache.catalina.core.ContainerBase.startInternal(ContainerBase.java:749)
		at org.apache.catalina.core.StandardEngine.startInternal(StandardEngine.java:211)
		at org.apache.catalina.util.LifecycleBase.start(LifecycleBase.java:171)
		at org.apache.catalina.core.StandardService.startInternal(StandardService.java:415)
		at org.apache.catalina.util.LifecycleBase.start(LifecycleBase.java:171)
		at org.apache.catalina.core.StandardServer.startInternal(StandardServer.java:878)
		at org.apache.catalina.util.LifecycleBase.start(LifecycleBase.java:171)
		at org.apache.catalina.startup.Catalina.start(Catalina.java:735)
		at sun.reflect.NativeMethodAccessorImpl.invoke0(Native Method)
		at sun.reflect.NativeMethodAccessorImpl.invoke(NativeMethodAccessorImpl.java:62)
		at sun.reflect.DelegatingMethodAccessorImpl.invoke(DelegatingMethodAccessorImpl.java:43)
		at java.lang.reflect.Method.invoke(Method.java:498)
		at org.apache.catalina.startup.Bootstrap.start(Bootstrap.java:345)
		at org.apache.catalina.startup.Bootstrap.main(Bootstrap.java:473)
	Caused by: org.apache.catalina.LifecycleException: Failed to start component [org.apache.catalina.webresources.StandardRoot@27068a50]
		at org.apache.catalina.util.LifecycleBase.handleSubClassException(LifecycleBase.java:419)
		at org.apache.catalina.util.LifecycleBase.start(LifecycleBase.java:186)
		at org.apache.catalina.core.StandardContext.resourcesStart(StandardContext.java:4120)
		at org.apache.catalina.core.StandardContext.startInternal(StandardContext.java:4242)
		at org.apache.catalina.util.LifecycleBase.start(LifecycleBase.java:171)
		at org.apache.catalina.core.ContainerBase.addChildInternal(ContainerBase.java:599)
		... 37 more
	Caused by: java.lang.IllegalArgumentException: The main resource set specified [C:\Users\Marlon\Documents\NetBeansProjects\WebApplication1\build\web] is not a directory or war file, or is not readable (it does not exist or permissions to access it are missing)
		at org.apache.catalina.webresources.StandardRoot.createMainResourceSet(StandardRoot.java:749)
		at org.apache.catalina.webresources.StandardRoot.startInternal(StandardRoot.java:707)
		at org.apache.catalina.util.LifecycleBase.start(LifecycleBase.java:171)
		... 41 more
26-Jun-2025 09:48:56.128 INFORMACIÓN [main] org.apache.catalina.startup.HostConfig.deployDescriptor Deployment of deployment descriptor [C:\Users\Marlon\apache-tomcat-9.0.89\conf\Catalina\localhost\WebApplication1.xml] has finished in [48] ms
26-Jun-2025 09:48:56.129 INFORMACIÓN [main] org.apache.catalina.startup.HostConfig.deployDirectory Desplegando el directorio [C:\Users\Marlon\apache-tomcat-9.0.89\webapps\docs] de la aplicación web
26-Jun-2025 09:48:56.173 INFORMACIÓN [main] org.apache.catalina.startup.HostConfig.deployDirectory Deployment of web application directory [C:\Users\Marlon\apache-tomcat-9.0.89\webapps\docs] has finished in [44] ms
26-Jun-2025 09:48:56.174 INFORMACIÓN [main] org.apache.catalina.startup.HostConfig.deployDirectory Desplegando el directorio [C:\Users\Marlon\apache-tomcat-9.0.89\webapps\examples] de la aplicación web
26-Jun-2025 09:48:56.555 INFORMACIÓN [main] org.apache.catalina.startup.HostConfig.deployDirectory Deployment of web application directory [C:\Users\Marlon\apache-tomcat-9.0.89\webapps\examples] has finished in [380] ms
26-Jun-2025 09:48:56.555 INFORMACIÓN [main] org.apache.catalina.startup.HostConfig.deployDirectory Desplegando el directorio [C:\Users\Marlon\apache-tomcat-9.0.89\webapps\host-manager] de la aplicación web
26-Jun-2025 09:48:56.599 INFORMACIÓN [main] org.apache.catalina.startup.HostConfig.deployDirectory Deployment of web application directory [C:\Users\Marlon\apache-tomcat-9.0.89\webapps\host-manager] has finished in [43] ms
26-Jun-2025 09:48:56.600 INFORMACIÓN [main] org.apache.catalina.startup.HostConfig.deployDirectory Desplegando el directorio [C:\Users\Marlon\apache-tomcat-9.0.89\webapps\manager] de la aplicación web
26-Jun-2025 09:48:56.644 INFORMACIÓN [main] org.apache.catalina.startup.HostConfig.deployDirectory Deployment of web application directory [C:\Users\Marlon\apache-tomcat-9.0.89\webapps\manager] has finished in [44] ms
26-Jun-2025 09:48:56.645 INFORMACIÓN [main] org.apache.catalina.startup.HostConfig.deployDirectory Desplegando el directorio [C:\Users\Marlon\apache-tomcat-9.0.89\webapps\ROOT] de la aplicación web
26-Jun-2025 09:48:56.682 INFORMACIÓN [main] org.apache.catalina.startup.HostConfig.deployDirectory Deployment of web application directory [C:\Users\Marlon\apache-tomcat-9.0.89\webapps\ROOT] has finished in [37] ms
26-Jun-2025 09:48:56.688 INFORMACIÓN [main] org.apache.coyote.AbstractProtocol.start Starting ProtocolHandler ["http-nio-8080"]
26-Jun-2025 09:48:56.703 INFORMACIÓN [main] org.apache.catalina.startup.Catalina.start Server startup in [1924] milliseconds
26-Jun-2025 09:48:57.370 INFORMACIÓN [http-nio-8080-exec-6] org.apache.catalina.startup.HostConfig.undeploy Repliegue (undeploy) de la aplicación web que tiene como trayectoria de contexto [/PlantiSHOP]
26-Jun-2025 09:48:57.421 INFORMACIÓN [http-nio-8080-exec-1] org.apache.catalina.startup.HostConfig.deployDescriptor Desplieque del descriptor de configuración [C:\Users\Marlon\apache-tomcat-9.0.89\conf\Catalina\localhost\PlantiSHOP.xml]
26-Jun-2025 09:48:57.423 ADVERTENCIA [http-nio-8080-exec-1] org.apache.catalina.startup.HostConfig.deployDescriptor The path attribute with value [/PlantiSHOP] in deployment descriptor [C:\Users\Marlon\apache-tomcat-9.0.89\conf\Catalina\localhost\PlantiSHOP.xml] has been ignored
26-Jun-2025 09:48:58.075 INFORMACIÓN [http-nio-8080-exec-1] org.apache.jasper.servlet.TldScanner.scanJars Al menos un JAR, que se ha explorado buscando TLDs, aún no contenía TLDs. Activar historial de depuración para este historiador para una completa lista de los JARs que fueron explorados y de los que nos se halló TLDs. Saltarse JARs no necesarios durante la exploración puede dar lugar a una mejora de tiempo significativa en el arranque y compilación de JSP .
26-Jun-2025 09:48:58.079 INFORMACIÓN [http-nio-8080-exec-1] org.apache.catalina.startup.HostConfig.deployDescriptor Deployment of deployment descriptor [C:\Users\Marlon\apache-tomcat-9.0.89\conf\Catalina\localhost\PlantiSHOP.xml] has finished in [658] ms
26-Jun-2025 09:48:58.082 INFORMACIÓN [http-nio-8080-exec-5] org.apache.catalina.util.LifecycleBase.start The start() method was called on component [StandardEngine[Catalina].StandardHost[localhost].StandardContext[/PlantiSHOP]] after start() had already been called. The second call will be ignored.
26-Jun-2025 09:52:33.961 INFORMACIÓN [main] org.apache.catalina.core.StandardServer.await Se ha recibido un comando de apagado a través del puerto de apagado. Parando la instancia del Servidor.
26-Jun-2025 09:52:33.962 INFORMACIÓN [main] org.apache.coyote.AbstractProtocol.pause Pausing ProtocolHandler ["http-nio-8080"]
26-Jun-2025 09:52:34.143 INFORMACIÓN [main] org.apache.catalina.core.StandardService.stopInternal Parando servicio [Catalina]
26-Jun-2025 09:52:34.166 ADVERTENCIA [main] org.apache.catalina.loader.WebappClassLoaderBase.clearReferencesJdbc La aplicación web [PlantiSHOP] registró el conductor JDBC [com.mysql.cj.jdbc.Driver] pero falló al anular el registro mientras la aplicación web estaba parada. Para prevenir un fallo de memoria, se ha anulado el registro del conductor JDBC por la fuerza.
26-Jun-2025 09:52:34.166 ADVERTENCIA [main] org.apache.catalina.loader.WebappClassLoaderBase.clearReferencesThreads The web application [PlantiSHOP] appears to have started a thread named [mysql-cj-abandoned-connection-cleanup] but has failed to stop it. This is very likely to create a memory leak. Stack trace of thread:
 java.lang.Object.wait(Native Method)
 java.lang.ref.ReferenceQueue.remove(ReferenceQueue.java:150)
 com.mysql.cj.jdbc.AbandonedConnectionCleanupThread.run(AbandonedConnectionCleanupThread.java:93)
 java.util.concurrent.ThreadPoolExecutor.runWorker(ThreadPoolExecutor.java:1149)
 java.util.concurrent.ThreadPoolExecutor$Worker.run(ThreadPoolExecutor.java:624)
 java.lang.Thread.run(Thread.java:750)
26-Jun-2025 09:52:34.175 INFORMACIÓN [main] org.apache.coyote.AbstractProtocol.stop Stopping ProtocolHandler ["http-nio-8080"]
26-Jun-2025 09:52:34.194 INFORMACIÓN [main] org.apache.coyote.AbstractProtocol.destroy Destroying ProtocolHandler ["http-nio-8080"]
26-Jun-2025 09:56:51.099 INFORMACIÓN [main] org.apache.catalina.startup.VersionLoggerListener.log Nombre de la versión del servidor: Apache Tomcat/9.0.89
26-Jun-2025 09:56:51.102 INFORMACIÓN [main] org.apache.catalina.startup.VersionLoggerListener.log Server built:                      May 3 2024 20:22:11 UTC
26-Jun-2025 09:56:51.103 INFORMACIÓN [main] org.apache.catalina.startup.VersionLoggerListener.log Número de versión de servidor:     9.0.89.0
26-Jun-2025 09:56:51.103 INFORMACIÓN [main] org.apache.catalina.startup.VersionLoggerListener.log OS Name:                           Windows 11
26-Jun-2025 09:56:51.103 INFORMACIÓN [main] org.apache.catalina.startup.VersionLoggerListener.log Versión de Systema Operativo:      10.0
26-Jun-2025 09:56:51.103 INFORMACIÓN [main] org.apache.catalina.startup.VersionLoggerListener.log Arquitectura:                      amd64
26-Jun-2025 09:56:51.103 INFORMACIÓN [main] org.apache.catalina.startup.VersionLoggerListener.log Java Home:                         C:\Program Files\Java\jdk-1.8\jre
26-Jun-2025 09:56:51.103 INFORMACIÓN [main] org.apache.catalina.startup.VersionLoggerListener.log JVM Version:                       1.8.0_381-b09
26-Jun-2025 09:56:51.103 INFORMACIÓN [main] org.apache.catalina.startup.VersionLoggerListener.log Vededor JVM:                       Oracle Corporation
26-Jun-2025 09:56:51.103 INFORMACIÓN [main] org.apache.catalina.startup.VersionLoggerListener.log CATALINA_BASE:                     C:\Users\Marlon\apache-tomcat-9.0.89
26-Jun-2025 09:56:51.103 INFORMACIÓN [main] org.apache.catalina.startup.VersionLoggerListener.log CATALINA_HOME:                     C:\Users\Marlon\apache-tomcat-9.0.89
26-Jun-2025 09:56:51.105 INFORMACIÓN [main] org.apache.catalina.startup.VersionLoggerListener.log Command line argument:             -Djava.util.logging.config.file=C:\Users\Marlon\apache-tomcat-9.0.89\conf\logging.properties
26-Jun-2025 09:56:51.105 INFORMACIÓN [main] org.apache.catalina.startup.VersionLoggerListener.log Command line argument:             -Djava.util.logging.manager=org.apache.juli.ClassLoaderLogManager
26-Jun-2025 09:56:51.105 INFORMACIÓN [main] org.apache.catalina.startup.VersionLoggerListener.log Command line argument:             -Djdk.tls.ephemeralDHKeySize=2048
26-Jun-2025 09:56:51.105 INFORMACIÓN [main] org.apache.catalina.startup.VersionLoggerListener.log Command line argument:             -Djava.protocol.handler.pkgs=org.apache.catalina.webresources
26-Jun-2025 09:56:51.105 INFORMACIÓN [main] org.apache.catalina.startup.VersionLoggerListener.log Command line argument:             -Dignore.endorsed.dirs=
26-Jun-2025 09:56:51.105 INFORMACIÓN [main] org.apache.catalina.startup.VersionLoggerListener.log Command line argument:             -Dcatalina.base=C:\Users\Marlon\apache-tomcat-9.0.89
26-Jun-2025 09:56:51.105 INFORMACIÓN [main] org.apache.catalina.startup.VersionLoggerListener.log Command line argument:             -Dcatalina.home=C:\Users\Marlon\apache-tomcat-9.0.89
26-Jun-2025 09:56:51.105 INFORMACIÓN [main] org.apache.catalina.startup.VersionLoggerListener.log Command line argument:             -Djava.io.tmpdir=C:\Users\Marlon\apache-tomcat-9.0.89\temp
26-Jun-2025 09:56:51.109 INFORMACIÓN [main] org.apache.catalina.core.AprLifecycleListener.lifecycleEvent Cargada la biblioteca nativa APR de Apache Tomcat [1.3.0] con la versión APR [1.7.4].
26-Jun-2025 09:56:51.109 INFORMACIÓN [main] org.apache.catalina.core.AprLifecycleListener.lifecycleEvent Capacidades APR: IPv6 [true], enviar fichero [true], aceptar filtros [false], aleatorio [true], UDS [true].
26-Jun-2025 09:56:51.110 INFORMACIÓN [main] org.apache.catalina.core.AprLifecycleListener.lifecycleEvent APR/OpenSSL configuration: useAprConnector [false], useOpenSSL [true]
26-Jun-2025 09:56:51.115 INFORMACIÓN [main] org.apache.catalina.core.AprLifecycleListener.initializeSSL OpenSSL inicializado correctamente [OpenSSL 3.0.13 30 Jan 2024]
26-Jun-2025 09:56:51.436 INFORMACIÓN [main] org.apache.coyote.AbstractProtocol.init Inicializando el manejador de protocolo ["http-nio-8080"]

26-Jun-2025 09:56:51.460 INFORMACIÓN [main] org.apache.catalina.startup.Catalina.load Server initialization in [527] milliseconds
26-Jun-2025 09:56:51.494 INFORMACIÓN [main] org.apache.catalina.core.StandardService.startInternal Arrancando servicio [Catalina]
26-Jun-2025 09:56:51.494 INFORMACIÓN [main] org.apache.catalina.core.StandardEngine.startInternal Starting Servlet engine: [Apache Tomcat/9.0.89]
26-Jun-2025 09:56:51.502 INFORMACIÓN [main] org.apache.catalina.startup.HostConfig.deployDescriptor Desplieque del descriptor de configuración [C:\Users\Marlon\apache-tomcat-9.0.89\conf\Catalina\localhost\Beyond.xml]
26-Jun-2025 09:56:51.522 ADVERTENCIA [main] org.apache.catalina.startup.HostConfig.deployDescriptor The path attribute with value [/Beyond] in deployment descriptor [C:\Users\Marlon\apache-tomcat-9.0.89\conf\Catalina\localhost\Beyond.xml] has been ignored
26-Jun-2025 09:56:51.547 GRAVE [main] org.apache.catalina.startup.HostConfig.deployDescriptor Error durante el despliegue del descriptor de configuración [C:\Users\Marlon\apache-tomcat-9.0.89\conf\Catalina\localhost\Beyond.xml]
	java.lang.IllegalStateException: Error starting child
		at org.apache.catalina.core.ContainerBase.addChildInternal(ContainerBase.java:602)
		at org.apache.catalina.core.ContainerBase.addChild(ContainerBase.java:571)
		at org.apache.catalina.core.StandardHost.addChild(StandardHost.java:603)
		at org.apache.catalina.startup.HostConfig.deployDescriptor(HostConfig.java:680)
		at org.apache.catalina.startup.HostConfig$DeployDescriptor.run(HostConfig.java:1844)
		at java.util.concurrent.Executors$RunnableAdapter.call(Executors.java:511)
		at java.util.concurrent.FutureTask.run(FutureTask.java:266)
		at org.apache.tomcat.util.threads.InlineExecutorService.execute(InlineExecutorService.java:75)
		at java.util.concurrent.AbstractExecutorService.submit(AbstractExecutorService.java:112)
		at org.apache.catalina.startup.HostConfig.deployDescriptors(HostConfig.java:575)
		at org.apache.catalina.startup.HostConfig.deployApps(HostConfig.java:466)
		at org.apache.catalina.startup.HostConfig.start(HostConfig.java:1584)
		at org.apache.catalina.startup.HostConfig.lifecycleEvent(HostConfig.java:312)
		at org.apache.catalina.util.LifecycleBase.fireLifecycleEvent(LifecycleBase.java:114)
		at org.apache.catalina.util.LifecycleBase.setStateInternal(LifecycleBase.java:402)
		at org.apache.catalina.util.LifecycleBase.setState(LifecycleBase.java:345)
		at org.apache.catalina.core.ContainerBase.startInternal(ContainerBase.java:776)
		at org.apache.catalina.core.StandardHost.startInternal(StandardHost.java:721)
		at org.apache.catalina.util.LifecycleBase.start(LifecycleBase.java:171)
		at org.apache.catalina.core.ContainerBase$StartChild.call(ContainerBase.java:1203)
		at org.apache.catalina.core.ContainerBase$StartChild.call(ContainerBase.java:1193)
		at java.util.concurrent.FutureTask.run(FutureTask.java:266)
		at org.apache.tomcat.util.threads.InlineExecutorService.execute(InlineExecutorService.java:75)
		at java.util.concurrent.AbstractExecutorService.submit(AbstractExecutorService.java:134)
		at org.apache.catalina.core.ContainerBase.startInternal(ContainerBase.java:749)
		at org.apache.catalina.core.StandardEngine.startInternal(StandardEngine.java:211)
		at org.apache.catalina.util.LifecycleBase.start(LifecycleBase.java:171)
		at org.apache.catalina.core.StandardService.startInternal(StandardService.java:415)
		at org.apache.catalina.util.LifecycleBase.start(LifecycleBase.java:171)
		at org.apache.catalina.core.StandardServer.startInternal(StandardServer.java:878)
		at org.apache.catalina.util.LifecycleBase.start(LifecycleBase.java:171)
		at org.apache.catalina.startup.Catalina.start(Catalina.java:735)
		at sun.reflect.NativeMethodAccessorImpl.invoke0(Native Method)
		at sun.reflect.NativeMethodAccessorImpl.invoke(NativeMethodAccessorImpl.java:62)
		at sun.reflect.DelegatingMethodAccessorImpl.invoke(DelegatingMethodAccessorImpl.java:43)
		at java.lang.reflect.Method.invoke(Method.java:498)
		at org.apache.catalina.startup.Bootstrap.start(Bootstrap.java:345)
		at org.apache.catalina.startup.Bootstrap.main(Bootstrap.java:473)
	Caused by: org.apache.catalina.LifecycleException: Failed to start component [org.apache.catalina.webresources.StandardRoot@69379752]
		at org.apache.catalina.util.LifecycleBase.handleSubClassException(LifecycleBase.java:419)
		at org.apache.catalina.util.LifecycleBase.start(LifecycleBase.java:186)
		at org.apache.catalina.core.StandardContext.resourcesStart(StandardContext.java:4120)
		at org.apache.catalina.core.StandardContext.startInternal(StandardContext.java:4242)
		at org.apache.catalina.util.LifecycleBase.start(LifecycleBase.java:171)
		at org.apache.catalina.core.ContainerBase.addChildInternal(ContainerBase.java:599)
		... 37 more
	Caused by: java.lang.IllegalArgumentException: The main resource set specified [F:\LDS - Final\Beyond\build\web] is not a directory or war file, or is not readable (it does not exist or permissions to access it are missing)
		at org.apache.catalina.webresources.StandardRoot.createMainResourceSet(StandardRoot.java:749)
		at org.apache.catalina.webresources.StandardRoot.startInternal(StandardRoot.java:707)
		at org.apache.catalina.util.LifecycleBase.start(LifecycleBase.java:171)
		... 41 more
26-Jun-2025 09:56:51.571 INFORMACIÓN [main] org.apache.catalina.startup.HostConfig.deployDescriptor Deployment of deployment descriptor [C:\Users\Marlon\apache-tomcat-9.0.89\conf\Catalina\localhost\Beyond.xml] has finished in [67] ms
26-Jun-2025 09:56:51.571 INFORMACIÓN [main] org.apache.catalina.startup.HostConfig.deployDescriptor Desplieque del descriptor de configuración [C:\Users\Marlon\apache-tomcat-9.0.89\conf\Catalina\localhost\PlantiSHOP.xml]
26-Jun-2025 09:56:51.573 ADVERTENCIA [main] org.apache.catalina.startup.HostConfig.deployDescriptor The path attribute with value [/PlantiSHOP] in deployment descriptor [C:\Users\Marlon\apache-tomcat-9.0.89\conf\Catalina\localhost\PlantiSHOP.xml] has been ignored
26-Jun-2025 09:56:52.425 INFORMACIÓN [main] org.apache.jasper.servlet.TldScanner.scanJars Al menos un JAR, que se ha explorado buscando TLDs, aún no contenía TLDs. Activar historial de depuración para este historiador para una completa lista de los JARs que fueron explorados y de los que nos se halló TLDs. Saltarse JARs no necesarios durante la exploración puede dar lugar a una mejora de tiempo significativa en el arranque y compilación de JSP .
26-Jun-2025 09:56:52.633 ADVERTENCIA [main] org.apache.catalina.util.SessionIdGeneratorBase.createSecureRandom Creation of SecureRandom instance for session ID generation using [SHA1PRNG] took [185] milliseconds.
26-Jun-2025 09:56:52.664 INFORMACIÓN [main] org.apache.catalina.startup.HostConfig.deployDescriptor Deployment of deployment descriptor [C:\Users\Marlon\apache-tomcat-9.0.89\conf\Catalina\localhost\PlantiSHOP.xml] has finished in [1.093] ms
26-Jun-2025 09:56:52.665 INFORMACIÓN [main] org.apache.catalina.startup.HostConfig.deployDescriptor Desplieque del descriptor de configuración [C:\Users\Marlon\apache-tomcat-9.0.89\conf\Catalina\localhost\WebApplication1.xml]
26-Jun-2025 09:56:52.666 ADVERTENCIA [main] org.apache.catalina.startup.HostConfig.deployDescriptor The path attribute with value [/WebApplication1] in deployment descriptor [C:\Users\Marlon\apache-tomcat-9.0.89\conf\Catalina\localhost\WebApplication1.xml] has been ignored
26-Jun-2025 09:56:52.673 GRAVE [main] org.apache.catalina.startup.HostConfig.deployDescriptor Error durante el despliegue del descriptor de configuración [C:\Users\Marlon\apache-tomcat-9.0.89\conf\Catalina\localhost\WebApplication1.xml]
	java.lang.IllegalStateException: Error starting child
		at org.apache.catalina.core.ContainerBase.addChildInternal(ContainerBase.java:602)
		at org.apache.catalina.core.ContainerBase.addChild(ContainerBase.java:571)
		at org.apache.catalina.core.StandardHost.addChild(StandardHost.java:603)
		at org.apache.catalina.startup.HostConfig.deployDescriptor(HostConfig.java:680)
		at org.apache.catalina.startup.HostConfig$DeployDescriptor.run(HostConfig.java:1844)
		at java.util.concurrent.Executors$RunnableAdapter.call(Executors.java:511)
		at java.util.concurrent.FutureTask.run(FutureTask.java:266)
		at org.apache.tomcat.util.threads.InlineExecutorService.execute(InlineExecutorService.java:75)
		at java.util.concurrent.AbstractExecutorService.submit(AbstractExecutorService.java:112)
		at org.apache.catalina.startup.HostConfig.deployDescriptors(HostConfig.java:575)
		at org.apache.catalina.startup.HostConfig.deployApps(HostConfig.java:466)
		at org.apache.catalina.startup.HostConfig.start(HostConfig.java:1584)
		at org.apache.catalina.startup.HostConfig.lifecycleEvent(HostConfig.java:312)
		at org.apache.catalina.util.LifecycleBase.fireLifecycleEvent(LifecycleBase.java:114)
		at org.apache.catalina.util.LifecycleBase.setStateInternal(LifecycleBase.java:402)
		at org.apache.catalina.util.LifecycleBase.setState(LifecycleBase.java:345)
		at org.apache.catalina.core.ContainerBase.startInternal(ContainerBase.java:776)
		at org.apache.catalina.core.StandardHost.startInternal(StandardHost.java:721)
		at org.apache.catalina.util.LifecycleBase.start(LifecycleBase.java:171)
		at org.apache.catalina.core.ContainerBase$StartChild.call(ContainerBase.java:1203)
		at org.apache.catalina.core.ContainerBase$StartChild.call(ContainerBase.java:1193)
		at java.util.concurrent.FutureTask.run(FutureTask.java:266)
		at org.apache.tomcat.util.threads.InlineExecutorService.execute(InlineExecutorService.java:75)
		at java.util.concurrent.AbstractExecutorService.submit(AbstractExecutorService.java:134)
		at org.apache.catalina.core.ContainerBase.startInternal(ContainerBase.java:749)
		at org.apache.catalina.core.StandardEngine.startInternal(StandardEngine.java:211)
		at org.apache.catalina.util.LifecycleBase.start(LifecycleBase.java:171)
		at org.apache.catalina.core.StandardService.startInternal(StandardService.java:415)
		at org.apache.catalina.util.LifecycleBase.start(LifecycleBase.java:171)
		at org.apache.catalina.core.StandardServer.startInternal(StandardServer.java:878)
		at org.apache.catalina.util.LifecycleBase.start(LifecycleBase.java:171)
		at org.apache.catalina.startup.Catalina.start(Catalina.java:735)
		at sun.reflect.NativeMethodAccessorImpl.invoke0(Native Method)
		at sun.reflect.NativeMethodAccessorImpl.invoke(NativeMethodAccessorImpl.java:62)
		at sun.reflect.DelegatingMethodAccessorImpl.invoke(DelegatingMethodAccessorImpl.java:43)
		at java.lang.reflect.Method.invoke(Method.java:498)
		at org.apache.catalina.startup.Bootstrap.start(Bootstrap.java:345)
		at org.apache.catalina.startup.Bootstrap.main(Bootstrap.java:473)
	Caused by: org.apache.catalina.LifecycleException: Failed to start component [org.apache.catalina.webresources.StandardRoot@6a84bc2a]
		at org.apache.catalina.util.LifecycleBase.handleSubClassException(LifecycleBase.java:419)
		at org.apache.catalina.util.LifecycleBase.start(LifecycleBase.java:186)
		at org.apache.catalina.core.StandardContext.resourcesStart(StandardContext.java:4120)
		at org.apache.catalina.core.StandardContext.startInternal(StandardContext.java:4242)
		at org.apache.catalina.util.LifecycleBase.start(LifecycleBase.java:171)
		at org.apache.catalina.core.ContainerBase.addChildInternal(ContainerBase.java:599)
		... 37 more
	Caused by: java.lang.IllegalArgumentException: The main resource set specified [C:\Users\Marlon\Documents\NetBeansProjects\WebApplication1\build\web] is not a directory or war file, or is not readable (it does not exist or permissions to access it are missing)
		at org.apache.catalina.webresources.StandardRoot.createMainResourceSet(StandardRoot.java:749)
		at org.apache.catalina.webresources.StandardRoot.startInternal(StandardRoot.java:707)
		at org.apache.catalina.util.LifecycleBase.start(LifecycleBase.java:171)
		... 41 more
26-Jun-2025 09:56:52.708 INFORMACIÓN [main] org.apache.catalina.startup.HostConfig.deployDescriptor Deployment of deployment descriptor [C:\Users\Marlon\apache-tomcat-9.0.89\conf\Catalina\localhost\WebApplication1.xml] has finished in [44] ms
26-Jun-2025 09:56:52.711 INFORMACIÓN [main] org.apache.catalina.startup.HostConfig.deployDirectory Desplegando el directorio [C:\Users\Marlon\apache-tomcat-9.0.89\webapps\docs] de la aplicación web
26-Jun-2025 09:56:52.746 INFORMACIÓN [main] org.apache.catalina.startup.HostConfig.deployDirectory Deployment of web application directory [C:\Users\Marlon\apache-tomcat-9.0.89\webapps\docs] has finished in [36] ms
26-Jun-2025 09:56:52.746 INFORMACIÓN [main] org.apache.catalina.startup.HostConfig.deployDirectory Desplegando el directorio [C:\Users\Marlon\apache-tomcat-9.0.89\webapps\examples] de la aplicación web
26-Jun-2025 09:56:53.132 INFORMACIÓN [main] org.apache.catalina.startup.HostConfig.deployDirectory Deployment of web application directory [C:\Users\Marlon\apache-tomcat-9.0.89\webapps\examples] has finished in [386] ms
26-Jun-2025 09:56:53.132 INFORMACIÓN [main] org.apache.catalina.startup.HostConfig.deployDirectory Desplegando el directorio [C:\Users\Marlon\apache-tomcat-9.0.89\webapps\host-manager] de la aplicación web
26-Jun-2025 09:56:53.168 INFORMACIÓN [main] org.apache.catalina.startup.HostConfig.deployDirectory Deployment of web application directory [C:\Users\Marlon\apache-tomcat-9.0.89\webapps\host-manager] has finished in [36] ms
26-Jun-2025 09:56:53.168 INFORMACIÓN [main] org.apache.catalina.startup.HostConfig.deployDirectory Desplegando el directorio [C:\Users\Marlon\apache-tomcat-9.0.89\webapps\manager] de la aplicación web
26-Jun-2025 09:56:53.221 INFORMACIÓN [main] org.apache.catalina.startup.HostConfig.deployDirectory Deployment of web application directory [C:\Users\Marlon\apache-tomcat-9.0.89\webapps\manager] has finished in [53] ms
26-Jun-2025 09:56:53.221 INFORMACIÓN [main] org.apache.catalina.startup.HostConfig.deployDirectory Desplegando el directorio [C:\Users\Marlon\apache-tomcat-9.0.89\webapps\ROOT] de la aplicación web
26-Jun-2025 09:56:53.250 INFORMACIÓN [main] org.apache.catalina.startup.HostConfig.deployDirectory Deployment of web application directory [C:\Users\Marlon\apache-tomcat-9.0.89\webapps\ROOT] has finished in [28] ms
26-Jun-2025 09:56:53.257 INFORMACIÓN [main] org.apache.coyote.AbstractProtocol.start Starting ProtocolHandler ["http-nio-8080"]
26-Jun-2025 09:56:53.272 INFORMACIÓN [main] org.apache.catalina.startup.Catalina.start Server startup in [1811] milliseconds
26-Jun-2025 09:56:53.907 INFORMACIÓN [http-nio-8080-exec-6] org.apache.catalina.startup.HostConfig.undeploy Repliegue (undeploy) de la aplicación web que tiene como trayectoria de contexto [/PlantiSHOP]
26-Jun-2025 09:56:53.965 INFORMACIÓN [http-nio-8080-exec-9] org.apache.catalina.startup.HostConfig.deployDescriptor Desplieque del descriptor de configuración [C:\Users\Marlon\apache-tomcat-9.0.89\conf\Catalina\localhost\PlantiSHOP.xml]
26-Jun-2025 09:56:53.966 ADVERTENCIA [http-nio-8080-exec-9] org.apache.catalina.startup.HostConfig.deployDescriptor The path attribute with value [/PlantiSHOP] in deployment descriptor [C:\Users\Marlon\apache-tomcat-9.0.89\conf\Catalina\localhost\PlantiSHOP.xml] has been ignored
26-Jun-2025 09:56:54.619 INFORMACIÓN [http-nio-8080-exec-9] org.apache.jasper.servlet.TldScanner.scanJars Al menos un JAR, que se ha explorado buscando TLDs, aún no contenía TLDs. Activar historial de depuración para este historiador para una completa lista de los JARs que fueron explorados y de los que nos se halló TLDs. Saltarse JARs no necesarios durante la exploración puede dar lugar a una mejora de tiempo significativa en el arranque y compilación de JSP .
26-Jun-2025 09:56:54.624 INFORMACIÓN [http-nio-8080-exec-9] org.apache.catalina.startup.HostConfig.deployDescriptor Deployment of deployment descriptor [C:\Users\Marlon\apache-tomcat-9.0.89\conf\Catalina\localhost\PlantiSHOP.xml] has finished in [659] ms
26-Jun-2025 09:56:54.627 INFORMACIÓN [http-nio-8080-exec-7] org.apache.catalina.util.LifecycleBase.start The start() method was called on component [StandardEngine[Catalina].StandardHost[localhost].StandardContext[/PlantiSHOP]] after start() had already been called. The second call will be ignored.
26-Jun-2025 10:02:02.585 INFORMACIÓN [main] org.apache.catalina.core.StandardServer.await Se ha recibido un comando de apagado a través del puerto de apagado. Parando la instancia del Servidor.
26-Jun-2025 10:02:02.586 INFORMACIÓN [main] org.apache.coyote.AbstractProtocol.pause Pausing ProtocolHandler ["http-nio-8080"]
26-Jun-2025 10:02:02.761 INFORMACIÓN [main] org.apache.catalina.core.StandardService.stopInternal Parando servicio [Catalina]
26-Jun-2025 10:02:02.778 ADVERTENCIA [main] org.apache.catalina.loader.WebappClassLoaderBase.clearReferencesJdbc La aplicación web [PlantiSHOP] registró el conductor JDBC [com.mysql.cj.jdbc.Driver] pero falló al anular el registro mientras la aplicación web estaba parada. Para prevenir un fallo de memoria, se ha anulado el registro del conductor JDBC por la fuerza.
26-Jun-2025 10:02:02.779 ADVERTENCIA [main] org.apache.catalina.loader.WebappClassLoaderBase.clearReferencesThreads The web application [PlantiSHOP] appears to have started a thread named [mysql-cj-abandoned-connection-cleanup] but has failed to stop it. This is very likely to create a memory leak. Stack trace of thread:
 java.lang.Object.wait(Native Method)
 java.lang.ref.ReferenceQueue.remove(ReferenceQueue.java:150)
 com.mysql.cj.jdbc.AbandonedConnectionCleanupThread.run(AbandonedConnectionCleanupThread.java:93)
 java.util.concurrent.ThreadPoolExecutor.runWorker(ThreadPoolExecutor.java:1149)
 java.util.concurrent.ThreadPoolExecutor$Worker.run(ThreadPoolExecutor.java:624)
 java.lang.Thread.run(Thread.java:750)
26-Jun-2025 10:02:02.785 INFORMACIÓN [main] org.apache.coyote.AbstractProtocol.stop Stopping ProtocolHandler ["http-nio-8080"]
26-Jun-2025 10:02:02.799 INFORMACIÓN [main] org.apache.coyote.AbstractProtocol.destroy Destroying ProtocolHandler ["http-nio-8080"]
26-Jun-2025 10:11:52.499 INFORMACIÓN [main] org.apache.catalina.startup.VersionLoggerListener.log Nombre de la versión del servidor: Apache Tomcat/9.0.89
26-Jun-2025 10:11:52.501 INFORMACIÓN [main] org.apache.catalina.startup.VersionLoggerListener.log Server built:                      May 3 2024 20:22:11 UTC
26-Jun-2025 10:11:52.501 INFORMACIÓN [main] org.apache.catalina.startup.VersionLoggerListener.log Número de versión de servidor:     9.0.89.0
26-Jun-2025 10:11:52.501 INFORMACIÓN [main] org.apache.catalina.startup.VersionLoggerListener.log OS Name:                           Windows 11
26-Jun-2025 10:11:52.501 INFORMACIÓN [main] org.apache.catalina.startup.VersionLoggerListener.log Versión de Systema Operativo:      10.0
26-Jun-2025 10:11:52.501 INFORMACIÓN [main] org.apache.catalina.startup.VersionLoggerListener.log Arquitectura:                      amd64
26-Jun-2025 10:11:52.501 INFORMACIÓN [main] org.apache.catalina.startup.VersionLoggerListener.log Java Home:                         C:\Program Files\Java\jdk-1.8\jre
26-Jun-2025 10:11:52.501 INFORMACIÓN [main] org.apache.catalina.startup.VersionLoggerListener.log JVM Version:                       1.8.0_381-b09
26-Jun-2025 10:11:52.501 INFORMACIÓN [main] org.apache.catalina.startup.VersionLoggerListener.log Vededor JVM:                       Oracle Corporation
26-Jun-2025 10:11:52.501 INFORMACIÓN [main] org.apache.catalina.startup.VersionLoggerListener.log CATALINA_BASE:                     C:\Users\Marlon\apache-tomcat-9.0.89
26-Jun-2025 10:11:52.501 INFORMACIÓN [main] org.apache.catalina.startup.VersionLoggerListener.log CATALINA_HOME:                     C:\Users\Marlon\apache-tomcat-9.0.89
26-Jun-2025 10:11:52.505 INFORMACIÓN [main] org.apache.catalina.startup.VersionLoggerListener.log Command line argument:             -Djava.util.logging.config.file=C:\Users\Marlon\apache-tomcat-9.0.89\conf\logging.properties
26-Jun-2025 10:11:52.505 INFORMACIÓN [main] org.apache.catalina.startup.VersionLoggerListener.log Command line argument:             -Djava.util.logging.manager=org.apache.juli.ClassLoaderLogManager
26-Jun-2025 10:11:52.505 INFORMACIÓN [main] org.apache.catalina.startup.VersionLoggerListener.log Command line argument:             -Djdk.tls.ephemeralDHKeySize=2048
26-Jun-2025 10:11:52.506 INFORMACIÓN [main] org.apache.catalina.startup.VersionLoggerListener.log Command line argument:             -Djava.protocol.handler.pkgs=org.apache.catalina.webresources
26-Jun-2025 10:11:52.506 INFORMACIÓN [main] org.apache.catalina.startup.VersionLoggerListener.log Command line argument:             -Dignore.endorsed.dirs=
26-Jun-2025 10:11:52.506 INFORMACIÓN [main] org.apache.catalina.startup.VersionLoggerListener.log Command line argument:             -Dcatalina.base=C:\Users\Marlon\apache-tomcat-9.0.89
26-Jun-2025 10:11:52.506 INFORMACIÓN [main] org.apache.catalina.startup.VersionLoggerListener.log Command line argument:             -Dcatalina.home=C:\Users\Marlon\apache-tomcat-9.0.89
26-Jun-2025 10:11:52.506 INFORMACIÓN [main] org.apache.catalina.startup.VersionLoggerListener.log Command line argument:             -Djava.io.tmpdir=C:\Users\Marlon\apache-tomcat-9.0.89\temp
26-Jun-2025 10:11:52.510 INFORMACIÓN [main] org.apache.catalina.core.AprLifecycleListener.lifecycleEvent Cargada la biblioteca nativa APR de Apache Tomcat [1.3.0] con la versión APR [1.7.4].
26-Jun-2025 10:11:52.510 INFORMACIÓN [main] org.apache.catalina.core.AprLifecycleListener.lifecycleEvent Capacidades APR: IPv6 [true], enviar fichero [true], aceptar filtros [false], aleatorio [true], UDS [true].
26-Jun-2025 10:11:52.511 INFORMACIÓN [main] org.apache.catalina.core.AprLifecycleListener.lifecycleEvent APR/OpenSSL configuration: useAprConnector [false], useOpenSSL [true]
26-Jun-2025 10:11:52.518 INFORMACIÓN [main] org.apache.catalina.core.AprLifecycleListener.initializeSSL OpenSSL inicializado correctamente [OpenSSL 3.0.13 30 Jan 2024]
26-Jun-2025 10:11:52.935 INFORMACIÓN [main] org.apache.coyote.AbstractProtocol.init Inicializando el manejador de protocolo ["http-nio-8080"]

26-Jun-2025 10:11:52.959 INFORMACIÓN [main] org.apache.catalina.startup.Catalina.load Server initialization in [634] milliseconds
26-Jun-2025 10:11:53.014 INFORMACIÓN [main] org.apache.catalina.core.StandardService.startInternal Arrancando servicio [Catalina]
26-Jun-2025 10:11:53.014 INFORMACIÓN [main] org.apache.catalina.core.StandardEngine.startInternal Starting Servlet engine: [Apache Tomcat/9.0.89]
26-Jun-2025 10:11:53.023 INFORMACIÓN [main] org.apache.catalina.startup.HostConfig.deployDescriptor Desplieque del descriptor de configuración [C:\Users\Marlon\apache-tomcat-9.0.89\conf\Catalina\localhost\Beyond.xml]
26-Jun-2025 10:11:53.047 ADVERTENCIA [main] org.apache.catalina.startup.HostConfig.deployDescriptor The path attribute with value [/Beyond] in deployment descriptor [C:\Users\Marlon\apache-tomcat-9.0.89\conf\Catalina\localhost\Beyond.xml] has been ignored
26-Jun-2025 10:11:53.075 GRAVE [main] org.apache.catalina.startup.HostConfig.deployDescriptor Error durante el despliegue del descriptor de configuración [C:\Users\Marlon\apache-tomcat-9.0.89\conf\Catalina\localhost\Beyond.xml]
	java.lang.IllegalStateException: Error starting child
		at org.apache.catalina.core.ContainerBase.addChildInternal(ContainerBase.java:602)
		at org.apache.catalina.core.ContainerBase.addChild(ContainerBase.java:571)
		at org.apache.catalina.core.StandardHost.addChild(StandardHost.java:603)
		at org.apache.catalina.startup.HostConfig.deployDescriptor(HostConfig.java:680)
		at org.apache.catalina.startup.HostConfig$DeployDescriptor.run(HostConfig.java:1844)
		at java.util.concurrent.Executors$RunnableAdapter.call(Executors.java:511)
		at java.util.concurrent.FutureTask.run(FutureTask.java:266)
		at org.apache.tomcat.util.threads.InlineExecutorService.execute(InlineExecutorService.java:75)
		at java.util.concurrent.AbstractExecutorService.submit(AbstractExecutorService.java:112)
		at org.apache.catalina.startup.HostConfig.deployDescriptors(HostConfig.java:575)
		at org.apache.catalina.startup.HostConfig.deployApps(HostConfig.java:466)
		at org.apache.catalina.startup.HostConfig.start(HostConfig.java:1584)
		at org.apache.catalina.startup.HostConfig.lifecycleEvent(HostConfig.java:312)
		at org.apache.catalina.util.LifecycleBase.fireLifecycleEvent(LifecycleBase.java:114)
		at org.apache.catalina.util.LifecycleBase.setStateInternal(LifecycleBase.java:402)
		at org.apache.catalina.util.LifecycleBase.setState(LifecycleBase.java:345)
		at org.apache.catalina.core.ContainerBase.startInternal(ContainerBase.java:776)
		at org.apache.catalina.core.StandardHost.startInternal(StandardHost.java:721)
		at org.apache.catalina.util.LifecycleBase.start(LifecycleBase.java:171)
		at org.apache.catalina.core.ContainerBase$StartChild.call(ContainerBase.java:1203)
		at org.apache.catalina.core.ContainerBase$StartChild.call(ContainerBase.java:1193)
		at java.util.concurrent.FutureTask.run(FutureTask.java:266)
		at org.apache.tomcat.util.threads.InlineExecutorService.execute(InlineExecutorService.java:75)
		at java.util.concurrent.AbstractExecutorService.submit(AbstractExecutorService.java:134)
		at org.apache.catalina.core.ContainerBase.startInternal(ContainerBase.java:749)
		at org.apache.catalina.core.StandardEngine.startInternal(StandardEngine.java:211)
		at org.apache.catalina.util.LifecycleBase.start(LifecycleBase.java:171)
		at org.apache.catalina.core.StandardService.startInternal(StandardService.java:415)
		at org.apache.catalina.util.LifecycleBase.start(LifecycleBase.java:171)
		at org.apache.catalina.core.StandardServer.startInternal(StandardServer.java:878)
		at org.apache.catalina.util.LifecycleBase.start(LifecycleBase.java:171)
		at org.apache.catalina.startup.Catalina.start(Catalina.java:735)
		at sun.reflect.NativeMethodAccessorImpl.invoke0(Native Method)
		at sun.reflect.NativeMethodAccessorImpl.invoke(NativeMethodAccessorImpl.java:62)
		at sun.reflect.DelegatingMethodAccessorImpl.invoke(DelegatingMethodAccessorImpl.java:43)
		at java.lang.reflect.Method.invoke(Method.java:498)
		at org.apache.catalina.startup.Bootstrap.start(Bootstrap.java:345)
		at org.apache.catalina.startup.Bootstrap.main(Bootstrap.java:473)
	Caused by: org.apache.catalina.LifecycleException: Failed to start component [org.apache.catalina.webresources.StandardRoot@69379752]
		at org.apache.catalina.util.LifecycleBase.handleSubClassException(LifecycleBase.java:419)
		at org.apache.catalina.util.LifecycleBase.start(LifecycleBase.java:186)
		at org.apache.catalina.core.StandardContext.resourcesStart(StandardContext.java:4120)
		at org.apache.catalina.core.StandardContext.startInternal(StandardContext.java:4242)
		at org.apache.catalina.util.LifecycleBase.start(LifecycleBase.java:171)
		at org.apache.catalina.core.ContainerBase.addChildInternal(ContainerBase.java:599)
		... 37 more
	Caused by: java.lang.IllegalArgumentException: The main resource set specified [F:\LDS - Final\Beyond\build\web] is not a directory or war file, or is not readable (it does not exist or permissions to access it are missing)
		at org.apache.catalina.webresources.StandardRoot.createMainResourceSet(StandardRoot.java:749)
		at org.apache.catalina.webresources.StandardRoot.startInternal(StandardRoot.java:707)
		at org.apache.catalina.util.LifecycleBase.start(LifecycleBase.java:171)
		... 41 more
26-Jun-2025 10:11:53.107 INFORMACIÓN [main] org.apache.catalina.startup.HostConfig.deployDescriptor Deployment of deployment descriptor [C:\Users\Marlon\apache-tomcat-9.0.89\conf\Catalina\localhost\Beyond.xml] has finished in [83] ms
26-Jun-2025 10:11:53.107 INFORMACIÓN [main] org.apache.catalina.startup.HostConfig.deployDescriptor Desplieque del descriptor de configuración [C:\Users\Marlon\apache-tomcat-9.0.89\conf\Catalina\localhost\PlantiSHOP.xml]
26-Jun-2025 10:11:53.109 ADVERTENCIA [main] org.apache.catalina.startup.HostConfig.deployDescriptor The path attribute with value [/PlantiSHOP] in deployment descriptor [C:\Users\Marlon\apache-tomcat-9.0.89\conf\Catalina\localhost\PlantiSHOP.xml] has been ignored
26-Jun-2025 10:11:54.033 INFORMACIÓN [main] org.apache.jasper.servlet.TldScanner.scanJars Al menos un JAR, que se ha explorado buscando TLDs, aún no contenía TLDs. Activar historial de depuración para este historiador para una completa lista de los JARs que fueron explorados y de los que nos se halló TLDs. Saltarse JARs no necesarios durante la exploración puede dar lugar a una mejora de tiempo significativa en el arranque y compilación de JSP .
26-Jun-2025 10:11:54.238 ADVERTENCIA [main] org.apache.catalina.util.SessionIdGeneratorBase.createSecureRandom Creation of SecureRandom instance for session ID generation using [SHA1PRNG] took [179] milliseconds.
26-Jun-2025 10:11:54.278 INFORMACIÓN [main] org.apache.catalina.startup.HostConfig.deployDescriptor Deployment of deployment descriptor [C:\Users\Marlon\apache-tomcat-9.0.89\conf\Catalina\localhost\PlantiSHOP.xml] has finished in [1.171] ms
26-Jun-2025 10:11:54.278 INFORMACIÓN [main] org.apache.catalina.startup.HostConfig.deployDescriptor Desplieque del descriptor de configuración [C:\Users\Marlon\apache-tomcat-9.0.89\conf\Catalina\localhost\WebApplication1.xml]
26-Jun-2025 10:11:54.279 ADVERTENCIA [main] org.apache.catalina.startup.HostConfig.deployDescriptor The path attribute with value [/WebApplication1] in deployment descriptor [C:\Users\Marlon\apache-tomcat-9.0.89\conf\Catalina\localhost\WebApplication1.xml] has been ignored
26-Jun-2025 10:11:54.285 GRAVE [main] org.apache.catalina.startup.HostConfig.deployDescriptor Error durante el despliegue del descriptor de configuración [C:\Users\Marlon\apache-tomcat-9.0.89\conf\Catalina\localhost\WebApplication1.xml]
	java.lang.IllegalStateException: Error starting child
		at org.apache.catalina.core.ContainerBase.addChildInternal(ContainerBase.java:602)
		at org.apache.catalina.core.ContainerBase.addChild(ContainerBase.java:571)
		at org.apache.catalina.core.StandardHost.addChild(StandardHost.java:603)
		at org.apache.catalina.startup.HostConfig.deployDescriptor(HostConfig.java:680)
		at org.apache.catalina.startup.HostConfig$DeployDescriptor.run(HostConfig.java:1844)
		at java.util.concurrent.Executors$RunnableAdapter.call(Executors.java:511)
		at java.util.concurrent.FutureTask.run(FutureTask.java:266)
		at org.apache.tomcat.util.threads.InlineExecutorService.execute(InlineExecutorService.java:75)
		at java.util.concurrent.AbstractExecutorService.submit(AbstractExecutorService.java:112)
		at org.apache.catalina.startup.HostConfig.deployDescriptors(HostConfig.java:575)
		at org.apache.catalina.startup.HostConfig.deployApps(HostConfig.java:466)
		at org.apache.catalina.startup.HostConfig.start(HostConfig.java:1584)
		at org.apache.catalina.startup.HostConfig.lifecycleEvent(HostConfig.java:312)
		at org.apache.catalina.util.LifecycleBase.fireLifecycleEvent(LifecycleBase.java:114)
		at org.apache.catalina.util.LifecycleBase.setStateInternal(LifecycleBase.java:402)
		at org.apache.catalina.util.LifecycleBase.setState(LifecycleBase.java:345)
		at org.apache.catalina.core.ContainerBase.startInternal(ContainerBase.java:776)
		at org.apache.catalina.core.StandardHost.startInternal(StandardHost.java:721)
		at org.apache.catalina.util.LifecycleBase.start(LifecycleBase.java:171)
		at org.apache.catalina.core.ContainerBase$StartChild.call(ContainerBase.java:1203)
		at org.apache.catalina.core.ContainerBase$StartChild.call(ContainerBase.java:1193)
		at java.util.concurrent.FutureTask.run(FutureTask.java:266)
		at org.apache.tomcat.util.threads.InlineExecutorService.execute(InlineExecutorService.java:75)
		at java.util.concurrent.AbstractExecutorService.submit(AbstractExecutorService.java:134)
		at org.apache.catalina.core.ContainerBase.startInternal(ContainerBase.java:749)
		at org.apache.catalina.core.StandardEngine.startInternal(StandardEngine.java:211)
		at org.apache.catalina.util.LifecycleBase.start(LifecycleBase.java:171)
		at org.apache.catalina.core.StandardService.startInternal(StandardService.java:415)
		at org.apache.catalina.util.LifecycleBase.start(LifecycleBase.java:171)
		at org.apache.catalina.core.StandardServer.startInternal(StandardServer.java:878)
		at org.apache.catalina.util.LifecycleBase.start(LifecycleBase.java:171)
		at org.apache.catalina.startup.Catalina.start(Catalina.java:735)
		at sun.reflect.NativeMethodAccessorImpl.invoke0(Native Method)
		at sun.reflect.NativeMethodAccessorImpl.invoke(NativeMethodAccessorImpl.java:62)
		at sun.reflect.DelegatingMethodAccessorImpl.invoke(DelegatingMethodAccessorImpl.java:43)
		at java.lang.reflect.Method.invoke(Method.java:498)
		at org.apache.catalina.startup.Bootstrap.start(Bootstrap.java:345)
		at org.apache.catalina.startup.Bootstrap.main(Bootstrap.java:473)
	Caused by: org.apache.catalina.LifecycleException: Failed to start component [org.apache.catalina.webresources.StandardRoot@6a84bc2a]
		at org.apache.catalina.util.LifecycleBase.handleSubClassException(LifecycleBase.java:419)
		at org.apache.catalina.util.LifecycleBase.start(LifecycleBase.java:186)
		at org.apache.catalina.core.StandardContext.resourcesStart(StandardContext.java:4120)
		at org.apache.catalina.core.StandardContext.startInternal(StandardContext.java:4242)
		at org.apache.catalina.util.LifecycleBase.start(LifecycleBase.java:171)
		at org.apache.catalina.core.ContainerBase.addChildInternal(ContainerBase.java:599)
		... 37 more
	Caused by: java.lang.IllegalArgumentException: The main resource set specified [C:\Users\Marlon\Documents\NetBeansProjects\WebApplication1\build\web] is not a directory or war file, or is not readable (it does not exist or permissions to access it are missing)
		at org.apache.catalina.webresources.StandardRoot.createMainResourceSet(StandardRoot.java:749)
		at org.apache.catalina.webresources.StandardRoot.startInternal(StandardRoot.java:707)
		at org.apache.catalina.util.LifecycleBase.start(LifecycleBase.java:171)
		... 41 more
26-Jun-2025 10:11:54.305 INFORMACIÓN [main] org.apache.catalina.startup.HostConfig.deployDescriptor Deployment of deployment descriptor [C:\Users\Marlon\apache-tomcat-9.0.89\conf\Catalina\localhost\WebApplication1.xml] has finished in [27] ms
26-Jun-2025 10:11:54.306 INFORMACIÓN [main] org.apache.catalina.startup.HostConfig.deployDirectory Desplegando el directorio [C:\Users\Marlon\apache-tomcat-9.0.89\webapps\docs] de la aplicación web
26-Jun-2025 10:11:54.341 INFORMACIÓN [main] org.apache.catalina.startup.HostConfig.deployDirectory Deployment of web application directory [C:\Users\Marlon\apache-tomcat-9.0.89\webapps\docs] has finished in [35] ms
26-Jun-2025 10:11:54.342 INFORMACIÓN [main] org.apache.catalina.startup.HostConfig.deployDirectory Desplegando el directorio [C:\Users\Marlon\apache-tomcat-9.0.89\webapps\examples] de la aplicación web
26-Jun-2025 10:11:54.758 INFORMACIÓN [main] org.apache.catalina.startup.HostConfig.deployDirectory Deployment of web application directory [C:\Users\Marlon\apache-tomcat-9.0.89\webapps\examples] has finished in [416] ms
26-Jun-2025 10:11:54.759 INFORMACIÓN [main] org.apache.catalina.startup.HostConfig.deployDirectory Desplegando el directorio [C:\Users\Marlon\apache-tomcat-9.0.89\webapps\host-manager] de la aplicación web
26-Jun-2025 10:11:54.792 INFORMACIÓN [main] org.apache.catalina.startup.HostConfig.deployDirectory Deployment of web application directory [C:\Users\Marlon\apache-tomcat-9.0.89\webapps\host-manager] has finished in [34] ms
26-Jun-2025 10:11:54.793 INFORMACIÓN [main] org.apache.catalina.startup.HostConfig.deployDirectory Desplegando el directorio [C:\Users\Marlon\apache-tomcat-9.0.89\webapps\manager] de la aplicación web
26-Jun-2025 10:11:54.831 INFORMACIÓN [main] org.apache.catalina.startup.HostConfig.deployDirectory Deployment of web application directory [C:\Users\Marlon\apache-tomcat-9.0.89\webapps\manager] has finished in [38] ms
26-Jun-2025 10:11:54.831 INFORMACIÓN [main] org.apache.catalina.startup.HostConfig.deployDirectory Desplegando el directorio [C:\Users\Marlon\apache-tomcat-9.0.89\webapps\ROOT] de la aplicación web
26-Jun-2025 10:11:54.861 INFORMACIÓN [main] org.apache.catalina.startup.HostConfig.deployDirectory Deployment of web application directory [C:\Users\Marlon\apache-tomcat-9.0.89\webapps\ROOT] has finished in [30] ms
26-Jun-2025 10:11:54.866 INFORMACIÓN [main] org.apache.coyote.AbstractProtocol.start Starting ProtocolHandler ["http-nio-8080"]
26-Jun-2025 10:11:54.886 INFORMACIÓN [main] org.apache.catalina.startup.Catalina.start Server startup in [1926] milliseconds
26-Jun-2025 10:11:55.531 INFORMACIÓN [http-nio-8080-exec-7] org.apache.catalina.startup.HostConfig.undeploy Repliegue (undeploy) de la aplicación web que tiene como trayectoria de contexto [/PlantiSHOP]
26-Jun-2025 10:11:55.585 INFORMACIÓN [http-nio-8080-exec-3] org.apache.catalina.startup.HostConfig.deployDescriptor Desplieque del descriptor de configuración [C:\Users\Marlon\apache-tomcat-9.0.89\conf\Catalina\localhost\PlantiSHOP.xml]
26-Jun-2025 10:11:55.588 ADVERTENCIA [http-nio-8080-exec-3] org.apache.catalina.startup.HostConfig.deployDescriptor The path attribute with value [/PlantiSHOP] in deployment descriptor [C:\Users\Marlon\apache-tomcat-9.0.89\conf\Catalina\localhost\PlantiSHOP.xml] has been ignored
26-Jun-2025 10:11:56.250 INFORMACIÓN [http-nio-8080-exec-3] org.apache.jasper.servlet.TldScanner.scanJars Al menos un JAR, que se ha explorado buscando TLDs, aún no contenía TLDs. Activar historial de depuración para este historiador para una completa lista de los JARs que fueron explorados y de los que nos se halló TLDs. Saltarse JARs no necesarios durante la exploración puede dar lugar a una mejora de tiempo significativa en el arranque y compilación de JSP .
26-Jun-2025 10:11:56.253 INFORMACIÓN [http-nio-8080-exec-3] org.apache.catalina.startup.HostConfig.deployDescriptor Deployment of deployment descriptor [C:\Users\Marlon\apache-tomcat-9.0.89\conf\Catalina\localhost\PlantiSHOP.xml] has finished in [668] ms
26-Jun-2025 10:11:56.256 INFORMACIÓN [http-nio-8080-exec-8] org.apache.catalina.util.LifecycleBase.start The start() method was called on component [StandardEngine[Catalina].StandardHost[localhost].StandardContext[/PlantiSHOP]] after start() had already been called. The second call will be ignored.
26-Jun-2025 10:22:21.718 INFORMACIÓN [main] org.apache.catalina.core.StandardServer.await Se ha recibido un comando de apagado a través del puerto de apagado. Parando la instancia del Servidor.
26-Jun-2025 10:22:21.718 INFORMACIÓN [main] org.apache.coyote.AbstractProtocol.pause Pausing ProtocolHandler ["http-nio-8080"]
26-Jun-2025 10:22:21.882 INFORMACIÓN [main] org.apache.catalina.core.StandardService.stopInternal Parando servicio [Catalina]
26-Jun-2025 10:22:21.903 ADVERTENCIA [main] org.apache.catalina.loader.WebappClassLoaderBase.clearReferencesJdbc La aplicación web [PlantiSHOP] registró el conductor JDBC [com.mysql.cj.jdbc.Driver] pero falló al anular el registro mientras la aplicación web estaba parada. Para prevenir un fallo de memoria, se ha anulado el registro del conductor JDBC por la fuerza.
26-Jun-2025 10:22:21.904 ADVERTENCIA [main] org.apache.catalina.loader.WebappClassLoaderBase.clearReferencesThreads The web application [PlantiSHOP] appears to have started a thread named [mysql-cj-abandoned-connection-cleanup] but has failed to stop it. This is very likely to create a memory leak. Stack trace of thread:
 java.lang.Object.wait(Native Method)
 java.lang.ref.ReferenceQueue.remove(ReferenceQueue.java:150)
 com.mysql.cj.jdbc.AbandonedConnectionCleanupThread.run(AbandonedConnectionCleanupThread.java:93)
 java.util.concurrent.ThreadPoolExecutor.runWorker(ThreadPoolExecutor.java:1149)
 java.util.concurrent.ThreadPoolExecutor$Worker.run(ThreadPoolExecutor.java:624)
 java.lang.Thread.run(Thread.java:750)
26-Jun-2025 10:22:21.911 INFORMACIÓN [main] org.apache.coyote.AbstractProtocol.stop Stopping ProtocolHandler ["http-nio-8080"]
26-Jun-2025 10:22:21.918 INFORMACIÓN [main] org.apache.coyote.AbstractProtocol.destroy Destroying ProtocolHandler ["http-nio-8080"]
26-Jun-2025 11:15:48.330 INFORMACIÓN [main] org.apache.catalina.startup.VersionLoggerListener.log Nombre de la versión del servidor: Apache Tomcat/9.0.89
26-Jun-2025 11:15:48.334 INFORMACIÓN [main] org.apache.catalina.startup.VersionLoggerListener.log Server built:                      May 3 2024 20:22:11 UTC
26-Jun-2025 11:15:48.334 INFORMACIÓN [main] org.apache.catalina.startup.VersionLoggerListener.log Número de versión de servidor:     9.0.89.0
26-Jun-2025 11:15:48.334 INFORMACIÓN [main] org.apache.catalina.startup.VersionLoggerListener.log OS Name:                           Windows 11
26-Jun-2025 11:15:48.334 INFORMACIÓN [main] org.apache.catalina.startup.VersionLoggerListener.log Versión de Systema Operativo:      10.0
26-Jun-2025 11:15:48.334 INFORMACIÓN [main] org.apache.catalina.startup.VersionLoggerListener.log Arquitectura:                      amd64
26-Jun-2025 11:15:48.334 INFORMACIÓN [main] org.apache.catalina.startup.VersionLoggerListener.log Java Home:                         C:\Program Files\Java\jdk-1.8\jre
26-Jun-2025 11:15:48.334 INFORMACIÓN [main] org.apache.catalina.startup.VersionLoggerListener.log JVM Version:                       1.8.0_381-b09
26-Jun-2025 11:15:48.334 INFORMACIÓN [main] org.apache.catalina.startup.VersionLoggerListener.log Vededor JVM:                       Oracle Corporation
26-Jun-2025 11:15:48.334 INFORMACIÓN [main] org.apache.catalina.startup.VersionLoggerListener.log CATALINA_BASE:                     C:\Users\Marlon\apache-tomcat-9.0.89
26-Jun-2025 11:15:48.334 INFORMACIÓN [main] org.apache.catalina.startup.VersionLoggerListener.log CATALINA_HOME:                     C:\Users\Marlon\apache-tomcat-9.0.89
26-Jun-2025 11:15:48.337 INFORMACIÓN [main] org.apache.catalina.startup.VersionLoggerListener.log Command line argument:             -Djava.util.logging.config.file=C:\Users\Marlon\apache-tomcat-9.0.89\conf\logging.properties
26-Jun-2025 11:15:48.337 INFORMACIÓN [main] org.apache.catalina.startup.VersionLoggerListener.log Command line argument:             -Djava.util.logging.manager=org.apache.juli.ClassLoaderLogManager
26-Jun-2025 11:15:48.337 INFORMACIÓN [main] org.apache.catalina.startup.VersionLoggerListener.log Command line argument:             -Djdk.tls.ephemeralDHKeySize=2048
26-Jun-2025 11:15:48.337 INFORMACIÓN [main] org.apache.catalina.startup.VersionLoggerListener.log Command line argument:             -Djava.protocol.handler.pkgs=org.apache.catalina.webresources
26-Jun-2025 11:15:48.337 INFORMACIÓN [main] org.apache.catalina.startup.VersionLoggerListener.log Command line argument:             -Dignore.endorsed.dirs=
26-Jun-2025 11:15:48.337 INFORMACIÓN [main] org.apache.catalina.startup.VersionLoggerListener.log Command line argument:             -Dcatalina.base=C:\Users\Marlon\apache-tomcat-9.0.89
26-Jun-2025 11:15:48.337 INFORMACIÓN [main] org.apache.catalina.startup.VersionLoggerListener.log Command line argument:             -Dcatalina.home=C:\Users\Marlon\apache-tomcat-9.0.89
26-Jun-2025 11:15:48.337 INFORMACIÓN [main] org.apache.catalina.startup.VersionLoggerListener.log Command line argument:             -Djava.io.tmpdir=C:\Users\Marlon\apache-tomcat-9.0.89\temp
26-Jun-2025 11:15:48.348 INFORMACIÓN [main] org.apache.catalina.core.AprLifecycleListener.lifecycleEvent Cargada la biblioteca nativa APR de Apache Tomcat [1.3.0] con la versión APR [1.7.4].
26-Jun-2025 11:15:48.348 INFORMACIÓN [main] org.apache.catalina.core.AprLifecycleListener.lifecycleEvent Capacidades APR: IPv6 [true], enviar fichero [true], aceptar filtros [false], aleatorio [true], UDS [true].
26-Jun-2025 11:15:48.348 INFORMACIÓN [main] org.apache.catalina.core.AprLifecycleListener.lifecycleEvent APR/OpenSSL configuration: useAprConnector [false], useOpenSSL [true]
26-Jun-2025 11:15:48.390 INFORMACIÓN [main] org.apache.catalina.core.AprLifecycleListener.initializeSSL OpenSSL inicializado correctamente [OpenSSL 3.0.13 30 Jan 2024]
26-Jun-2025 11:15:48.824 INFORMACIÓN [main] org.apache.coyote.AbstractProtocol.init Inicializando el manejador de protocolo ["http-nio-8080"]

26-Jun-2025 11:15:48.855 INFORMACIÓN [main] org.apache.catalina.startup.Catalina.load Server initialization in [769] milliseconds
26-Jun-2025 11:15:48.904 INFORMACIÓN [main] org.apache.catalina.core.StandardService.startInternal Arrancando servicio [Catalina]
26-Jun-2025 11:15:48.906 INFORMACIÓN [main] org.apache.catalina.core.StandardEngine.startInternal Starting Servlet engine: [Apache Tomcat/9.0.89]
26-Jun-2025 11:15:48.915 INFORMACIÓN [main] org.apache.catalina.startup.HostConfig.deployDescriptor Desplieque del descriptor de configuración [C:\Users\Marlon\apache-tomcat-9.0.89\conf\Catalina\localhost\Beyond.xml]
26-Jun-2025 11:15:48.943 ADVERTENCIA [main] org.apache.catalina.startup.HostConfig.deployDescriptor The path attribute with value [/Beyond] in deployment descriptor [C:\Users\Marlon\apache-tomcat-9.0.89\conf\Catalina\localhost\Beyond.xml] has been ignored
26-Jun-2025 11:15:48.969 GRAVE [main] org.apache.catalina.startup.HostConfig.deployDescriptor Error durante el despliegue del descriptor de configuración [C:\Users\Marlon\apache-tomcat-9.0.89\conf\Catalina\localhost\Beyond.xml]
	java.lang.IllegalStateException: Error starting child
		at org.apache.catalina.core.ContainerBase.addChildInternal(ContainerBase.java:602)
		at org.apache.catalina.core.ContainerBase.addChild(ContainerBase.java:571)
		at org.apache.catalina.core.StandardHost.addChild(StandardHost.java:603)
		at org.apache.catalina.startup.HostConfig.deployDescriptor(HostConfig.java:680)
		at org.apache.catalina.startup.HostConfig$DeployDescriptor.run(HostConfig.java:1844)
		at java.util.concurrent.Executors$RunnableAdapter.call(Executors.java:511)
		at java.util.concurrent.FutureTask.run(FutureTask.java:266)
		at org.apache.tomcat.util.threads.InlineExecutorService.execute(InlineExecutorService.java:75)
		at java.util.concurrent.AbstractExecutorService.submit(AbstractExecutorService.java:112)
		at org.apache.catalina.startup.HostConfig.deployDescriptors(HostConfig.java:575)
		at org.apache.catalina.startup.HostConfig.deployApps(HostConfig.java:466)
		at org.apache.catalina.startup.HostConfig.start(HostConfig.java:1584)
		at org.apache.catalina.startup.HostConfig.lifecycleEvent(HostConfig.java:312)
		at org.apache.catalina.util.LifecycleBase.fireLifecycleEvent(LifecycleBase.java:114)
		at org.apache.catalina.util.LifecycleBase.setStateInternal(LifecycleBase.java:402)
		at org.apache.catalina.util.LifecycleBase.setState(LifecycleBase.java:345)
		at org.apache.catalina.core.ContainerBase.startInternal(ContainerBase.java:776)
		at org.apache.catalina.core.StandardHost.startInternal(StandardHost.java:721)
		at org.apache.catalina.util.LifecycleBase.start(LifecycleBase.java:171)
		at org.apache.catalina.core.ContainerBase$StartChild.call(ContainerBase.java:1203)
		at org.apache.catalina.core.ContainerBase$StartChild.call(ContainerBase.java:1193)
		at java.util.concurrent.FutureTask.run(FutureTask.java:266)
		at org.apache.tomcat.util.threads.InlineExecutorService.execute(InlineExecutorService.java:75)
		at java.util.concurrent.AbstractExecutorService.submit(AbstractExecutorService.java:134)
		at org.apache.catalina.core.ContainerBase.startInternal(ContainerBase.java:749)
		at org.apache.catalina.core.StandardEngine.startInternal(StandardEngine.java:211)
		at org.apache.catalina.util.LifecycleBase.start(LifecycleBase.java:171)
		at org.apache.catalina.core.StandardService.startInternal(StandardService.java:415)
		at org.apache.catalina.util.LifecycleBase.start(LifecycleBase.java:171)
		at org.apache.catalina.core.StandardServer.startInternal(StandardServer.java:878)
		at org.apache.catalina.util.LifecycleBase.start(LifecycleBase.java:171)
		at org.apache.catalina.startup.Catalina.start(Catalina.java:735)
		at sun.reflect.NativeMethodAccessorImpl.invoke0(Native Method)
		at sun.reflect.NativeMethodAccessorImpl.invoke(NativeMethodAccessorImpl.java:62)
		at sun.reflect.DelegatingMethodAccessorImpl.invoke(DelegatingMethodAccessorImpl.java:43)
		at java.lang.reflect.Method.invoke(Method.java:498)
		at org.apache.catalina.startup.Bootstrap.start(Bootstrap.java:345)
		at org.apache.catalina.startup.Bootstrap.main(Bootstrap.java:473)
	Caused by: org.apache.catalina.LifecycleException: Failed to start component [org.apache.catalina.webresources.StandardRoot@69379752]
		at org.apache.catalina.util.LifecycleBase.handleSubClassException(LifecycleBase.java:419)
		at org.apache.catalina.util.LifecycleBase.start(LifecycleBase.java:186)
		at org.apache.catalina.core.StandardContext.resourcesStart(StandardContext.java:4120)
		at org.apache.catalina.core.StandardContext.startInternal(StandardContext.java:4242)
		at org.apache.catalina.util.LifecycleBase.start(LifecycleBase.java:171)
		at org.apache.catalina.core.ContainerBase.addChildInternal(ContainerBase.java:599)
		... 37 more
	Caused by: java.lang.IllegalArgumentException: The main resource set specified [F:\LDS - Final\Beyond\build\web] is not a directory or war file, or is not readable (it does not exist or permissions to access it are missing)
		at org.apache.catalina.webresources.StandardRoot.createMainResourceSet(StandardRoot.java:749)
		at org.apache.catalina.webresources.StandardRoot.startInternal(StandardRoot.java:707)
		at org.apache.catalina.util.LifecycleBase.start(LifecycleBase.java:171)
		... 41 more
26-Jun-2025 11:15:49.035 INFORMACIÓN [main] org.apache.catalina.startup.HostConfig.deployDescriptor Deployment of deployment descriptor [C:\Users\Marlon\apache-tomcat-9.0.89\conf\Catalina\localhost\Beyond.xml] has finished in [118] ms
26-Jun-2025 11:15:49.036 INFORMACIÓN [main] org.apache.catalina.startup.HostConfig.deployDescriptor Desplieque del descriptor de configuración [C:\Users\Marlon\apache-tomcat-9.0.89\conf\Catalina\localhost\PlantiSHOP.xml]
26-Jun-2025 11:15:49.038 ADVERTENCIA [main] org.apache.catalina.startup.HostConfig.deployDescriptor The path attribute with value [/PlantiSHOP] in deployment descriptor [C:\Users\Marlon\apache-tomcat-9.0.89\conf\Catalina\localhost\PlantiSHOP.xml] has been ignored
26-Jun-2025 11:15:49.948 INFORMACIÓN [main] org.apache.jasper.servlet.TldScanner.scanJars Al menos un JAR, que se ha explorado buscando TLDs, aún no contenía TLDs. Activar historial de depuración para este historiador para una completa lista de los JARs que fueron explorados y de los que nos se halló TLDs. Saltarse JARs no necesarios durante la exploración puede dar lugar a una mejora de tiempo significativa en el arranque y compilación de JSP .
26-Jun-2025 11:15:50.169 ADVERTENCIA [main] org.apache.catalina.util.SessionIdGeneratorBase.createSecureRandom Creation of SecureRandom instance for session ID generation using [SHA1PRNG] took [189] milliseconds.
26-Jun-2025 11:15:50.203 INFORMACIÓN [main] org.apache.catalina.startup.HostConfig.deployDescriptor Deployment of deployment descriptor [C:\Users\Marlon\apache-tomcat-9.0.89\conf\Catalina\localhost\PlantiSHOP.xml] has finished in [1.166] ms
26-Jun-2025 11:15:50.203 INFORMACIÓN [main] org.apache.catalina.startup.HostConfig.deployDescriptor Desplieque del descriptor de configuración [C:\Users\Marlon\apache-tomcat-9.0.89\conf\Catalina\localhost\WebApplication1.xml]
26-Jun-2025 11:15:50.205 ADVERTENCIA [main] org.apache.catalina.startup.HostConfig.deployDescriptor The path attribute with value [/WebApplication1] in deployment descriptor [C:\Users\Marlon\apache-tomcat-9.0.89\conf\Catalina\localhost\WebApplication1.xml] has been ignored
26-Jun-2025 11:15:50.213 GRAVE [main] org.apache.catalina.startup.HostConfig.deployDescriptor Error durante el despliegue del descriptor de configuración [C:\Users\Marlon\apache-tomcat-9.0.89\conf\Catalina\localhost\WebApplication1.xml]
	java.lang.IllegalStateException: Error starting child
		at org.apache.catalina.core.ContainerBase.addChildInternal(ContainerBase.java:602)
		at org.apache.catalina.core.ContainerBase.addChild(ContainerBase.java:571)
		at org.apache.catalina.core.StandardHost.addChild(StandardHost.java:603)
		at org.apache.catalina.startup.HostConfig.deployDescriptor(HostConfig.java:680)
		at org.apache.catalina.startup.HostConfig$DeployDescriptor.run(HostConfig.java:1844)
		at java.util.concurrent.Executors$RunnableAdapter.call(Executors.java:511)
		at java.util.concurrent.FutureTask.run(FutureTask.java:266)
		at org.apache.tomcat.util.threads.InlineExecutorService.execute(InlineExecutorService.java:75)
		at java.util.concurrent.AbstractExecutorService.submit(AbstractExecutorService.java:112)
		at org.apache.catalina.startup.HostConfig.deployDescriptors(HostConfig.java:575)
		at org.apache.catalina.startup.HostConfig.deployApps(HostConfig.java:466)
		at org.apache.catalina.startup.HostConfig.start(HostConfig.java:1584)
		at org.apache.catalina.startup.HostConfig.lifecycleEvent(HostConfig.java:312)
		at org.apache.catalina.util.LifecycleBase.fireLifecycleEvent(LifecycleBase.java:114)
		at org.apache.catalina.util.LifecycleBase.setStateInternal(LifecycleBase.java:402)
		at org.apache.catalina.util.LifecycleBase.setState(LifecycleBase.java:345)
		at org.apache.catalina.core.ContainerBase.startInternal(ContainerBase.java:776)
		at org.apache.catalina.core.StandardHost.startInternal(StandardHost.java:721)
		at org.apache.catalina.util.LifecycleBase.start(LifecycleBase.java:171)
		at org.apache.catalina.core.ContainerBase$StartChild.call(ContainerBase.java:1203)
		at org.apache.catalina.core.ContainerBase$StartChild.call(ContainerBase.java:1193)
		at java.util.concurrent.FutureTask.run(FutureTask.java:266)
		at org.apache.tomcat.util.threads.InlineExecutorService.execute(InlineExecutorService.java:75)
		at java.util.concurrent.AbstractExecutorService.submit(AbstractExecutorService.java:134)
		at org.apache.catalina.core.ContainerBase.startInternal(ContainerBase.java:749)
		at org.apache.catalina.core.StandardEngine.startInternal(StandardEngine.java:211)
		at org.apache.catalina.util.LifecycleBase.start(LifecycleBase.java:171)
		at org.apache.catalina.core.StandardService.startInternal(StandardService.java:415)
		at org.apache.catalina.util.LifecycleBase.start(LifecycleBase.java:171)
		at org.apache.catalina.core.StandardServer.startInternal(StandardServer.java:878)
		at org.apache.catalina.util.LifecycleBase.start(LifecycleBase.java:171)
		at org.apache.catalina.startup.Catalina.start(Catalina.java:735)
		at sun.reflect.NativeMethodAccessorImpl.invoke0(Native Method)
		at sun.reflect.NativeMethodAccessorImpl.invoke(NativeMethodAccessorImpl.java:62)
		at sun.reflect.DelegatingMethodAccessorImpl.invoke(DelegatingMethodAccessorImpl.java:43)
		at java.lang.reflect.Method.invoke(Method.java:498)
		at org.apache.catalina.startup.Bootstrap.start(Bootstrap.java:345)
		at org.apache.catalina.startup.Bootstrap.main(Bootstrap.java:473)
	Caused by: org.apache.catalina.LifecycleException: Failed to start component [org.apache.catalina.webresources.StandardRoot@27068a50]
		at org.apache.catalina.util.LifecycleBase.handleSubClassException(LifecycleBase.java:419)
		at org.apache.catalina.util.LifecycleBase.start(LifecycleBase.java:186)
		at org.apache.catalina.core.StandardContext.resourcesStart(StandardContext.java:4120)
		at org.apache.catalina.core.StandardContext.startInternal(StandardContext.java:4242)
		at org.apache.catalina.util.LifecycleBase.start(LifecycleBase.java:171)
		at org.apache.catalina.core.ContainerBase.addChildInternal(ContainerBase.java:599)
		... 37 more
	Caused by: java.lang.IllegalArgumentException: The main resource set specified [C:\Users\Marlon\Documents\NetBeansProjects\WebApplication1\build\web] is not a directory or war file, or is not readable (it does not exist or permissions to access it are missing)
		at org.apache.catalina.webresources.StandardRoot.createMainResourceSet(StandardRoot.java:749)
		at org.apache.catalina.webresources.StandardRoot.startInternal(StandardRoot.java:707)
		at org.apache.catalina.util.LifecycleBase.start(LifecycleBase.java:171)
		... 41 more
26-Jun-2025 11:15:50.263 INFORMACIÓN [main] org.apache.catalina.startup.HostConfig.deployDescriptor Deployment of deployment descriptor [C:\Users\Marlon\apache-tomcat-9.0.89\conf\Catalina\localhost\WebApplication1.xml] has finished in [60] ms
26-Jun-2025 11:15:50.264 INFORMACIÓN [main] org.apache.catalina.startup.HostConfig.deployDirectory Desplegando el directorio [C:\Users\Marlon\apache-tomcat-9.0.89\webapps\docs] de la aplicación web
26-Jun-2025 11:15:50.314 INFORMACIÓN [main] org.apache.catalina.startup.HostConfig.deployDirectory Deployment of web application directory [C:\Users\Marlon\apache-tomcat-9.0.89\webapps\docs] has finished in [50] ms
26-Jun-2025 11:15:50.315 INFORMACIÓN [main] org.apache.catalina.startup.HostConfig.deployDirectory Desplegando el directorio [C:\Users\Marlon\apache-tomcat-9.0.89\webapps\examples] de la aplicación web
26-Jun-2025 11:15:50.783 INFORMACIÓN [main] org.apache.catalina.startup.HostConfig.deployDirectory Deployment of web application directory [C:\Users\Marlon\apache-tomcat-9.0.89\webapps\examples] has finished in [467] ms
26-Jun-2025 11:15:50.783 INFORMACIÓN [main] org.apache.catalina.startup.HostConfig.deployDirectory Desplegando el directorio [C:\Users\Marlon\apache-tomcat-9.0.89\webapps\host-manager] de la aplicación web
26-Jun-2025 11:15:50.820 INFORMACIÓN [main] org.apache.catalina.startup.HostConfig.deployDirectory Deployment of web application directory [C:\Users\Marlon\apache-tomcat-9.0.89\webapps\host-manager] has finished in [37] ms
26-Jun-2025 11:15:50.821 INFORMACIÓN [main] org.apache.catalina.startup.HostConfig.deployDirectory Desplegando el directorio [C:\Users\Marlon\apache-tomcat-9.0.89\webapps\manager] de la aplicación web
26-Jun-2025 11:15:50.872 INFORMACIÓN [main] org.apache.catalina.startup.HostConfig.deployDirectory Deployment of web application directory [C:\Users\Marlon\apache-tomcat-9.0.89\webapps\manager] has finished in [51] ms
26-Jun-2025 11:15:50.873 INFORMACIÓN [main] org.apache.catalina.startup.HostConfig.deployDirectory Desplegando el directorio [C:\Users\Marlon\apache-tomcat-9.0.89\webapps\ROOT] de la aplicación web
26-Jun-2025 11:15:50.907 INFORMACIÓN [main] org.apache.catalina.startup.HostConfig.deployDirectory Deployment of web application directory [C:\Users\Marlon\apache-tomcat-9.0.89\webapps\ROOT] has finished in [34] ms
26-Jun-2025 11:15:50.913 INFORMACIÓN [main] org.apache.coyote.AbstractProtocol.start Starting ProtocolHandler ["http-nio-8080"]
26-Jun-2025 11:15:50.940 INFORMACIÓN [main] org.apache.catalina.startup.Catalina.start Server startup in [2083] milliseconds
26-Jun-2025 11:15:51.614 INFORMACIÓN [http-nio-8080-exec-7] org.apache.catalina.startup.HostConfig.undeploy Repliegue (undeploy) de la aplicación web que tiene como trayectoria de contexto [/PlantiSHOP]
26-Jun-2025 11:15:51.658 INFORMACIÓN [http-nio-8080-exec-3] org.apache.catalina.startup.HostConfig.deployDescriptor Desplieque del descriptor de configuración [C:\Users\Marlon\apache-tomcat-9.0.89\conf\Catalina\localhost\PlantiSHOP.xml]
26-Jun-2025 11:15:51.660 ADVERTENCIA [http-nio-8080-exec-3] org.apache.catalina.startup.HostConfig.deployDescriptor The path attribute with value [/PlantiSHOP] in deployment descriptor [C:\Users\Marlon\apache-tomcat-9.0.89\conf\Catalina\localhost\PlantiSHOP.xml] has been ignored
26-Jun-2025 11:15:52.311 INFORMACIÓN [http-nio-8080-exec-3] org.apache.jasper.servlet.TldScanner.scanJars Al menos un JAR, que se ha explorado buscando TLDs, aún no contenía TLDs. Activar historial de depuración para este historiador para una completa lista de los JARs que fueron explorados y de los que nos se halló TLDs. Saltarse JARs no necesarios durante la exploración puede dar lugar a una mejora de tiempo significativa en el arranque y compilación de JSP .
26-Jun-2025 11:15:52.316 INFORMACIÓN [http-nio-8080-exec-3] org.apache.catalina.startup.HostConfig.deployDescriptor Deployment of deployment descriptor [C:\Users\Marlon\apache-tomcat-9.0.89\conf\Catalina\localhost\PlantiSHOP.xml] has finished in [658] ms
26-Jun-2025 11:15:52.319 INFORMACIÓN [http-nio-8080-exec-9] org.apache.catalina.util.LifecycleBase.start The start() method was called on component [StandardEngine[Catalina].StandardHost[localhost].StandardContext[/PlantiSHOP]] after start() had already been called. The second call will be ignored.
26-Jun-2025 11:40:46.414 INFORMACIÓN [main] org.apache.catalina.core.StandardServer.await Se ha recibido un comando de apagado a través del puerto de apagado. Parando la instancia del Servidor.
26-Jun-2025 11:40:46.415 INFORMACIÓN [main] org.apache.coyote.AbstractProtocol.pause Pausing ProtocolHandler ["http-nio-8080"]
26-Jun-2025 11:40:46.585 INFORMACIÓN [main] org.apache.catalina.core.StandardService.stopInternal Parando servicio [Catalina]
26-Jun-2025 11:40:46.606 ADVERTENCIA [main] org.apache.catalina.loader.WebappClassLoaderBase.clearReferencesJdbc La aplicación web [PlantiSHOP] registró el conductor JDBC [com.mysql.cj.jdbc.Driver] pero falló al anular el registro mientras la aplicación web estaba parada. Para prevenir un fallo de memoria, se ha anulado el registro del conductor JDBC por la fuerza.
26-Jun-2025 11:40:46.606 ADVERTENCIA [main] org.apache.catalina.loader.WebappClassLoaderBase.clearReferencesThreads The web application [PlantiSHOP] appears to have started a thread named [mysql-cj-abandoned-connection-cleanup] but has failed to stop it. This is very likely to create a memory leak. Stack trace of thread:
 java.lang.Object.wait(Native Method)
 java.lang.ref.ReferenceQueue.remove(ReferenceQueue.java:150)
 com.mysql.cj.jdbc.AbandonedConnectionCleanupThread.run(AbandonedConnectionCleanupThread.java:93)
 java.util.concurrent.ThreadPoolExecutor.runWorker(ThreadPoolExecutor.java:1149)
 java.util.concurrent.ThreadPoolExecutor$Worker.run(ThreadPoolExecutor.java:624)
 java.lang.Thread.run(Thread.java:750)
26-Jun-2025 11:40:46.613 INFORMACIÓN [main] org.apache.coyote.AbstractProtocol.stop Stopping ProtocolHandler ["http-nio-8080"]
26-Jun-2025 11:40:46.623 INFORMACIÓN [main] org.apache.coyote.AbstractProtocol.destroy Destroying ProtocolHandler ["http-nio-8080"]
26-Jun-2025 12:17:21.959 INFORMACIÓN [main] org.apache.catalina.startup.VersionLoggerListener.log Nombre de la versión del servidor: Apache Tomcat/9.0.89
26-Jun-2025 12:17:21.961 INFORMACIÓN [main] org.apache.catalina.startup.VersionLoggerListener.log Server built:                      May 3 2024 20:22:11 UTC
26-Jun-2025 12:17:21.961 INFORMACIÓN [main] org.apache.catalina.startup.VersionLoggerListener.log Número de versión de servidor:     9.0.89.0
26-Jun-2025 12:17:21.961 INFORMACIÓN [main] org.apache.catalina.startup.VersionLoggerListener.log OS Name:                           Windows 11
26-Jun-2025 12:17:21.961 INFORMACIÓN [main] org.apache.catalina.startup.VersionLoggerListener.log Versión de Systema Operativo:      10.0
26-Jun-2025 12:17:21.961 INFORMACIÓN [main] org.apache.catalina.startup.VersionLoggerListener.log Arquitectura:                      amd64
26-Jun-2025 12:17:21.961 INFORMACIÓN [main] org.apache.catalina.startup.VersionLoggerListener.log Java Home:                         C:\Program Files\Java\jdk-1.8\jre
26-Jun-2025 12:17:21.961 INFORMACIÓN [main] org.apache.catalina.startup.VersionLoggerListener.log JVM Version:                       1.8.0_381-b09
26-Jun-2025 12:17:21.961 INFORMACIÓN [main] org.apache.catalina.startup.VersionLoggerListener.log Vededor JVM:                       Oracle Corporation
26-Jun-2025 12:17:21.961 INFORMACIÓN [main] org.apache.catalina.startup.VersionLoggerListener.log CATALINA_BASE:                     C:\Users\Marlon\apache-tomcat-9.0.89
26-Jun-2025 12:17:21.961 INFORMACIÓN [main] org.apache.catalina.startup.VersionLoggerListener.log CATALINA_HOME:                     C:\Users\Marlon\apache-tomcat-9.0.89
26-Jun-2025 12:17:21.965 INFORMACIÓN [main] org.apache.catalina.startup.VersionLoggerListener.log Command line argument:             -Djava.util.logging.config.file=C:\Users\Marlon\apache-tomcat-9.0.89\conf\logging.properties
26-Jun-2025 12:17:21.965 INFORMACIÓN [main] org.apache.catalina.startup.VersionLoggerListener.log Command line argument:             -Djava.util.logging.manager=org.apache.juli.ClassLoaderLogManager
26-Jun-2025 12:17:21.965 INFORMACIÓN [main] org.apache.catalina.startup.VersionLoggerListener.log Command line argument:             -Djdk.tls.ephemeralDHKeySize=2048
26-Jun-2025 12:17:21.965 INFORMACIÓN [main] org.apache.catalina.startup.VersionLoggerListener.log Command line argument:             -Djava.protocol.handler.pkgs=org.apache.catalina.webresources
26-Jun-2025 12:17:21.965 INFORMACIÓN [main] org.apache.catalina.startup.VersionLoggerListener.log Command line argument:             -Dignore.endorsed.dirs=
26-Jun-2025 12:17:21.965 INFORMACIÓN [main] org.apache.catalina.startup.VersionLoggerListener.log Command line argument:             -Dcatalina.base=C:\Users\Marlon\apache-tomcat-9.0.89
26-Jun-2025 12:17:21.965 INFORMACIÓN [main] org.apache.catalina.startup.VersionLoggerListener.log Command line argument:             -Dcatalina.home=C:\Users\Marlon\apache-tomcat-9.0.89
26-Jun-2025 12:17:21.965 INFORMACIÓN [main] org.apache.catalina.startup.VersionLoggerListener.log Command line argument:             -Djava.io.tmpdir=C:\Users\Marlon\apache-tomcat-9.0.89\temp
26-Jun-2025 12:17:21.969 INFORMACIÓN [main] org.apache.catalina.core.AprLifecycleListener.lifecycleEvent Cargada la biblioteca nativa APR de Apache Tomcat [1.3.0] con la versión APR [1.7.4].
26-Jun-2025 12:17:21.969 INFORMACIÓN [main] org.apache.catalina.core.AprLifecycleListener.lifecycleEvent Capacidades APR: IPv6 [true], enviar fichero [true], aceptar filtros [false], aleatorio [true], UDS [true].
26-Jun-2025 12:17:21.969 INFORMACIÓN [main] org.apache.catalina.core.AprLifecycleListener.lifecycleEvent APR/OpenSSL configuration: useAprConnector [false], useOpenSSL [true]
26-Jun-2025 12:17:21.977 INFORMACIÓN [main] org.apache.catalina.core.AprLifecycleListener.initializeSSL OpenSSL inicializado correctamente [OpenSSL 3.0.13 30 Jan 2024]
26-Jun-2025 12:17:22.341 INFORMACIÓN [main] org.apache.coyote.AbstractProtocol.init Inicializando el manejador de protocolo ["http-nio-8080"]

26-Jun-2025 12:17:22.362 INFORMACIÓN [main] org.apache.catalina.startup.Catalina.load Server initialization in [574] milliseconds
26-Jun-2025 12:17:22.404 INFORMACIÓN [main] org.apache.catalina.core.StandardService.startInternal Arrancando servicio [Catalina]
26-Jun-2025 12:17:22.404 INFORMACIÓN [main] org.apache.catalina.core.StandardEngine.startInternal Starting Servlet engine: [Apache Tomcat/9.0.89]
26-Jun-2025 12:17:22.412 INFORMACIÓN [main] org.apache.catalina.startup.HostConfig.deployDescriptor Desplieque del descriptor de configuración [C:\Users\Marlon\apache-tomcat-9.0.89\conf\Catalina\localhost\Beyond.xml]
26-Jun-2025 12:17:22.435 ADVERTENCIA [main] org.apache.catalina.startup.HostConfig.deployDescriptor The path attribute with value [/Beyond] in deployment descriptor [C:\Users\Marlon\apache-tomcat-9.0.89\conf\Catalina\localhost\Beyond.xml] has been ignored
26-Jun-2025 12:17:22.459 GRAVE [main] org.apache.catalina.startup.HostConfig.deployDescriptor Error durante el despliegue del descriptor de configuración [C:\Users\Marlon\apache-tomcat-9.0.89\conf\Catalina\localhost\Beyond.xml]
	java.lang.IllegalStateException: Error starting child
		at org.apache.catalina.core.ContainerBase.addChildInternal(ContainerBase.java:602)
		at org.apache.catalina.core.ContainerBase.addChild(ContainerBase.java:571)
		at org.apache.catalina.core.StandardHost.addChild(StandardHost.java:603)
		at org.apache.catalina.startup.HostConfig.deployDescriptor(HostConfig.java:680)
		at org.apache.catalina.startup.HostConfig$DeployDescriptor.run(HostConfig.java:1844)
		at java.util.concurrent.Executors$RunnableAdapter.call(Executors.java:511)
		at java.util.concurrent.FutureTask.run(FutureTask.java:266)
		at org.apache.tomcat.util.threads.InlineExecutorService.execute(InlineExecutorService.java:75)
		at java.util.concurrent.AbstractExecutorService.submit(AbstractExecutorService.java:112)
		at org.apache.catalina.startup.HostConfig.deployDescriptors(HostConfig.java:575)
		at org.apache.catalina.startup.HostConfig.deployApps(HostConfig.java:466)
		at org.apache.catalina.startup.HostConfig.start(HostConfig.java:1584)
		at org.apache.catalina.startup.HostConfig.lifecycleEvent(HostConfig.java:312)
		at org.apache.catalina.util.LifecycleBase.fireLifecycleEvent(LifecycleBase.java:114)
		at org.apache.catalina.util.LifecycleBase.setStateInternal(LifecycleBase.java:402)
		at org.apache.catalina.util.LifecycleBase.setState(LifecycleBase.java:345)
		at org.apache.catalina.core.ContainerBase.startInternal(ContainerBase.java:776)
		at org.apache.catalina.core.StandardHost.startInternal(StandardHost.java:721)
		at org.apache.catalina.util.LifecycleBase.start(LifecycleBase.java:171)
		at org.apache.catalina.core.ContainerBase$StartChild.call(ContainerBase.java:1203)
		at org.apache.catalina.core.ContainerBase$StartChild.call(ContainerBase.java:1193)
		at java.util.concurrent.FutureTask.run(FutureTask.java:266)
		at org.apache.tomcat.util.threads.InlineExecutorService.execute(InlineExecutorService.java:75)
		at java.util.concurrent.AbstractExecutorService.submit(AbstractExecutorService.java:134)
		at org.apache.catalina.core.ContainerBase.startInternal(ContainerBase.java:749)
		at org.apache.catalina.core.StandardEngine.startInternal(StandardEngine.java:211)
		at org.apache.catalina.util.LifecycleBase.start(LifecycleBase.java:171)
		at org.apache.catalina.core.StandardService.startInternal(StandardService.java:415)
		at org.apache.catalina.util.LifecycleBase.start(LifecycleBase.java:171)
		at org.apache.catalina.core.StandardServer.startInternal(StandardServer.java:878)
		at org.apache.catalina.util.LifecycleBase.start(LifecycleBase.java:171)
		at org.apache.catalina.startup.Catalina.start(Catalina.java:735)
		at sun.reflect.NativeMethodAccessorImpl.invoke0(Native Method)
		at sun.reflect.NativeMethodAccessorImpl.invoke(NativeMethodAccessorImpl.java:62)
		at sun.reflect.DelegatingMethodAccessorImpl.invoke(DelegatingMethodAccessorImpl.java:43)
		at java.lang.reflect.Method.invoke(Method.java:498)
		at org.apache.catalina.startup.Bootstrap.start(Bootstrap.java:345)
		at org.apache.catalina.startup.Bootstrap.main(Bootstrap.java:473)
	Caused by: org.apache.catalina.LifecycleException: Failed to start component [org.apache.catalina.webresources.StandardRoot@69379752]
		at org.apache.catalina.util.LifecycleBase.handleSubClassException(LifecycleBase.java:419)
		at org.apache.catalina.util.LifecycleBase.start(LifecycleBase.java:186)
		at org.apache.catalina.core.StandardContext.resourcesStart(StandardContext.java:4120)
		at org.apache.catalina.core.StandardContext.startInternal(StandardContext.java:4242)
		at org.apache.catalina.util.LifecycleBase.start(LifecycleBase.java:171)
		at org.apache.catalina.core.ContainerBase.addChildInternal(ContainerBase.java:599)
		... 37 more
	Caused by: java.lang.IllegalArgumentException: The main resource set specified [F:\LDS - Final\Beyond\build\web] is not a directory or war file, or is not readable (it does not exist or permissions to access it are missing)
		at org.apache.catalina.webresources.StandardRoot.createMainResourceSet(StandardRoot.java:749)
		at org.apache.catalina.webresources.StandardRoot.startInternal(StandardRoot.java:707)
		at org.apache.catalina.util.LifecycleBase.start(LifecycleBase.java:171)
		... 41 more
26-Jun-2025 12:17:22.465 INFORMACIÓN [main] org.apache.catalina.startup.HostConfig.deployDescriptor Deployment of deployment descriptor [C:\Users\Marlon\apache-tomcat-9.0.89\conf\Catalina\localhost\Beyond.xml] has finished in [52] ms
26-Jun-2025 12:17:22.465 INFORMACIÓN [main] org.apache.catalina.startup.HostConfig.deployDescriptor Desplieque del descriptor de configuración [C:\Users\Marlon\apache-tomcat-9.0.89\conf\Catalina\localhost\PlantiSHOP.xml]
26-Jun-2025 12:17:22.467 ADVERTENCIA [main] org.apache.catalina.startup.HostConfig.deployDescriptor The path attribute with value [/PlantiSHOP] in deployment descriptor [C:\Users\Marlon\apache-tomcat-9.0.89\conf\Catalina\localhost\PlantiSHOP.xml] has been ignored
26-Jun-2025 12:17:23.337 INFORMACIÓN [main] org.apache.jasper.servlet.TldScanner.scanJars Al menos un JAR, que se ha explorado buscando TLDs, aún no contenía TLDs. Activar historial de depuración para este historiador para una completa lista de los JARs que fueron explorados y de los que nos se halló TLDs. Saltarse JARs no necesarios durante la exploración puede dar lugar a una mejora de tiempo significativa en el arranque y compilación de JSP .
26-Jun-2025 12:17:23.543 ADVERTENCIA [main] org.apache.catalina.util.SessionIdGeneratorBase.createSecureRandom Creation of SecureRandom instance for session ID generation using [SHA1PRNG] took [178] milliseconds.
26-Jun-2025 12:17:23.581 INFORMACIÓN [main] org.apache.catalina.startup.HostConfig.deployDescriptor Deployment of deployment descriptor [C:\Users\Marlon\apache-tomcat-9.0.89\conf\Catalina\localhost\PlantiSHOP.xml] has finished in [1.116] ms
26-Jun-2025 12:17:23.581 INFORMACIÓN [main] org.apache.catalina.startup.HostConfig.deployDescriptor Desplieque del descriptor de configuración [C:\Users\Marlon\apache-tomcat-9.0.89\conf\Catalina\localhost\WebApplication1.xml]
26-Jun-2025 12:17:23.582 ADVERTENCIA [main] org.apache.catalina.startup.HostConfig.deployDescriptor The path attribute with value [/WebApplication1] in deployment descriptor [C:\Users\Marlon\apache-tomcat-9.0.89\conf\Catalina\localhost\WebApplication1.xml] has been ignored
26-Jun-2025 12:17:23.588 GRAVE [main] org.apache.catalina.startup.HostConfig.deployDescriptor Error durante el despliegue del descriptor de configuración [C:\Users\Marlon\apache-tomcat-9.0.89\conf\Catalina\localhost\WebApplication1.xml]
	java.lang.IllegalStateException: Error starting child
		at org.apache.catalina.core.ContainerBase.addChildInternal(ContainerBase.java:602)
		at org.apache.catalina.core.ContainerBase.addChild(ContainerBase.java:571)
		at org.apache.catalina.core.StandardHost.addChild(StandardHost.java:603)
		at org.apache.catalina.startup.HostConfig.deployDescriptor(HostConfig.java:680)
		at org.apache.catalina.startup.HostConfig$DeployDescriptor.run(HostConfig.java:1844)
		at java.util.concurrent.Executors$RunnableAdapter.call(Executors.java:511)
		at java.util.concurrent.FutureTask.run(FutureTask.java:266)
		at org.apache.tomcat.util.threads.InlineExecutorService.execute(InlineExecutorService.java:75)
		at java.util.concurrent.AbstractExecutorService.submit(AbstractExecutorService.java:112)
		at org.apache.catalina.startup.HostConfig.deployDescriptors(HostConfig.java:575)
		at org.apache.catalina.startup.HostConfig.deployApps(HostConfig.java:466)
		at org.apache.catalina.startup.HostConfig.start(HostConfig.java:1584)
		at org.apache.catalina.startup.HostConfig.lifecycleEvent(HostConfig.java:312)
		at org.apache.catalina.util.LifecycleBase.fireLifecycleEvent(LifecycleBase.java:114)
		at org.apache.catalina.util.LifecycleBase.setStateInternal(LifecycleBase.java:402)
		at org.apache.catalina.util.LifecycleBase.setState(LifecycleBase.java:345)
		at org.apache.catalina.core.ContainerBase.startInternal(ContainerBase.java:776)
		at org.apache.catalina.core.StandardHost.startInternal(StandardHost.java:721)
		at org.apache.catalina.util.LifecycleBase.start(LifecycleBase.java:171)
		at org.apache.catalina.core.ContainerBase$StartChild.call(ContainerBase.java:1203)
		at org.apache.catalina.core.ContainerBase$StartChild.call(ContainerBase.java:1193)
		at java.util.concurrent.FutureTask.run(FutureTask.java:266)
		at org.apache.tomcat.util.threads.InlineExecutorService.execute(InlineExecutorService.java:75)
		at java.util.concurrent.AbstractExecutorService.submit(AbstractExecutorService.java:134)
		at org.apache.catalina.core.ContainerBase.startInternal(ContainerBase.java:749)
		at org.apache.catalina.core.StandardEngine.startInternal(StandardEngine.java:211)
		at org.apache.catalina.util.LifecycleBase.start(LifecycleBase.java:171)
		at org.apache.catalina.core.StandardService.startInternal(StandardService.java:415)
		at org.apache.catalina.util.LifecycleBase.start(LifecycleBase.java:171)
		at org.apache.catalina.core.StandardServer.startInternal(StandardServer.java:878)
		at org.apache.catalina.util.LifecycleBase.start(LifecycleBase.java:171)
		at org.apache.catalina.startup.Catalina.start(Catalina.java:735)
		at sun.reflect.NativeMethodAccessorImpl.invoke0(Native Method)
		at sun.reflect.NativeMethodAccessorImpl.invoke(NativeMethodAccessorImpl.java:62)
		at sun.reflect.DelegatingMethodAccessorImpl.invoke(DelegatingMethodAccessorImpl.java:43)
		at java.lang.reflect.Method.invoke(Method.java:498)
		at org.apache.catalina.startup.Bootstrap.start(Bootstrap.java:345)
		at org.apache.catalina.startup.Bootstrap.main(Bootstrap.java:473)
	Caused by: org.apache.catalina.LifecycleException: Failed to start component [org.apache.catalina.webresources.StandardRoot@2fe88a09]
		at org.apache.catalina.util.LifecycleBase.handleSubClassException(LifecycleBase.java:419)
		at org.apache.catalina.util.LifecycleBase.start(LifecycleBase.java:186)
		at org.apache.catalina.core.StandardContext.resourcesStart(StandardContext.java:4120)
		at org.apache.catalina.core.StandardContext.startInternal(StandardContext.java:4242)
		at org.apache.catalina.util.LifecycleBase.start(LifecycleBase.java:171)
		at org.apache.catalina.core.ContainerBase.addChildInternal(ContainerBase.java:599)
		... 37 more
	Caused by: java.lang.IllegalArgumentException: The main resource set specified [C:\Users\Marlon\Documents\NetBeansProjects\WebApplication1\build\web] is not a directory or war file, or is not readable (it does not exist or permissions to access it are missing)
		at org.apache.catalina.webresources.StandardRoot.createMainResourceSet(StandardRoot.java:749)
		at org.apache.catalina.webresources.StandardRoot.startInternal(StandardRoot.java:707)
		at org.apache.catalina.util.LifecycleBase.start(LifecycleBase.java:171)
		... 41 more
26-Jun-2025 12:17:23.626 INFORMACIÓN [main] org.apache.catalina.startup.HostConfig.deployDescriptor Deployment of deployment descriptor [C:\Users\Marlon\apache-tomcat-9.0.89\conf\Catalina\localhost\WebApplication1.xml] has finished in [45] ms
26-Jun-2025 12:17:23.627 INFORMACIÓN [main] org.apache.catalina.startup.HostConfig.deployDirectory Desplegando el directorio [C:\Users\Marlon\apache-tomcat-9.0.89\webapps\docs] de la aplicación web
26-Jun-2025 12:17:23.666 INFORMACIÓN [main] org.apache.catalina.startup.HostConfig.deployDirectory Deployment of web application directory [C:\Users\Marlon\apache-tomcat-9.0.89\webapps\docs] has finished in [39] ms
26-Jun-2025 12:17:23.668 INFORMACIÓN [main] org.apache.catalina.startup.HostConfig.deployDirectory Desplegando el directorio [C:\Users\Marlon\apache-tomcat-9.0.89\webapps\examples] de la aplicación web
26-Jun-2025 12:17:24.070 INFORMACIÓN [main] org.apache.catalina.startup.HostConfig.deployDirectory Deployment of web application directory [C:\Users\Marlon\apache-tomcat-9.0.89\webapps\examples] has finished in [401] ms
26-Jun-2025 12:17:24.070 INFORMACIÓN [main] org.apache.catalina.startup.HostConfig.deployDirectory Desplegando el directorio [C:\Users\Marlon\apache-tomcat-9.0.89\webapps\host-manager] de la aplicación web
26-Jun-2025 12:17:24.110 INFORMACIÓN [main] org.apache.catalina.startup.HostConfig.deployDirectory Deployment of web application directory [C:\Users\Marlon\apache-tomcat-9.0.89\webapps\host-manager] has finished in [40] ms
26-Jun-2025 12:17:24.110 INFORMACIÓN [main] org.apache.catalina.startup.HostConfig.deployDirectory Desplegando el directorio [C:\Users\Marlon\apache-tomcat-9.0.89\webapps\manager] de la aplicación web
26-Jun-2025 12:17:24.142 INFORMACIÓN [main] org.apache.catalina.startup.HostConfig.deployDirectory Deployment of web application directory [C:\Users\Marlon\apache-tomcat-9.0.89\webapps\manager] has finished in [32] ms
26-Jun-2025 12:17:24.142 INFORMACIÓN [main] org.apache.catalina.startup.HostConfig.deployDirectory Desplegando el directorio [C:\Users\Marlon\apache-tomcat-9.0.89\webapps\ROOT] de la aplicación web
26-Jun-2025 12:17:24.169 INFORMACIÓN [main] org.apache.catalina.startup.HostConfig.deployDirectory Deployment of web application directory [C:\Users\Marlon\apache-tomcat-9.0.89\webapps\ROOT] has finished in [27] ms
26-Jun-2025 12:17:24.174 INFORMACIÓN [main] org.apache.coyote.AbstractProtocol.start Starting ProtocolHandler ["http-nio-8080"]
26-Jun-2025 12:17:24.190 INFORMACIÓN [main] org.apache.catalina.startup.Catalina.start Server startup in [1827] milliseconds
26-Jun-2025 12:17:24.812 INFORMACIÓN [http-nio-8080-exec-7] org.apache.catalina.startup.HostConfig.undeploy Repliegue (undeploy) de la aplicación web que tiene como trayectoria de contexto [/PlantiSHOP]
26-Jun-2025 12:17:24.857 INFORMACIÓN [http-nio-8080-exec-3] org.apache.catalina.startup.HostConfig.deployDescriptor Desplieque del descriptor de configuración [C:\Users\Marlon\apache-tomcat-9.0.89\conf\Catalina\localhost\PlantiSHOP.xml]
26-Jun-2025 12:17:24.858 ADVERTENCIA [http-nio-8080-exec-3] org.apache.catalina.startup.HostConfig.deployDescriptor The path attribute with value [/PlantiSHOP] in deployment descriptor [C:\Users\Marlon\apache-tomcat-9.0.89\conf\Catalina\localhost\PlantiSHOP.xml] has been ignored
26-Jun-2025 12:17:25.520 INFORMACIÓN [http-nio-8080-exec-3] org.apache.jasper.servlet.TldScanner.scanJars Al menos un JAR, que se ha explorado buscando TLDs, aún no contenía TLDs. Activar historial de depuración para este historiador para una completa lista de los JARs que fueron explorados y de los que nos se halló TLDs. Saltarse JARs no necesarios durante la exploración puede dar lugar a una mejora de tiempo significativa en el arranque y compilación de JSP .
26-Jun-2025 12:17:25.523 INFORMACIÓN [http-nio-8080-exec-3] org.apache.catalina.startup.HostConfig.deployDescriptor Deployment of deployment descriptor [C:\Users\Marlon\apache-tomcat-9.0.89\conf\Catalina\localhost\PlantiSHOP.xml] has finished in [666] ms
26-Jun-2025 12:17:25.526 INFORMACIÓN [http-nio-8080-exec-5] org.apache.catalina.util.LifecycleBase.start The start() method was called on component [StandardEngine[Catalina].StandardHost[localhost].StandardContext[/PlantiSHOP]] after start() had already been called. The second call will be ignored.
26-Jun-2025 12:27:37.908 INFORMACIÓN [main] org.apache.catalina.core.StandardServer.await Se ha recibido un comando de apagado a través del puerto de apagado. Parando la instancia del Servidor.
26-Jun-2025 12:27:37.908 INFORMACIÓN [main] org.apache.coyote.AbstractProtocol.pause Pausing ProtocolHandler ["http-nio-8080"]
26-Jun-2025 12:27:38.074 INFORMACIÓN [main] org.apache.catalina.core.StandardService.stopInternal Parando servicio [Catalina]
26-Jun-2025 12:27:38.095 ADVERTENCIA [main] org.apache.catalina.loader.WebappClassLoaderBase.clearReferencesJdbc La aplicación web [PlantiSHOP] registró el conductor JDBC [com.mysql.cj.jdbc.Driver] pero falló al anular el registro mientras la aplicación web estaba parada. Para prevenir un fallo de memoria, se ha anulado el registro del conductor JDBC por la fuerza.
26-Jun-2025 12:27:38.095 ADVERTENCIA [main] org.apache.catalina.loader.WebappClassLoaderBase.clearReferencesThreads The web application [PlantiSHOP] appears to have started a thread named [mysql-cj-abandoned-connection-cleanup] but has failed to stop it. This is very likely to create a memory leak. Stack trace of thread:
 java.lang.Object.wait(Native Method)
 java.lang.ref.ReferenceQueue.remove(ReferenceQueue.java:150)
 com.mysql.cj.jdbc.AbandonedConnectionCleanupThread.run(AbandonedConnectionCleanupThread.java:93)
 java.util.concurrent.ThreadPoolExecutor.runWorker(ThreadPoolExecutor.java:1149)
 java.util.concurrent.ThreadPoolExecutor$Worker.run(ThreadPoolExecutor.java:624)
 java.lang.Thread.run(Thread.java:750)
26-Jun-2025 12:27:38.108 INFORMACIÓN [main] org.apache.coyote.AbstractProtocol.stop Stopping ProtocolHandler ["http-nio-8080"]
26-Jun-2025 12:27:38.121 INFORMACIÓN [main] org.apache.coyote.AbstractProtocol.destroy Destroying ProtocolHandler ["http-nio-8080"]
26-Jun-2025 12:56:00.625 INFORMACIÓN [main] org.apache.catalina.startup.VersionLoggerListener.log Nombre de la versión del servidor: Apache Tomcat/9.0.89
26-Jun-2025 12:56:00.629 INFORMACIÓN [main] org.apache.catalina.startup.VersionLoggerListener.log Server built:                      May 3 2024 20:22:11 UTC
26-Jun-2025 12:56:00.629 INFORMACIÓN [main] org.apache.catalina.startup.VersionLoggerListener.log Número de versión de servidor:     9.0.89.0
26-Jun-2025 12:56:00.629 INFORMACIÓN [main] org.apache.catalina.startup.VersionLoggerListener.log OS Name:                           Windows 11
26-Jun-2025 12:56:00.629 INFORMACIÓN [main] org.apache.catalina.startup.VersionLoggerListener.log Versión de Systema Operativo:      10.0
26-Jun-2025 12:56:00.629 INFORMACIÓN [main] org.apache.catalina.startup.VersionLoggerListener.log Arquitectura:                      amd64
26-Jun-2025 12:56:00.629 INFORMACIÓN [main] org.apache.catalina.startup.VersionLoggerListener.log Java Home:                         C:\Program Files\Java\jdk-1.8\jre
26-Jun-2025 12:56:00.629 INFORMACIÓN [main] org.apache.catalina.startup.VersionLoggerListener.log JVM Version:                       1.8.0_381-b09
26-Jun-2025 12:56:00.629 INFORMACIÓN [main] org.apache.catalina.startup.VersionLoggerListener.log Vededor JVM:                       Oracle Corporation
26-Jun-2025 12:56:00.629 INFORMACIÓN [main] org.apache.catalina.startup.VersionLoggerListener.log CATALINA_BASE:                     C:\Users\Marlon\apache-tomcat-9.0.89
26-Jun-2025 12:56:00.629 INFORMACIÓN [main] org.apache.catalina.startup.VersionLoggerListener.log CATALINA_HOME:                     C:\Users\Marlon\apache-tomcat-9.0.89
26-Jun-2025 12:56:00.632 INFORMACIÓN [main] org.apache.catalina.startup.VersionLoggerListener.log Command line argument:             -Djava.util.logging.config.file=C:\Users\Marlon\apache-tomcat-9.0.89\conf\logging.properties
26-Jun-2025 12:56:00.632 INFORMACIÓN [main] org.apache.catalina.startup.VersionLoggerListener.log Command line argument:             -Djava.util.logging.manager=org.apache.juli.ClassLoaderLogManager
26-Jun-2025 12:56:00.632 INFORMACIÓN [main] org.apache.catalina.startup.VersionLoggerListener.log Command line argument:             -Djdk.tls.ephemeralDHKeySize=2048
26-Jun-2025 12:56:00.632 INFORMACIÓN [main] org.apache.catalina.startup.VersionLoggerListener.log Command line argument:             -Djava.protocol.handler.pkgs=org.apache.catalina.webresources
26-Jun-2025 12:56:00.632 INFORMACIÓN [main] org.apache.catalina.startup.VersionLoggerListener.log Command line argument:             -Dignore.endorsed.dirs=
26-Jun-2025 12:56:00.632 INFORMACIÓN [main] org.apache.catalina.startup.VersionLoggerListener.log Command line argument:             -Dcatalina.base=C:\Users\Marlon\apache-tomcat-9.0.89
26-Jun-2025 12:56:00.632 INFORMACIÓN [main] org.apache.catalina.startup.VersionLoggerListener.log Command line argument:             -Dcatalina.home=C:\Users\Marlon\apache-tomcat-9.0.89
26-Jun-2025 12:56:00.632 INFORMACIÓN [main] org.apache.catalina.startup.VersionLoggerListener.log Command line argument:             -Djava.io.tmpdir=C:\Users\Marlon\apache-tomcat-9.0.89\temp
26-Jun-2025 12:56:00.647 INFORMACIÓN [main] org.apache.catalina.core.AprLifecycleListener.lifecycleEvent Cargada la biblioteca nativa APR de Apache Tomcat [1.3.0] con la versión APR [1.7.4].
26-Jun-2025 12:56:00.647 INFORMACIÓN [main] org.apache.catalina.core.AprLifecycleListener.lifecycleEvent Capacidades APR: IPv6 [true], enviar fichero [true], aceptar filtros [false], aleatorio [true], UDS [true].
26-Jun-2025 12:56:00.647 INFORMACIÓN [main] org.apache.catalina.core.AprLifecycleListener.lifecycleEvent APR/OpenSSL configuration: useAprConnector [false], useOpenSSL [true]
26-Jun-2025 12:56:00.707 INFORMACIÓN [main] org.apache.catalina.core.AprLifecycleListener.initializeSSL OpenSSL inicializado correctamente [OpenSSL 3.0.13 30 Jan 2024]
26-Jun-2025 12:56:01.134 INFORMACIÓN [main] org.apache.coyote.AbstractProtocol.init Inicializando el manejador de protocolo ["http-nio-8080"]

26-Jun-2025 12:56:01.161 INFORMACIÓN [main] org.apache.catalina.startup.Catalina.load Server initialization in [808] milliseconds
26-Jun-2025 12:56:01.229 INFORMACIÓN [main] org.apache.catalina.core.StandardService.startInternal Arrancando servicio [Catalina]
26-Jun-2025 12:56:01.229 INFORMACIÓN [main] org.apache.catalina.core.StandardEngine.startInternal Starting Servlet engine: [Apache Tomcat/9.0.89]
26-Jun-2025 12:56:01.238 INFORMACIÓN [main] org.apache.catalina.startup.HostConfig.deployDescriptor Desplieque del descriptor de configuración [C:\Users\Marlon\apache-tomcat-9.0.89\conf\Catalina\localhost\Beyond.xml]
26-Jun-2025 12:56:01.255 ADVERTENCIA [main] org.apache.catalina.startup.HostConfig.deployDescriptor The path attribute with value [/Beyond] in deployment descriptor [C:\Users\Marlon\apache-tomcat-9.0.89\conf\Catalina\localhost\Beyond.xml] has been ignored
26-Jun-2025 12:56:01.281 GRAVE [main] org.apache.catalina.startup.HostConfig.deployDescriptor Error durante el despliegue del descriptor de configuración [C:\Users\Marlon\apache-tomcat-9.0.89\conf\Catalina\localhost\Beyond.xml]
	java.lang.IllegalStateException: Error starting child
		at org.apache.catalina.core.ContainerBase.addChildInternal(ContainerBase.java:602)
		at org.apache.catalina.core.ContainerBase.addChild(ContainerBase.java:571)
		at org.apache.catalina.core.StandardHost.addChild(StandardHost.java:603)
		at org.apache.catalina.startup.HostConfig.deployDescriptor(HostConfig.java:680)
		at org.apache.catalina.startup.HostConfig$DeployDescriptor.run(HostConfig.java:1844)
		at java.util.concurrent.Executors$RunnableAdapter.call(Executors.java:511)
		at java.util.concurrent.FutureTask.run(FutureTask.java:266)
		at org.apache.tomcat.util.threads.InlineExecutorService.execute(InlineExecutorService.java:75)
		at java.util.concurrent.AbstractExecutorService.submit(AbstractExecutorService.java:112)
		at org.apache.catalina.startup.HostConfig.deployDescriptors(HostConfig.java:575)
		at org.apache.catalina.startup.HostConfig.deployApps(HostConfig.java:466)
		at org.apache.catalina.startup.HostConfig.start(HostConfig.java:1584)
		at org.apache.catalina.startup.HostConfig.lifecycleEvent(HostConfig.java:312)
		at org.apache.catalina.util.LifecycleBase.fireLifecycleEvent(LifecycleBase.java:114)
		at org.apache.catalina.util.LifecycleBase.setStateInternal(LifecycleBase.java:402)
		at org.apache.catalina.util.LifecycleBase.setState(LifecycleBase.java:345)
		at org.apache.catalina.core.ContainerBase.startInternal(ContainerBase.java:776)
		at org.apache.catalina.core.StandardHost.startInternal(StandardHost.java:721)
		at org.apache.catalina.util.LifecycleBase.start(LifecycleBase.java:171)
		at org.apache.catalina.core.ContainerBase$StartChild.call(ContainerBase.java:1203)
		at org.apache.catalina.core.ContainerBase$StartChild.call(ContainerBase.java:1193)
		at java.util.concurrent.FutureTask.run(FutureTask.java:266)
		at org.apache.tomcat.util.threads.InlineExecutorService.execute(InlineExecutorService.java:75)
		at java.util.concurrent.AbstractExecutorService.submit(AbstractExecutorService.java:134)
		at org.apache.catalina.core.ContainerBase.startInternal(ContainerBase.java:749)
		at org.apache.catalina.core.StandardEngine.startInternal(StandardEngine.java:211)
		at org.apache.catalina.util.LifecycleBase.start(LifecycleBase.java:171)
		at org.apache.catalina.core.StandardService.startInternal(StandardService.java:415)
		at org.apache.catalina.util.LifecycleBase.start(LifecycleBase.java:171)
		at org.apache.catalina.core.StandardServer.startInternal(StandardServer.java:878)
		at org.apache.catalina.util.LifecycleBase.start(LifecycleBase.java:171)
		at org.apache.catalina.startup.Catalina.start(Catalina.java:735)
		at sun.reflect.NativeMethodAccessorImpl.invoke0(Native Method)
		at sun.reflect.NativeMethodAccessorImpl.invoke(NativeMethodAccessorImpl.java:62)
		at sun.reflect.DelegatingMethodAccessorImpl.invoke(DelegatingMethodAccessorImpl.java:43)
		at java.lang.reflect.Method.invoke(Method.java:498)
		at org.apache.catalina.startup.Bootstrap.start(Bootstrap.java:345)
		at org.apache.catalina.startup.Bootstrap.main(Bootstrap.java:473)
	Caused by: org.apache.catalina.LifecycleException: Failed to start component [org.apache.catalina.webresources.StandardRoot@69379752]
		at org.apache.catalina.util.LifecycleBase.handleSubClassException(LifecycleBase.java:419)
		at org.apache.catalina.util.LifecycleBase.start(LifecycleBase.java:186)
		at org.apache.catalina.core.StandardContext.resourcesStart(StandardContext.java:4120)
		at org.apache.catalina.core.StandardContext.startInternal(StandardContext.java:4242)
		at org.apache.catalina.util.LifecycleBase.start(LifecycleBase.java:171)
		at org.apache.catalina.core.ContainerBase.addChildInternal(ContainerBase.java:599)
		... 37 more
	Caused by: java.lang.IllegalArgumentException: The main resource set specified [F:\LDS - Final\Beyond\build\web] is not a directory or war file, or is not readable (it does not exist or permissions to access it are missing)
		at org.apache.catalina.webresources.StandardRoot.createMainResourceSet(StandardRoot.java:749)
		at org.apache.catalina.webresources.StandardRoot.startInternal(StandardRoot.java:707)
		at org.apache.catalina.util.LifecycleBase.start(LifecycleBase.java:171)
		... 41 more
26-Jun-2025 12:56:01.307 INFORMACIÓN [main] org.apache.catalina.startup.HostConfig.deployDescriptor Deployment of deployment descriptor [C:\Users\Marlon\apache-tomcat-9.0.89\conf\Catalina\localhost\Beyond.xml] has finished in [69] ms
26-Jun-2025 12:56:01.308 INFORMACIÓN [main] org.apache.catalina.startup.HostConfig.deployDescriptor Desplieque del descriptor de configuración [C:\Users\Marlon\apache-tomcat-9.0.89\conf\Catalina\localhost\PlantiSHOP.xml]
26-Jun-2025 12:56:01.310 ADVERTENCIA [main] org.apache.catalina.startup.HostConfig.deployDescriptor The path attribute with value [/PlantiSHOP] in deployment descriptor [C:\Users\Marlon\apache-tomcat-9.0.89\conf\Catalina\localhost\PlantiSHOP.xml] has been ignored
26-Jun-2025 12:56:02.184 INFORMACIÓN [main] org.apache.jasper.servlet.TldScanner.scanJars Al menos un JAR, que se ha explorado buscando TLDs, aún no contenía TLDs. Activar historial de depuración para este historiador para una completa lista de los JARs que fueron explorados y de los que nos se halló TLDs. Saltarse JARs no necesarios durante la exploración puede dar lugar a una mejora de tiempo significativa en el arranque y compilación de JSP .
26-Jun-2025 12:56:02.421 ADVERTENCIA [main] org.apache.catalina.util.SessionIdGeneratorBase.createSecureRandom Creation of SecureRandom instance for session ID generation using [SHA1PRNG] took [188] milliseconds.
26-Jun-2025 12:56:02.450 INFORMACIÓN [main] org.apache.catalina.startup.HostConfig.deployDescriptor Deployment of deployment descriptor [C:\Users\Marlon\apache-tomcat-9.0.89\conf\Catalina\localhost\PlantiSHOP.xml] has finished in [1.142] ms
26-Jun-2025 12:56:02.451 INFORMACIÓN [main] org.apache.catalina.startup.HostConfig.deployDescriptor Desplieque del descriptor de configuración [C:\Users\Marlon\apache-tomcat-9.0.89\conf\Catalina\localhost\WebApplication1.xml]
26-Jun-2025 12:56:02.452 ADVERTENCIA [main] org.apache.catalina.startup.HostConfig.deployDescriptor The path attribute with value [/WebApplication1] in deployment descriptor [C:\Users\Marlon\apache-tomcat-9.0.89\conf\Catalina\localhost\WebApplication1.xml] has been ignored
26-Jun-2025 12:56:02.457 GRAVE [main] org.apache.catalina.startup.HostConfig.deployDescriptor Error durante el despliegue del descriptor de configuración [C:\Users\Marlon\apache-tomcat-9.0.89\conf\Catalina\localhost\WebApplication1.xml]
	java.lang.IllegalStateException: Error starting child
		at org.apache.catalina.core.ContainerBase.addChildInternal(ContainerBase.java:602)
		at org.apache.catalina.core.ContainerBase.addChild(ContainerBase.java:571)
		at org.apache.catalina.core.StandardHost.addChild(StandardHost.java:603)
		at org.apache.catalina.startup.HostConfig.deployDescriptor(HostConfig.java:680)
		at org.apache.catalina.startup.HostConfig$DeployDescriptor.run(HostConfig.java:1844)
		at java.util.concurrent.Executors$RunnableAdapter.call(Executors.java:511)
		at java.util.concurrent.FutureTask.run(FutureTask.java:266)
		at org.apache.tomcat.util.threads.InlineExecutorService.execute(InlineExecutorService.java:75)
		at java.util.concurrent.AbstractExecutorService.submit(AbstractExecutorService.java:112)
		at org.apache.catalina.startup.HostConfig.deployDescriptors(HostConfig.java:575)
		at org.apache.catalina.startup.HostConfig.deployApps(HostConfig.java:466)
		at org.apache.catalina.startup.HostConfig.start(HostConfig.java:1584)
		at org.apache.catalina.startup.HostConfig.lifecycleEvent(HostConfig.java:312)
		at org.apache.catalina.util.LifecycleBase.fireLifecycleEvent(LifecycleBase.java:114)
		at org.apache.catalina.util.LifecycleBase.setStateInternal(LifecycleBase.java:402)
		at org.apache.catalina.util.LifecycleBase.setState(LifecycleBase.java:345)
		at org.apache.catalina.core.ContainerBase.startInternal(ContainerBase.java:776)
		at org.apache.catalina.core.StandardHost.startInternal(StandardHost.java:721)
		at org.apache.catalina.util.LifecycleBase.start(LifecycleBase.java:171)
		at org.apache.catalina.core.ContainerBase$StartChild.call(ContainerBase.java:1203)
		at org.apache.catalina.core.ContainerBase$StartChild.call(ContainerBase.java:1193)
		at java.util.concurrent.FutureTask.run(FutureTask.java:266)
		at org.apache.tomcat.util.threads.InlineExecutorService.execute(InlineExecutorService.java:75)
		at java.util.concurrent.AbstractExecutorService.submit(AbstractExecutorService.java:134)
		at org.apache.catalina.core.ContainerBase.startInternal(ContainerBase.java:749)
		at org.apache.catalina.core.StandardEngine.startInternal(StandardEngine.java:211)
		at org.apache.catalina.util.LifecycleBase.start(LifecycleBase.java:171)
		at org.apache.catalina.core.StandardService.startInternal(StandardService.java:415)
		at org.apache.catalina.util.LifecycleBase.start(LifecycleBase.java:171)
		at org.apache.catalina.core.StandardServer.startInternal(StandardServer.java:878)
		at org.apache.catalina.util.LifecycleBase.start(LifecycleBase.java:171)
		at org.apache.catalina.startup.Catalina.start(Catalina.java:735)
		at sun.reflect.NativeMethodAccessorImpl.invoke0(Native Method)
		at sun.reflect.NativeMethodAccessorImpl.invoke(NativeMethodAccessorImpl.java:62)
		at sun.reflect.DelegatingMethodAccessorImpl.invoke(DelegatingMethodAccessorImpl.java:43)
		at java.lang.reflect.Method.invoke(Method.java:498)
		at org.apache.catalina.startup.Bootstrap.start(Bootstrap.java:345)
		at org.apache.catalina.startup.Bootstrap.main(Bootstrap.java:473)
	Caused by: org.apache.catalina.LifecycleException: Failed to start component [org.apache.catalina.webresources.StandardRoot@2fe88a09]
		at org.apache.catalina.util.LifecycleBase.handleSubClassException(LifecycleBase.java:419)
		at org.apache.catalina.util.LifecycleBase.start(LifecycleBase.java:186)
		at org.apache.catalina.core.StandardContext.resourcesStart(StandardContext.java:4120)
		at org.apache.catalina.core.StandardContext.startInternal(StandardContext.java:4242)
		at org.apache.catalina.util.LifecycleBase.start(LifecycleBase.java:171)
		at org.apache.catalina.core.ContainerBase.addChildInternal(ContainerBase.java:599)
		... 37 more
	Caused by: java.lang.IllegalArgumentException: The main resource set specified [C:\Users\Marlon\Documents\NetBeansProjects\WebApplication1\build\web] is not a directory or war file, or is not readable (it does not exist or permissions to access it are missing)
		at org.apache.catalina.webresources.StandardRoot.createMainResourceSet(StandardRoot.java:749)
		at org.apache.catalina.webresources.StandardRoot.startInternal(StandardRoot.java:707)
		at org.apache.catalina.util.LifecycleBase.start(LifecycleBase.java:171)
		... 41 more
26-Jun-2025 12:56:02.464 INFORMACIÓN [main] org.apache.catalina.startup.HostConfig.deployDescriptor Deployment of deployment descriptor [C:\Users\Marlon\apache-tomcat-9.0.89\conf\Catalina\localhost\WebApplication1.xml] has finished in [12] ms
26-Jun-2025 12:56:02.465 INFORMACIÓN [main] org.apache.catalina.startup.HostConfig.deployDirectory Desplegando el directorio [C:\Users\Marlon\apache-tomcat-9.0.89\webapps\docs] de la aplicación web
26-Jun-2025 12:56:02.506 INFORMACIÓN [main] org.apache.catalina.startup.HostConfig.deployDirectory Deployment of web application directory [C:\Users\Marlon\apache-tomcat-9.0.89\webapps\docs] has finished in [40] ms
26-Jun-2025 12:56:02.506 INFORMACIÓN [main] org.apache.catalina.startup.HostConfig.deployDirectory Desplegando el directorio [C:\Users\Marlon\apache-tomcat-9.0.89\webapps\examples] de la aplicación web
26-Jun-2025 12:56:02.920 INFORMACIÓN [main] org.apache.catalina.startup.HostConfig.deployDirectory Deployment of web application directory [C:\Users\Marlon\apache-tomcat-9.0.89\webapps\examples] has finished in [414] ms
26-Jun-2025 12:56:02.920 INFORMACIÓN [main] org.apache.catalina.startup.HostConfig.deployDirectory Desplegando el directorio [C:\Users\Marlon\apache-tomcat-9.0.89\webapps\host-manager] de la aplicación web
26-Jun-2025 12:56:02.952 INFORMACIÓN [main] org.apache.catalina.startup.HostConfig.deployDirectory Deployment of web application directory [C:\Users\Marlon\apache-tomcat-9.0.89\webapps\host-manager] has finished in [32] ms
26-Jun-2025 12:56:02.953 INFORMACIÓN [main] org.apache.catalina.startup.HostConfig.deployDirectory Desplegando el directorio [C:\Users\Marlon\apache-tomcat-9.0.89\webapps\manager] de la aplicación web
26-Jun-2025 12:56:02.989 INFORMACIÓN [main] org.apache.catalina.startup.HostConfig.deployDirectory Deployment of web application directory [C:\Users\Marlon\apache-tomcat-9.0.89\webapps\manager] has finished in [37] ms
26-Jun-2025 12:56:02.989 INFORMACIÓN [main] org.apache.catalina.startup.HostConfig.deployDirectory Desplegando el directorio [C:\Users\Marlon\apache-tomcat-9.0.89\webapps\ROOT] de la aplicación web
26-Jun-2025 12:56:03.016 INFORMACIÓN [main] org.apache.catalina.startup.HostConfig.deployDirectory Deployment of web application directory [C:\Users\Marlon\apache-tomcat-9.0.89\webapps\ROOT] has finished in [27] ms
26-Jun-2025 12:56:03.021 INFORMACIÓN [main] org.apache.coyote.AbstractProtocol.start Starting ProtocolHandler ["http-nio-8080"]
26-Jun-2025 12:56:03.037 INFORMACIÓN [main] org.apache.catalina.startup.Catalina.start Server startup in [1876] milliseconds
26-Jun-2025 12:56:03.660 INFORMACIÓN [http-nio-8080-exec-7] org.apache.catalina.startup.HostConfig.undeploy Repliegue (undeploy) de la aplicación web que tiene como trayectoria de contexto [/PlantiSHOP]
26-Jun-2025 12:56:03.706 INFORMACIÓN [http-nio-8080-exec-9] org.apache.catalina.startup.HostConfig.deployDescriptor Desplieque del descriptor de configuración [C:\Users\Marlon\apache-tomcat-9.0.89\conf\Catalina\localhost\PlantiSHOP.xml]
26-Jun-2025 12:56:03.707 ADVERTENCIA [http-nio-8080-exec-9] org.apache.catalina.startup.HostConfig.deployDescriptor The path attribute with value [/PlantiSHOP] in deployment descriptor [C:\Users\Marlon\apache-tomcat-9.0.89\conf\Catalina\localhost\PlantiSHOP.xml] has been ignored
26-Jun-2025 12:56:04.441 INFORMACIÓN [http-nio-8080-exec-9] org.apache.jasper.servlet.TldScanner.scanJars Al menos un JAR, que se ha explorado buscando TLDs, aún no contenía TLDs. Activar historial de depuración para este historiador para una completa lista de los JARs que fueron explorados y de los que nos se halló TLDs. Saltarse JARs no necesarios durante la exploración puede dar lugar a una mejora de tiempo significativa en el arranque y compilación de JSP .
26-Jun-2025 12:56:04.444 INFORMACIÓN [http-nio-8080-exec-9] org.apache.catalina.startup.HostConfig.deployDescriptor Deployment of deployment descriptor [C:\Users\Marlon\apache-tomcat-9.0.89\conf\Catalina\localhost\PlantiSHOP.xml] has finished in [738] ms
26-Jun-2025 12:56:04.447 INFORMACIÓN [http-nio-8080-exec-4] org.apache.catalina.util.LifecycleBase.start The start() method was called on component [StandardEngine[Catalina].StandardHost[localhost].StandardContext[/PlantiSHOP]] after start() had already been called. The second call will be ignored.
26-Jun-2025 13:03:24.686 INFORMACIÓN [main] org.apache.catalina.core.StandardServer.await Se ha recibido un comando de apagado a través del puerto de apagado. Parando la instancia del Servidor.
26-Jun-2025 13:03:24.686 INFORMACIÓN [main] org.apache.coyote.AbstractProtocol.pause Pausing ProtocolHandler ["http-nio-8080"]
26-Jun-2025 13:03:24.888 INFORMACIÓN [main] org.apache.catalina.core.StandardService.stopInternal Parando servicio [Catalina]
26-Jun-2025 13:03:24.911 ADVERTENCIA [main] org.apache.catalina.loader.WebappClassLoaderBase.clearReferencesJdbc La aplicación web [PlantiSHOP] registró el conductor JDBC [com.mysql.cj.jdbc.Driver] pero falló al anular el registro mientras la aplicación web estaba parada. Para prevenir un fallo de memoria, se ha anulado el registro del conductor JDBC por la fuerza.
26-Jun-2025 13:03:24.911 ADVERTENCIA [main] org.apache.catalina.loader.WebappClassLoaderBase.clearReferencesThreads The web application [PlantiSHOP] appears to have started a thread named [mysql-cj-abandoned-connection-cleanup] but has failed to stop it. This is very likely to create a memory leak. Stack trace of thread:
 java.lang.Object.wait(Native Method)
 java.lang.ref.ReferenceQueue.remove(ReferenceQueue.java:150)
 com.mysql.cj.jdbc.AbandonedConnectionCleanupThread.run(AbandonedConnectionCleanupThread.java:93)
 java.util.concurrent.ThreadPoolExecutor.runWorker(ThreadPoolExecutor.java:1149)
 java.util.concurrent.ThreadPoolExecutor$Worker.run(ThreadPoolExecutor.java:624)
 java.lang.Thread.run(Thread.java:750)
26-Jun-2025 13:03:24.918 INFORMACIÓN [main] org.apache.coyote.AbstractProtocol.stop Stopping ProtocolHandler ["http-nio-8080"]
26-Jun-2025 13:03:24.933 INFORMACIÓN [main] org.apache.coyote.AbstractProtocol.destroy Destroying ProtocolHandler ["http-nio-8080"]
26-Jun-2025 13:27:19.569 INFORMACIÓN [main] org.apache.catalina.startup.VersionLoggerListener.log Nombre de la versión del servidor: Apache Tomcat/9.0.89
26-Jun-2025 13:27:19.572 INFORMACIÓN [main] org.apache.catalina.startup.VersionLoggerListener.log Server built:                      May 3 2024 20:22:11 UTC
26-Jun-2025 13:27:19.572 INFORMACIÓN [main] org.apache.catalina.startup.VersionLoggerListener.log Número de versión de servidor:     9.0.89.0
26-Jun-2025 13:27:19.572 INFORMACIÓN [main] org.apache.catalina.startup.VersionLoggerListener.log OS Name:                           Windows 11
26-Jun-2025 13:27:19.572 INFORMACIÓN [main] org.apache.catalina.startup.VersionLoggerListener.log Versión de Systema Operativo:      10.0
26-Jun-2025 13:27:19.572 INFORMACIÓN [main] org.apache.catalina.startup.VersionLoggerListener.log Arquitectura:                      amd64
26-Jun-2025 13:27:19.572 INFORMACIÓN [main] org.apache.catalina.startup.VersionLoggerListener.log Java Home:                         C:\Program Files\Java\jdk-1.8\jre
26-Jun-2025 13:27:19.572 INFORMACIÓN [main] org.apache.catalina.startup.VersionLoggerListener.log JVM Version:                       1.8.0_381-b09
26-Jun-2025 13:27:19.572 INFORMACIÓN [main] org.apache.catalina.startup.VersionLoggerListener.log Vededor JVM:                       Oracle Corporation
26-Jun-2025 13:27:19.573 INFORMACIÓN [main] org.apache.catalina.startup.VersionLoggerListener.log CATALINA_BASE:                     C:\Users\Marlon\apache-tomcat-9.0.89
26-Jun-2025 13:27:19.573 INFORMACIÓN [main] org.apache.catalina.startup.VersionLoggerListener.log CATALINA_HOME:                     C:\Users\Marlon\apache-tomcat-9.0.89
26-Jun-2025 13:27:19.576 INFORMACIÓN [main] org.apache.catalina.startup.VersionLoggerListener.log Command line argument:             -Djava.util.logging.config.file=C:\Users\Marlon\apache-tomcat-9.0.89\conf\logging.properties
26-Jun-2025 13:27:19.576 INFORMACIÓN [main] org.apache.catalina.startup.VersionLoggerListener.log Command line argument:             -Djava.util.logging.manager=org.apache.juli.ClassLoaderLogManager
26-Jun-2025 13:27:19.576 INFORMACIÓN [main] org.apache.catalina.startup.VersionLoggerListener.log Command line argument:             -Djdk.tls.ephemeralDHKeySize=2048
26-Jun-2025 13:27:19.576 INFORMACIÓN [main] org.apache.catalina.startup.VersionLoggerListener.log Command line argument:             -Djava.protocol.handler.pkgs=org.apache.catalina.webresources
26-Jun-2025 13:27:19.576 INFORMACIÓN [main] org.apache.catalina.startup.VersionLoggerListener.log Command line argument:             -Dignore.endorsed.dirs=
26-Jun-2025 13:27:19.576 INFORMACIÓN [main] org.apache.catalina.startup.VersionLoggerListener.log Command line argument:             -Dcatalina.base=C:\Users\Marlon\apache-tomcat-9.0.89
26-Jun-2025 13:27:19.576 INFORMACIÓN [main] org.apache.catalina.startup.VersionLoggerListener.log Command line argument:             -Dcatalina.home=C:\Users\Marlon\apache-tomcat-9.0.89
26-Jun-2025 13:27:19.576 INFORMACIÓN [main] org.apache.catalina.startup.VersionLoggerListener.log Command line argument:             -Djava.io.tmpdir=C:\Users\Marlon\apache-tomcat-9.0.89\temp
26-Jun-2025 13:27:19.581 INFORMACIÓN [main] org.apache.catalina.core.AprLifecycleListener.lifecycleEvent Cargada la biblioteca nativa APR de Apache Tomcat [1.3.0] con la versión APR [1.7.4].
26-Jun-2025 13:27:19.581 INFORMACIÓN [main] org.apache.catalina.core.AprLifecycleListener.lifecycleEvent Capacidades APR: IPv6 [true], enviar fichero [true], aceptar filtros [false], aleatorio [true], UDS [true].
26-Jun-2025 13:27:19.581 INFORMACIÓN [main] org.apache.catalina.core.AprLifecycleListener.lifecycleEvent APR/OpenSSL configuration: useAprConnector [false], useOpenSSL [true]
26-Jun-2025 13:27:19.588 INFORMACIÓN [main] org.apache.catalina.core.AprLifecycleListener.initializeSSL OpenSSL inicializado correctamente [OpenSSL 3.0.13 30 Jan 2024]
26-Jun-2025 13:27:20.029 INFORMACIÓN [main] org.apache.coyote.AbstractProtocol.init Inicializando el manejador de protocolo ["http-nio-8080"]

26-Jun-2025 13:27:20.051 INFORMACIÓN [main] org.apache.catalina.startup.Catalina.load Server initialization in [666] milliseconds
26-Jun-2025 13:27:20.097 INFORMACIÓN [main] org.apache.catalina.core.StandardService.startInternal Arrancando servicio [Catalina]
26-Jun-2025 13:27:20.097 INFORMACIÓN [main] org.apache.catalina.core.StandardEngine.startInternal Starting Servlet engine: [Apache Tomcat/9.0.89]
26-Jun-2025 13:27:20.108 INFORMACIÓN [main] org.apache.catalina.startup.HostConfig.deployDescriptor Desplieque del descriptor de configuración [C:\Users\Marlon\apache-tomcat-9.0.89\conf\Catalina\localhost\Beyond.xml]
26-Jun-2025 13:27:20.127 ADVERTENCIA [main] org.apache.catalina.startup.HostConfig.deployDescriptor The path attribute with value [/Beyond] in deployment descriptor [C:\Users\Marlon\apache-tomcat-9.0.89\conf\Catalina\localhost\Beyond.xml] has been ignored
26-Jun-2025 13:27:20.151 GRAVE [main] org.apache.catalina.startup.HostConfig.deployDescriptor Error durante el despliegue del descriptor de configuración [C:\Users\Marlon\apache-tomcat-9.0.89\conf\Catalina\localhost\Beyond.xml]
	java.lang.IllegalStateException: Error starting child
		at org.apache.catalina.core.ContainerBase.addChildInternal(ContainerBase.java:602)
		at org.apache.catalina.core.ContainerBase.addChild(ContainerBase.java:571)
		at org.apache.catalina.core.StandardHost.addChild(StandardHost.java:603)
		at org.apache.catalina.startup.HostConfig.deployDescriptor(HostConfig.java:680)
		at org.apache.catalina.startup.HostConfig$DeployDescriptor.run(HostConfig.java:1844)
		at java.util.concurrent.Executors$RunnableAdapter.call(Executors.java:511)
		at java.util.concurrent.FutureTask.run(FutureTask.java:266)
		at org.apache.tomcat.util.threads.InlineExecutorService.execute(InlineExecutorService.java:75)
		at java.util.concurrent.AbstractExecutorService.submit(AbstractExecutorService.java:112)
		at org.apache.catalina.startup.HostConfig.deployDescriptors(HostConfig.java:575)
		at org.apache.catalina.startup.HostConfig.deployApps(HostConfig.java:466)
		at org.apache.catalina.startup.HostConfig.start(HostConfig.java:1584)
		at org.apache.catalina.startup.HostConfig.lifecycleEvent(HostConfig.java:312)
		at org.apache.catalina.util.LifecycleBase.fireLifecycleEvent(LifecycleBase.java:114)
		at org.apache.catalina.util.LifecycleBase.setStateInternal(LifecycleBase.java:402)
		at org.apache.catalina.util.LifecycleBase.setState(LifecycleBase.java:345)
		at org.apache.catalina.core.ContainerBase.startInternal(ContainerBase.java:776)
		at org.apache.catalina.core.StandardHost.startInternal(StandardHost.java:721)
		at org.apache.catalina.util.LifecycleBase.start(LifecycleBase.java:171)
		at org.apache.catalina.core.ContainerBase$StartChild.call(ContainerBase.java:1203)
		at org.apache.catalina.core.ContainerBase$StartChild.call(ContainerBase.java:1193)
		at java.util.concurrent.FutureTask.run(FutureTask.java:266)
		at org.apache.tomcat.util.threads.InlineExecutorService.execute(InlineExecutorService.java:75)
		at java.util.concurrent.AbstractExecutorService.submit(AbstractExecutorService.java:134)
		at org.apache.catalina.core.ContainerBase.startInternal(ContainerBase.java:749)
		at org.apache.catalina.core.StandardEngine.startInternal(StandardEngine.java:211)
		at org.apache.catalina.util.LifecycleBase.start(LifecycleBase.java:171)
		at org.apache.catalina.core.StandardService.startInternal(StandardService.java:415)
		at org.apache.catalina.util.LifecycleBase.start(LifecycleBase.java:171)
		at org.apache.catalina.core.StandardServer.startInternal(StandardServer.java:878)
		at org.apache.catalina.util.LifecycleBase.start(LifecycleBase.java:171)
		at org.apache.catalina.startup.Catalina.start(Catalina.java:735)
		at sun.reflect.NativeMethodAccessorImpl.invoke0(Native Method)
		at sun.reflect.NativeMethodAccessorImpl.invoke(NativeMethodAccessorImpl.java:62)
		at sun.reflect.DelegatingMethodAccessorImpl.invoke(DelegatingMethodAccessorImpl.java:43)
		at java.lang.reflect.Method.invoke(Method.java:498)
		at org.apache.catalina.startup.Bootstrap.start(Bootstrap.java:345)
		at org.apache.catalina.startup.Bootstrap.main(Bootstrap.java:473)
	Caused by: org.apache.catalina.LifecycleException: Failed to start component [org.apache.catalina.webresources.StandardRoot@69379752]
		at org.apache.catalina.util.LifecycleBase.handleSubClassException(LifecycleBase.java:419)
		at org.apache.catalina.util.LifecycleBase.start(LifecycleBase.java:186)
		at org.apache.catalina.core.StandardContext.resourcesStart(StandardContext.java:4120)
		at org.apache.catalina.core.StandardContext.startInternal(StandardContext.java:4242)
		at org.apache.catalina.util.LifecycleBase.start(LifecycleBase.java:171)
		at org.apache.catalina.core.ContainerBase.addChildInternal(ContainerBase.java:599)
		... 37 more
	Caused by: java.lang.IllegalArgumentException: The main resource set specified [F:\LDS - Final\Beyond\build\web] is not a directory or war file, or is not readable (it does not exist or permissions to access it are missing)
		at org.apache.catalina.webresources.StandardRoot.createMainResourceSet(StandardRoot.java:749)
		at org.apache.catalina.webresources.StandardRoot.startInternal(StandardRoot.java:707)
		at org.apache.catalina.util.LifecycleBase.start(LifecycleBase.java:171)
		... 41 more
26-Jun-2025 13:27:20.184 INFORMACIÓN [main] org.apache.catalina.startup.HostConfig.deployDescriptor Deployment of deployment descriptor [C:\Users\Marlon\apache-tomcat-9.0.89\conf\Catalina\localhost\Beyond.xml] has finished in [73] ms
26-Jun-2025 13:27:20.184 INFORMACIÓN [main] org.apache.catalina.startup.HostConfig.deployDescriptor Desplieque del descriptor de configuración [C:\Users\Marlon\apache-tomcat-9.0.89\conf\Catalina\localhost\PlantiSHOP.xml]
26-Jun-2025 13:27:20.185 ADVERTENCIA [main] org.apache.catalina.startup.HostConfig.deployDescriptor The path attribute with value [/PlantiSHOP] in deployment descriptor [C:\Users\Marlon\apache-tomcat-9.0.89\conf\Catalina\localhost\PlantiSHOP.xml] has been ignored
26-Jun-2025 13:27:21.152 INFORMACIÓN [main] org.apache.jasper.servlet.TldScanner.scanJars Al menos un JAR, que se ha explorado buscando TLDs, aún no contenía TLDs. Activar historial de depuración para este historiador para una completa lista de los JARs que fueron explorados y de los que nos se halló TLDs. Saltarse JARs no necesarios durante la exploración puede dar lugar a una mejora de tiempo significativa en el arranque y compilación de JSP .
26-Jun-2025 13:27:21.370 ADVERTENCIA [main] org.apache.catalina.util.SessionIdGeneratorBase.createSecureRandom Creation of SecureRandom instance for session ID generation using [SHA1PRNG] took [196] milliseconds.
26-Jun-2025 13:27:21.400 INFORMACIÓN [main] org.apache.catalina.startup.HostConfig.deployDescriptor Deployment of deployment descriptor [C:\Users\Marlon\apache-tomcat-9.0.89\conf\Catalina\localhost\PlantiSHOP.xml] has finished in [1.216] ms
26-Jun-2025 13:27:21.400 INFORMACIÓN [main] org.apache.catalina.startup.HostConfig.deployDescriptor Desplieque del descriptor de configuración [C:\Users\Marlon\apache-tomcat-9.0.89\conf\Catalina\localhost\WebApplication1.xml]
26-Jun-2025 13:27:21.401 ADVERTENCIA [main] org.apache.catalina.startup.HostConfig.deployDescriptor The path attribute with value [/WebApplication1] in deployment descriptor [C:\Users\Marlon\apache-tomcat-9.0.89\conf\Catalina\localhost\WebApplication1.xml] has been ignored
26-Jun-2025 13:27:21.415 GRAVE [main] org.apache.catalina.startup.HostConfig.deployDescriptor Error durante el despliegue del descriptor de configuración [C:\Users\Marlon\apache-tomcat-9.0.89\conf\Catalina\localhost\WebApplication1.xml]
	java.lang.IllegalStateException: Error starting child
		at org.apache.catalina.core.ContainerBase.addChildInternal(ContainerBase.java:602)
		at org.apache.catalina.core.ContainerBase.addChild(ContainerBase.java:571)
		at org.apache.catalina.core.StandardHost.addChild(StandardHost.java:603)
		at org.apache.catalina.startup.HostConfig.deployDescriptor(HostConfig.java:680)
		at org.apache.catalina.startup.HostConfig$DeployDescriptor.run(HostConfig.java:1844)
		at java.util.concurrent.Executors$RunnableAdapter.call(Executors.java:511)
		at java.util.concurrent.FutureTask.run(FutureTask.java:266)
		at org.apache.tomcat.util.threads.InlineExecutorService.execute(InlineExecutorService.java:75)
		at java.util.concurrent.AbstractExecutorService.submit(AbstractExecutorService.java:112)
		at org.apache.catalina.startup.HostConfig.deployDescriptors(HostConfig.java:575)
		at org.apache.catalina.startup.HostConfig.deployApps(HostConfig.java:466)
		at org.apache.catalina.startup.HostConfig.start(HostConfig.java:1584)
		at org.apache.catalina.startup.HostConfig.lifecycleEvent(HostConfig.java:312)
		at org.apache.catalina.util.LifecycleBase.fireLifecycleEvent(LifecycleBase.java:114)
		at org.apache.catalina.util.LifecycleBase.setStateInternal(LifecycleBase.java:402)
		at org.apache.catalina.util.LifecycleBase.setState(LifecycleBase.java:345)
		at org.apache.catalina.core.ContainerBase.startInternal(ContainerBase.java:776)
		at org.apache.catalina.core.StandardHost.startInternal(StandardHost.java:721)
		at org.apache.catalina.util.LifecycleBase.start(LifecycleBase.java:171)
		at org.apache.catalina.core.ContainerBase$StartChild.call(ContainerBase.java:1203)
		at org.apache.catalina.core.ContainerBase$StartChild.call(ContainerBase.java:1193)
		at java.util.concurrent.FutureTask.run(FutureTask.java:266)
		at org.apache.tomcat.util.threads.InlineExecutorService.execute(InlineExecutorService.java:75)
		at java.util.concurrent.AbstractExecutorService.submit(AbstractExecutorService.java:134)
		at org.apache.catalina.core.ContainerBase.startInternal(ContainerBase.java:749)
		at org.apache.catalina.core.StandardEngine.startInternal(StandardEngine.java:211)
		at org.apache.catalina.util.LifecycleBase.start(LifecycleBase.java:171)
		at org.apache.catalina.core.StandardService.startInternal(StandardService.java:415)
		at org.apache.catalina.util.LifecycleBase.start(LifecycleBase.java:171)
		at org.apache.catalina.core.StandardServer.startInternal(StandardServer.java:878)
		at org.apache.catalina.util.LifecycleBase.start(LifecycleBase.java:171)
		at org.apache.catalina.startup.Catalina.start(Catalina.java:735)
		at sun.reflect.NativeMethodAccessorImpl.invoke0(Native Method)
		at sun.reflect.NativeMethodAccessorImpl.invoke(NativeMethodAccessorImpl.java:62)
		at sun.reflect.DelegatingMethodAccessorImpl.invoke(DelegatingMethodAccessorImpl.java:43)
		at java.lang.reflect.Method.invoke(Method.java:498)
		at org.apache.catalina.startup.Bootstrap.start(Bootstrap.java:345)
		at org.apache.catalina.startup.Bootstrap.main(Bootstrap.java:473)
	Caused by: org.apache.catalina.LifecycleException: Failed to start component [org.apache.catalina.webresources.StandardRoot@2fe88a09]
		at org.apache.catalina.util.LifecycleBase.handleSubClassException(LifecycleBase.java:419)
		at org.apache.catalina.util.LifecycleBase.start(LifecycleBase.java:186)
		at org.apache.catalina.core.StandardContext.resourcesStart(StandardContext.java:4120)
		at org.apache.catalina.core.StandardContext.startInternal(StandardContext.java:4242)
		at org.apache.catalina.util.LifecycleBase.start(LifecycleBase.java:171)
		at org.apache.catalina.core.ContainerBase.addChildInternal(ContainerBase.java:599)
		... 37 more
	Caused by: java.lang.IllegalArgumentException: The main resource set specified [C:\Users\Marlon\Documents\NetBeansProjects\WebApplication1\build\web] is not a directory or war file, or is not readable (it does not exist or permissions to access it are missing)
		at org.apache.catalina.webresources.StandardRoot.createMainResourceSet(StandardRoot.java:749)
		at org.apache.catalina.webresources.StandardRoot.startInternal(StandardRoot.java:707)
		at org.apache.catalina.util.LifecycleBase.start(LifecycleBase.java:171)
		... 41 more
26-Jun-2025 13:27:21.459 INFORMACIÓN [main] org.apache.catalina.startup.HostConfig.deployDescriptor Deployment of deployment descriptor [C:\Users\Marlon\apache-tomcat-9.0.89\conf\Catalina\localhost\WebApplication1.xml] has finished in [59] ms
26-Jun-2025 13:27:21.460 INFORMACIÓN [main] org.apache.catalina.startup.HostConfig.deployDirectory Desplegando el directorio [C:\Users\Marlon\apache-tomcat-9.0.89\webapps\docs] de la aplicación web
26-Jun-2025 13:27:21.493 INFORMACIÓN [main] org.apache.catalina.startup.HostConfig.deployDirectory Deployment of web application directory [C:\Users\Marlon\apache-tomcat-9.0.89\webapps\docs] has finished in [33] ms
26-Jun-2025 13:27:21.493 INFORMACIÓN [main] org.apache.catalina.startup.HostConfig.deployDirectory Desplegando el directorio [C:\Users\Marlon\apache-tomcat-9.0.89\webapps\examples] de la aplicación web
26-Jun-2025 13:27:21.934 INFORMACIÓN [main] org.apache.catalina.startup.HostConfig.deployDirectory Deployment of web application directory [C:\Users\Marlon\apache-tomcat-9.0.89\webapps\examples] has finished in [441] ms
26-Jun-2025 13:27:21.934 INFORMACIÓN [main] org.apache.catalina.startup.HostConfig.deployDirectory Desplegando el directorio [C:\Users\Marlon\apache-tomcat-9.0.89\webapps\host-manager] de la aplicación web
26-Jun-2025 13:27:21.971 INFORMACIÓN [main] org.apache.catalina.startup.HostConfig.deployDirectory Deployment of web application directory [C:\Users\Marlon\apache-tomcat-9.0.89\webapps\host-manager] has finished in [37] ms
26-Jun-2025 13:27:21.971 INFORMACIÓN [main] org.apache.catalina.startup.HostConfig.deployDirectory Desplegando el directorio [C:\Users\Marlon\apache-tomcat-9.0.89\webapps\manager] de la aplicación web
26-Jun-2025 13:27:22.010 INFORMACIÓN [main] org.apache.catalina.startup.HostConfig.deployDirectory Deployment of web application directory [C:\Users\Marlon\apache-tomcat-9.0.89\webapps\manager] has finished in [39] ms
26-Jun-2025 13:27:22.011 INFORMACIÓN [main] org.apache.catalina.startup.HostConfig.deployDirectory Desplegando el directorio [C:\Users\Marlon\apache-tomcat-9.0.89\webapps\ROOT] de la aplicación web
26-Jun-2025 13:27:22.034 INFORMACIÓN [main] org.apache.catalina.startup.HostConfig.deployDirectory Deployment of web application directory [C:\Users\Marlon\apache-tomcat-9.0.89\webapps\ROOT] has finished in [23] ms
26-Jun-2025 13:27:22.039 INFORMACIÓN [main] org.apache.coyote.AbstractProtocol.start Starting ProtocolHandler ["http-nio-8080"]
26-Jun-2025 13:27:22.055 INFORMACIÓN [main] org.apache.catalina.startup.Catalina.start Server startup in [2004] milliseconds
26-Jun-2025 13:27:22.710 INFORMACIÓN [http-nio-8080-exec-7] org.apache.catalina.startup.HostConfig.undeploy Repliegue (undeploy) de la aplicación web que tiene como trayectoria de contexto [/PlantiSHOP]
26-Jun-2025 13:27:22.771 INFORMACIÓN [http-nio-8080-exec-9] org.apache.catalina.startup.HostConfig.deployDescriptor Desplieque del descriptor de configuración [C:\Users\Marlon\apache-tomcat-9.0.89\conf\Catalina\localhost\PlantiSHOP.xml]
26-Jun-2025 13:27:22.773 ADVERTENCIA [http-nio-8080-exec-9] org.apache.catalina.startup.HostConfig.deployDescriptor The path attribute with value [/PlantiSHOP] in deployment descriptor [C:\Users\Marlon\apache-tomcat-9.0.89\conf\Catalina\localhost\PlantiSHOP.xml] has been ignored
26-Jun-2025 13:27:23.523 INFORMACIÓN [http-nio-8080-exec-9] org.apache.jasper.servlet.TldScanner.scanJars Al menos un JAR, que se ha explorado buscando TLDs, aún no contenía TLDs. Activar historial de depuración para este historiador para una completa lista de los JARs que fueron explorados y de los que nos se halló TLDs. Saltarse JARs no necesarios durante la exploración puede dar lugar a una mejora de tiempo significativa en el arranque y compilación de JSP .
26-Jun-2025 13:27:23.527 INFORMACIÓN [http-nio-8080-exec-9] org.apache.catalina.startup.HostConfig.deployDescriptor Deployment of deployment descriptor [C:\Users\Marlon\apache-tomcat-9.0.89\conf\Catalina\localhost\PlantiSHOP.xml] has finished in [756] ms
26-Jun-2025 13:27:23.530 INFORMACIÓN [http-nio-8080-exec-2] org.apache.catalina.util.LifecycleBase.start The start() method was called on component [StandardEngine[Catalina].StandardHost[localhost].StandardContext[/PlantiSHOP]] after start() had already been called. The second call will be ignored.
26-Jun-2025 13:37:06.203 INFORMACIÓN [main] org.apache.catalina.core.StandardServer.await Se ha recibido un comando de apagado a través del puerto de apagado. Parando la instancia del Servidor.
26-Jun-2025 13:37:06.203 INFORMACIÓN [main] org.apache.coyote.AbstractProtocol.pause Pausing ProtocolHandler ["http-nio-8080"]
26-Jun-2025 13:37:06.388 INFORMACIÓN [main] org.apache.catalina.core.StandardService.stopInternal Parando servicio [Catalina]
26-Jun-2025 13:37:06.406 ADVERTENCIA [main] org.apache.catalina.loader.WebappClassLoaderBase.clearReferencesJdbc La aplicación web [PlantiSHOP] registró el conductor JDBC [com.mysql.cj.jdbc.Driver] pero falló al anular el registro mientras la aplicación web estaba parada. Para prevenir un fallo de memoria, se ha anulado el registro del conductor JDBC por la fuerza.
26-Jun-2025 13:37:06.407 ADVERTENCIA [main] org.apache.catalina.loader.WebappClassLoaderBase.clearReferencesThreads The web application [PlantiSHOP] appears to have started a thread named [mysql-cj-abandoned-connection-cleanup] but has failed to stop it. This is very likely to create a memory leak. Stack trace of thread:
 java.lang.Object.wait(Native Method)
 java.lang.ref.ReferenceQueue.remove(ReferenceQueue.java:150)
 com.mysql.cj.jdbc.AbandonedConnectionCleanupThread.run(AbandonedConnectionCleanupThread.java:93)
 java.util.concurrent.ThreadPoolExecutor.runWorker(ThreadPoolExecutor.java:1149)
 java.util.concurrent.ThreadPoolExecutor$Worker.run(ThreadPoolExecutor.java:624)
 java.lang.Thread.run(Thread.java:750)
26-Jun-2025 13:37:06.413 INFORMACIÓN [main] org.apache.coyote.AbstractProtocol.stop Stopping ProtocolHandler ["http-nio-8080"]
26-Jun-2025 13:37:06.419 INFORMACIÓN [main] org.apache.coyote.AbstractProtocol.destroy Destroying ProtocolHandler ["http-nio-8080"]
26-Jun-2025 14:13:02.196 INFORMACIÓN [main] org.apache.catalina.startup.VersionLoggerListener.log Nombre de la versión del servidor: Apache Tomcat/9.0.89
26-Jun-2025 14:13:02.199 INFORMACIÓN [main] org.apache.catalina.startup.VersionLoggerListener.log Server built:                      May 3 2024 20:22:11 UTC
26-Jun-2025 14:13:02.199 INFORMACIÓN [main] org.apache.catalina.startup.VersionLoggerListener.log Número de versión de servidor:     9.0.89.0
26-Jun-2025 14:13:02.199 INFORMACIÓN [main] org.apache.catalina.startup.VersionLoggerListener.log OS Name:                           Windows 11
26-Jun-2025 14:13:02.199 INFORMACIÓN [main] org.apache.catalina.startup.VersionLoggerListener.log Versión de Systema Operativo:      10.0
26-Jun-2025 14:13:02.199 INFORMACIÓN [main] org.apache.catalina.startup.VersionLoggerListener.log Arquitectura:                      amd64
26-Jun-2025 14:13:02.199 INFORMACIÓN [main] org.apache.catalina.startup.VersionLoggerListener.log Java Home:                         C:\Program Files\Java\jdk-1.8\jre
26-Jun-2025 14:13:02.199 INFORMACIÓN [main] org.apache.catalina.startup.VersionLoggerListener.log JVM Version:                       1.8.0_381-b09
26-Jun-2025 14:13:02.199 INFORMACIÓN [main] org.apache.catalina.startup.VersionLoggerListener.log Vededor JVM:                       Oracle Corporation
26-Jun-2025 14:13:02.199 INFORMACIÓN [main] org.apache.catalina.startup.VersionLoggerListener.log CATALINA_BASE:                     C:\Users\Marlon\apache-tomcat-9.0.89
26-Jun-2025 14:13:02.200 INFORMACIÓN [main] org.apache.catalina.startup.VersionLoggerListener.log CATALINA_HOME:                     C:\Users\Marlon\apache-tomcat-9.0.89
26-Jun-2025 14:13:02.201 INFORMACIÓN [main] org.apache.catalina.startup.VersionLoggerListener.log Command line argument:             -Djava.util.logging.config.file=C:\Users\Marlon\apache-tomcat-9.0.89\conf\logging.properties
26-Jun-2025 14:13:02.201 INFORMACIÓN [main] org.apache.catalina.startup.VersionLoggerListener.log Command line argument:             -Djava.util.logging.manager=org.apache.juli.ClassLoaderLogManager
26-Jun-2025 14:13:02.201 INFORMACIÓN [main] org.apache.catalina.startup.VersionLoggerListener.log Command line argument:             -Djdk.tls.ephemeralDHKeySize=2048
26-Jun-2025 14:13:02.201 INFORMACIÓN [main] org.apache.catalina.startup.VersionLoggerListener.log Command line argument:             -Djava.protocol.handler.pkgs=org.apache.catalina.webresources
26-Jun-2025 14:13:02.201 INFORMACIÓN [main] org.apache.catalina.startup.VersionLoggerListener.log Command line argument:             -Dignore.endorsed.dirs=
26-Jun-2025 14:13:02.201 INFORMACIÓN [main] org.apache.catalina.startup.VersionLoggerListener.log Command line argument:             -Dcatalina.base=C:\Users\Marlon\apache-tomcat-9.0.89
26-Jun-2025 14:13:02.202 INFORMACIÓN [main] org.apache.catalina.startup.VersionLoggerListener.log Command line argument:             -Dcatalina.home=C:\Users\Marlon\apache-tomcat-9.0.89
26-Jun-2025 14:13:02.202 INFORMACIÓN [main] org.apache.catalina.startup.VersionLoggerListener.log Command line argument:             -Djava.io.tmpdir=C:\Users\Marlon\apache-tomcat-9.0.89\temp
26-Jun-2025 14:13:02.206 INFORMACIÓN [main] org.apache.catalina.core.AprLifecycleListener.lifecycleEvent Cargada la biblioteca nativa APR de Apache Tomcat [1.3.0] con la versión APR [1.7.4].
26-Jun-2025 14:13:02.206 INFORMACIÓN [main] org.apache.catalina.core.AprLifecycleListener.lifecycleEvent Capacidades APR: IPv6 [true], enviar fichero [true], aceptar filtros [false], aleatorio [true], UDS [true].
26-Jun-2025 14:13:02.207 INFORMACIÓN [main] org.apache.catalina.core.AprLifecycleListener.lifecycleEvent APR/OpenSSL configuration: useAprConnector [false], useOpenSSL [true]
26-Jun-2025 14:13:02.216 INFORMACIÓN [main] org.apache.catalina.core.AprLifecycleListener.initializeSSL OpenSSL inicializado correctamente [OpenSSL 3.0.13 30 Jan 2024]
26-Jun-2025 14:13:02.570 INFORMACIÓN [main] org.apache.coyote.AbstractProtocol.init Inicializando el manejador de protocolo ["http-nio-8080"]

26-Jun-2025 14:13:02.592 INFORMACIÓN [main] org.apache.catalina.startup.Catalina.load Server initialization in [614] milliseconds
26-Jun-2025 14:13:02.630 INFORMACIÓN [main] org.apache.catalina.core.StandardService.startInternal Arrancando servicio [Catalina]
26-Jun-2025 14:13:02.630 INFORMACIÓN [main] org.apache.catalina.core.StandardEngine.startInternal Starting Servlet engine: [Apache Tomcat/9.0.89]
26-Jun-2025 14:13:02.637 INFORMACIÓN [main] org.apache.catalina.startup.HostConfig.deployDescriptor Desplieque del descriptor de configuración [C:\Users\Marlon\apache-tomcat-9.0.89\conf\Catalina\localhost\Beyond.xml]
26-Jun-2025 14:13:02.665 ADVERTENCIA [main] org.apache.catalina.startup.HostConfig.deployDescriptor The path attribute with value [/Beyond] in deployment descriptor [C:\Users\Marlon\apache-tomcat-9.0.89\conf\Catalina\localhost\Beyond.xml] has been ignored
26-Jun-2025 14:13:02.689 GRAVE [main] org.apache.catalina.startup.HostConfig.deployDescriptor Error durante el despliegue del descriptor de configuración [C:\Users\Marlon\apache-tomcat-9.0.89\conf\Catalina\localhost\Beyond.xml]
	java.lang.IllegalStateException: Error starting child
		at org.apache.catalina.core.ContainerBase.addChildInternal(ContainerBase.java:602)
		at org.apache.catalina.core.ContainerBase.addChild(ContainerBase.java:571)
		at org.apache.catalina.core.StandardHost.addChild(StandardHost.java:603)
		at org.apache.catalina.startup.HostConfig.deployDescriptor(HostConfig.java:680)
		at org.apache.catalina.startup.HostConfig$DeployDescriptor.run(HostConfig.java:1844)
		at java.util.concurrent.Executors$RunnableAdapter.call(Executors.java:511)
		at java.util.concurrent.FutureTask.run(FutureTask.java:266)
		at org.apache.tomcat.util.threads.InlineExecutorService.execute(InlineExecutorService.java:75)
		at java.util.concurrent.AbstractExecutorService.submit(AbstractExecutorService.java:112)
		at org.apache.catalina.startup.HostConfig.deployDescriptors(HostConfig.java:575)
		at org.apache.catalina.startup.HostConfig.deployApps(HostConfig.java:466)
		at org.apache.catalina.startup.HostConfig.start(HostConfig.java:1584)
		at org.apache.catalina.startup.HostConfig.lifecycleEvent(HostConfig.java:312)
		at org.apache.catalina.util.LifecycleBase.fireLifecycleEvent(LifecycleBase.java:114)
		at org.apache.catalina.util.LifecycleBase.setStateInternal(LifecycleBase.java:402)
		at org.apache.catalina.util.LifecycleBase.setState(LifecycleBase.java:345)
		at org.apache.catalina.core.ContainerBase.startInternal(ContainerBase.java:776)
		at org.apache.catalina.core.StandardHost.startInternal(StandardHost.java:721)
		at org.apache.catalina.util.LifecycleBase.start(LifecycleBase.java:171)
		at org.apache.catalina.core.ContainerBase$StartChild.call(ContainerBase.java:1203)
		at org.apache.catalina.core.ContainerBase$StartChild.call(ContainerBase.java:1193)
		at java.util.concurrent.FutureTask.run(FutureTask.java:266)
		at org.apache.tomcat.util.threads.InlineExecutorService.execute(InlineExecutorService.java:75)
		at java.util.concurrent.AbstractExecutorService.submit(AbstractExecutorService.java:134)
		at org.apache.catalina.core.ContainerBase.startInternal(ContainerBase.java:749)
		at org.apache.catalina.core.StandardEngine.startInternal(StandardEngine.java:211)
		at org.apache.catalina.util.LifecycleBase.start(LifecycleBase.java:171)
		at org.apache.catalina.core.StandardService.startInternal(StandardService.java:415)
		at org.apache.catalina.util.LifecycleBase.start(LifecycleBase.java:171)
		at org.apache.catalina.core.StandardServer.startInternal(StandardServer.java:878)
		at org.apache.catalina.util.LifecycleBase.start(LifecycleBase.java:171)
		at org.apache.catalina.startup.Catalina.start(Catalina.java:735)
		at sun.reflect.NativeMethodAccessorImpl.invoke0(Native Method)
		at sun.reflect.NativeMethodAccessorImpl.invoke(NativeMethodAccessorImpl.java:62)
		at sun.reflect.DelegatingMethodAccessorImpl.invoke(DelegatingMethodAccessorImpl.java:43)
		at java.lang.reflect.Method.invoke(Method.java:498)
		at org.apache.catalina.startup.Bootstrap.start(Bootstrap.java:345)
		at org.apache.catalina.startup.Bootstrap.main(Bootstrap.java:473)
	Caused by: org.apache.catalina.LifecycleException: Failed to start component [org.apache.catalina.webresources.StandardRoot@69379752]
		at org.apache.catalina.util.LifecycleBase.handleSubClassException(LifecycleBase.java:419)
		at org.apache.catalina.util.LifecycleBase.start(LifecycleBase.java:186)
		at org.apache.catalina.core.StandardContext.resourcesStart(StandardContext.java:4120)
		at org.apache.catalina.core.StandardContext.startInternal(StandardContext.java:4242)
		at org.apache.catalina.util.LifecycleBase.start(LifecycleBase.java:171)
		at org.apache.catalina.core.ContainerBase.addChildInternal(ContainerBase.java:599)
		... 37 more
	Caused by: java.lang.IllegalArgumentException: The main resource set specified [F:\LDS - Final\Beyond\build\web] is not a directory or war file, or is not readable (it does not exist or permissions to access it are missing)
		at org.apache.catalina.webresources.StandardRoot.createMainResourceSet(StandardRoot.java:749)
		at org.apache.catalina.webresources.StandardRoot.startInternal(StandardRoot.java:707)
		at org.apache.catalina.util.LifecycleBase.start(LifecycleBase.java:171)
		... 41 more
26-Jun-2025 14:13:02.704 INFORMACIÓN [main] org.apache.catalina.startup.HostConfig.deployDescriptor Deployment of deployment descriptor [C:\Users\Marlon\apache-tomcat-9.0.89\conf\Catalina\localhost\Beyond.xml] has finished in [65] ms
26-Jun-2025 14:13:02.705 INFORMACIÓN [main] org.apache.catalina.startup.HostConfig.deployDescriptor Desplieque del descriptor de configuración [C:\Users\Marlon\apache-tomcat-9.0.89\conf\Catalina\localhost\PlantiSHOP.xml]
26-Jun-2025 14:13:02.706 ADVERTENCIA [main] org.apache.catalina.startup.HostConfig.deployDescriptor The path attribute with value [/PlantiSHOP] in deployment descriptor [C:\Users\Marlon\apache-tomcat-9.0.89\conf\Catalina\localhost\PlantiSHOP.xml] has been ignored
26-Jun-2025 14:13:03.640 INFORMACIÓN [main] org.apache.jasper.servlet.TldScanner.scanJars Al menos un JAR, que se ha explorado buscando TLDs, aún no contenía TLDs. Activar historial de depuración para este historiador para una completa lista de los JARs que fueron explorados y de los que nos se halló TLDs. Saltarse JARs no necesarios durante la exploración puede dar lugar a una mejora de tiempo significativa en el arranque y compilación de JSP .
26-Jun-2025 14:13:03.850 ADVERTENCIA [main] org.apache.catalina.util.SessionIdGeneratorBase.createSecureRandom Creation of SecureRandom instance for session ID generation using [SHA1PRNG] took [184] milliseconds.
26-Jun-2025 14:13:03.876 INFORMACIÓN [main] org.apache.catalina.startup.HostConfig.deployDescriptor Deployment of deployment descriptor [C:\Users\Marlon\apache-tomcat-9.0.89\conf\Catalina\localhost\PlantiSHOP.xml] has finished in [1.171] ms
26-Jun-2025 14:13:03.876 INFORMACIÓN [main] org.apache.catalina.startup.HostConfig.deployDescriptor Desplieque del descriptor de configuración [C:\Users\Marlon\apache-tomcat-9.0.89\conf\Catalina\localhost\WebApplication1.xml]
26-Jun-2025 14:13:03.877 ADVERTENCIA [main] org.apache.catalina.startup.HostConfig.deployDescriptor The path attribute with value [/WebApplication1] in deployment descriptor [C:\Users\Marlon\apache-tomcat-9.0.89\conf\Catalina\localhost\WebApplication1.xml] has been ignored
26-Jun-2025 14:13:03.881 GRAVE [main] org.apache.catalina.startup.HostConfig.deployDescriptor Error durante el despliegue del descriptor de configuración [C:\Users\Marlon\apache-tomcat-9.0.89\conf\Catalina\localhost\WebApplication1.xml]
	java.lang.IllegalStateException: Error starting child
		at org.apache.catalina.core.ContainerBase.addChildInternal(ContainerBase.java:602)
		at org.apache.catalina.core.ContainerBase.addChild(ContainerBase.java:571)
		at org.apache.catalina.core.StandardHost.addChild(StandardHost.java:603)
		at org.apache.catalina.startup.HostConfig.deployDescriptor(HostConfig.java:680)
		at org.apache.catalina.startup.HostConfig$DeployDescriptor.run(HostConfig.java:1844)
		at java.util.concurrent.Executors$RunnableAdapter.call(Executors.java:511)
		at java.util.concurrent.FutureTask.run(FutureTask.java:266)
		at org.apache.tomcat.util.threads.InlineExecutorService.execute(InlineExecutorService.java:75)
		at java.util.concurrent.AbstractExecutorService.submit(AbstractExecutorService.java:112)
		at org.apache.catalina.startup.HostConfig.deployDescriptors(HostConfig.java:575)
		at org.apache.catalina.startup.HostConfig.deployApps(HostConfig.java:466)
		at org.apache.catalina.startup.HostConfig.start(HostConfig.java:1584)
		at org.apache.catalina.startup.HostConfig.lifecycleEvent(HostConfig.java:312)
		at org.apache.catalina.util.LifecycleBase.fireLifecycleEvent(LifecycleBase.java:114)
		at org.apache.catalina.util.LifecycleBase.setStateInternal(LifecycleBase.java:402)
		at org.apache.catalina.util.LifecycleBase.setState(LifecycleBase.java:345)
		at org.apache.catalina.core.ContainerBase.startInternal(ContainerBase.java:776)
		at org.apache.catalina.core.StandardHost.startInternal(StandardHost.java:721)
		at org.apache.catalina.util.LifecycleBase.start(LifecycleBase.java:171)
		at org.apache.catalina.core.ContainerBase$StartChild.call(ContainerBase.java:1203)
		at org.apache.catalina.core.ContainerBase$StartChild.call(ContainerBase.java:1193)
		at java.util.concurrent.FutureTask.run(FutureTask.java:266)
		at org.apache.tomcat.util.threads.InlineExecutorService.execute(InlineExecutorService.java:75)
		at java.util.concurrent.AbstractExecutorService.submit(AbstractExecutorService.java:134)
		at org.apache.catalina.core.ContainerBase.startInternal(ContainerBase.java:749)
		at org.apache.catalina.core.StandardEngine.startInternal(StandardEngine.java:211)
		at org.apache.catalina.util.LifecycleBase.start(LifecycleBase.java:171)
		at org.apache.catalina.core.StandardService.startInternal(StandardService.java:415)
		at org.apache.catalina.util.LifecycleBase.start(LifecycleBase.java:171)
		at org.apache.catalina.core.StandardServer.startInternal(StandardServer.java:878)
		at org.apache.catalina.util.LifecycleBase.start(LifecycleBase.java:171)
		at org.apache.catalina.startup.Catalina.start(Catalina.java:735)
		at sun.reflect.NativeMethodAccessorImpl.invoke0(Native Method)
		at sun.reflect.NativeMethodAccessorImpl.invoke(NativeMethodAccessorImpl.java:62)
		at sun.reflect.DelegatingMethodAccessorImpl.invoke(DelegatingMethodAccessorImpl.java:43)
		at java.lang.reflect.Method.invoke(Method.java:498)
		at org.apache.catalina.startup.Bootstrap.start(Bootstrap.java:345)
		at org.apache.catalina.startup.Bootstrap.main(Bootstrap.java:473)
	Caused by: org.apache.catalina.LifecycleException: Failed to start component [org.apache.catalina.webresources.StandardRoot@2fe88a09]
		at org.apache.catalina.util.LifecycleBase.handleSubClassException(LifecycleBase.java:419)
		at org.apache.catalina.util.LifecycleBase.start(LifecycleBase.java:186)
		at org.apache.catalina.core.StandardContext.resourcesStart(StandardContext.java:4120)
		at org.apache.catalina.core.StandardContext.startInternal(StandardContext.java:4242)
		at org.apache.catalina.util.LifecycleBase.start(LifecycleBase.java:171)
		at org.apache.catalina.core.ContainerBase.addChildInternal(ContainerBase.java:599)
		... 37 more
	Caused by: java.lang.IllegalArgumentException: The main resource set specified [C:\Users\Marlon\Documents\NetBeansProjects\WebApplication1\build\web] is not a directory or war file, or is not readable (it does not exist or permissions to access it are missing)
		at org.apache.catalina.webresources.StandardRoot.createMainResourceSet(StandardRoot.java:749)
		at org.apache.catalina.webresources.StandardRoot.startInternal(StandardRoot.java:707)
		at org.apache.catalina.util.LifecycleBase.start(LifecycleBase.java:171)
		... 41 more
26-Jun-2025 14:13:03.903 INFORMACIÓN [main] org.apache.catalina.startup.HostConfig.deployDescriptor Deployment of deployment descriptor [C:\Users\Marlon\apache-tomcat-9.0.89\conf\Catalina\localhost\WebApplication1.xml] has finished in [27] ms
26-Jun-2025 14:13:03.904 INFORMACIÓN [main] org.apache.catalina.startup.HostConfig.deployDirectory Desplegando el directorio [C:\Users\Marlon\apache-tomcat-9.0.89\webapps\docs] de la aplicación web
26-Jun-2025 14:13:03.945 INFORMACIÓN [main] org.apache.catalina.startup.HostConfig.deployDirectory Deployment of web application directory [C:\Users\Marlon\apache-tomcat-9.0.89\webapps\docs] has finished in [41] ms
26-Jun-2025 14:13:03.946 INFORMACIÓN [main] org.apache.catalina.startup.HostConfig.deployDirectory Desplegando el directorio [C:\Users\Marlon\apache-tomcat-9.0.89\webapps\examples] de la aplicación web
26-Jun-2025 14:13:04.334 INFORMACIÓN [main] org.apache.catalina.startup.HostConfig.deployDirectory Deployment of web application directory [C:\Users\Marlon\apache-tomcat-9.0.89\webapps\examples] has finished in [388] ms
26-Jun-2025 14:13:04.336 INFORMACIÓN [main] org.apache.catalina.startup.HostConfig.deployDirectory Desplegando el directorio [C:\Users\Marlon\apache-tomcat-9.0.89\webapps\host-manager] de la aplicación web
26-Jun-2025 14:13:04.389 INFORMACIÓN [main] org.apache.catalina.startup.HostConfig.deployDirectory Deployment of web application directory [C:\Users\Marlon\apache-tomcat-9.0.89\webapps\host-manager] has finished in [55] ms
26-Jun-2025 14:13:04.390 INFORMACIÓN [main] org.apache.catalina.startup.HostConfig.deployDirectory Desplegando el directorio [C:\Users\Marlon\apache-tomcat-9.0.89\webapps\manager] de la aplicación web
26-Jun-2025 14:13:04.429 INFORMACIÓN [main] org.apache.catalina.startup.HostConfig.deployDirectory Deployment of web application directory [C:\Users\Marlon\apache-tomcat-9.0.89\webapps\manager] has finished in [38] ms
26-Jun-2025 14:13:04.429 INFORMACIÓN [main] org.apache.catalina.startup.HostConfig.deployDirectory Desplegando el directorio [C:\Users\Marlon\apache-tomcat-9.0.89\webapps\ROOT] de la aplicación web
26-Jun-2025 14:13:04.453 INFORMACIÓN [main] org.apache.catalina.startup.HostConfig.deployDirectory Deployment of web application directory [C:\Users\Marlon\apache-tomcat-9.0.89\webapps\ROOT] has finished in [23] ms
26-Jun-2025 14:13:04.457 INFORMACIÓN [main] org.apache.coyote.AbstractProtocol.start Starting ProtocolHandler ["http-nio-8080"]
26-Jun-2025 14:13:04.471 INFORMACIÓN [main] org.apache.catalina.startup.Catalina.start Server startup in [1879] milliseconds
26-Jun-2025 14:13:05.158 INFORMACIÓN [http-nio-8080-exec-7] org.apache.catalina.startup.HostConfig.undeploy Repliegue (undeploy) de la aplicación web que tiene como trayectoria de contexto [/PlantiSHOP]
26-Jun-2025 14:13:05.207 INFORMACIÓN [http-nio-8080-exec-5] org.apache.catalina.startup.HostConfig.deployDescriptor Desplieque del descriptor de configuración [C:\Users\Marlon\apache-tomcat-9.0.89\conf\Catalina\localhost\PlantiSHOP.xml]
26-Jun-2025 14:13:05.208 ADVERTENCIA [http-nio-8080-exec-5] org.apache.catalina.startup.HostConfig.deployDescriptor The path attribute with value [/PlantiSHOP] in deployment descriptor [C:\Users\Marlon\apache-tomcat-9.0.89\conf\Catalina\localhost\PlantiSHOP.xml] has been ignored
26-Jun-2025 14:13:05.925 INFORMACIÓN [http-nio-8080-exec-5] org.apache.jasper.servlet.TldScanner.scanJars Al menos un JAR, que se ha explorado buscando TLDs, aún no contenía TLDs. Activar historial de depuración para este historiador para una completa lista de los JARs que fueron explorados y de los que nos se halló TLDs. Saltarse JARs no necesarios durante la exploración puede dar lugar a una mejora de tiempo significativa en el arranque y compilación de JSP .
26-Jun-2025 14:13:05.929 INFORMACIÓN [http-nio-8080-exec-5] org.apache.catalina.startup.HostConfig.deployDescriptor Deployment of deployment descriptor [C:\Users\Marlon\apache-tomcat-9.0.89\conf\Catalina\localhost\PlantiSHOP.xml] has finished in [722] ms
26-Jun-2025 14:13:05.932 INFORMACIÓN [http-nio-8080-exec-6] org.apache.catalina.util.LifecycleBase.start The start() method was called on component [StandardEngine[Catalina].StandardHost[localhost].StandardContext[/PlantiSHOP]] after start() had already been called. The second call will be ignored.
26-Jun-2025 14:26:43.545 INFORMACIÓN [main] org.apache.catalina.core.StandardServer.await Se ha recibido un comando de apagado a través del puerto de apagado. Parando la instancia del Servidor.
26-Jun-2025 14:26:43.547 INFORMACIÓN [main] org.apache.coyote.AbstractProtocol.pause Pausing ProtocolHandler ["http-nio-8080"]
26-Jun-2025 14:26:43.767 INFORMACIÓN [main] org.apache.catalina.core.StandardService.stopInternal Parando servicio [Catalina]
26-Jun-2025 14:26:43.790 ADVERTENCIA [main] org.apache.catalina.loader.WebappClassLoaderBase.clearReferencesJdbc La aplicación web [PlantiSHOP] registró el conductor JDBC [com.mysql.cj.jdbc.Driver] pero falló al anular el registro mientras la aplicación web estaba parada. Para prevenir un fallo de memoria, se ha anulado el registro del conductor JDBC por la fuerza.
26-Jun-2025 14:26:43.791 ADVERTENCIA [main] org.apache.catalina.loader.WebappClassLoaderBase.clearReferencesThreads The web application [PlantiSHOP] appears to have started a thread named [mysql-cj-abandoned-connection-cleanup] but has failed to stop it. This is very likely to create a memory leak. Stack trace of thread:
 java.lang.Object.wait(Native Method)
 java.lang.ref.ReferenceQueue.remove(ReferenceQueue.java:150)
 com.mysql.cj.jdbc.AbandonedConnectionCleanupThread.run(AbandonedConnectionCleanupThread.java:93)
 java.util.concurrent.ThreadPoolExecutor.runWorker(ThreadPoolExecutor.java:1149)
 java.util.concurrent.ThreadPoolExecutor$Worker.run(ThreadPoolExecutor.java:624)
 java.lang.Thread.run(Thread.java:750)
26-Jun-2025 14:26:43.805 INFORMACIÓN [main] org.apache.coyote.AbstractProtocol.stop Stopping ProtocolHandler ["http-nio-8080"]
26-Jun-2025 14:26:43.823 INFORMACIÓN [main] org.apache.coyote.AbstractProtocol.destroy Destroying ProtocolHandler ["http-nio-8080"]
26-Jun-2025 14:37:17.789 INFORMACIÓN [main] org.apache.catalina.startup.VersionLoggerListener.log Nombre de la versión del servidor: Apache Tomcat/9.0.89
26-Jun-2025 14:37:17.792 INFORMACIÓN [main] org.apache.catalina.startup.VersionLoggerListener.log Server built:                      May 3 2024 20:22:11 UTC
26-Jun-2025 14:37:17.792 INFORMACIÓN [main] org.apache.catalina.startup.VersionLoggerListener.log Número de versión de servidor:     9.0.89.0
26-Jun-2025 14:37:17.792 INFORMACIÓN [main] org.apache.catalina.startup.VersionLoggerListener.log OS Name:                           Windows 11
26-Jun-2025 14:37:17.792 INFORMACIÓN [main] org.apache.catalina.startup.VersionLoggerListener.log Versión de Systema Operativo:      10.0
26-Jun-2025 14:37:17.792 INFORMACIÓN [main] org.apache.catalina.startup.VersionLoggerListener.log Arquitectura:                      amd64
26-Jun-2025 14:37:17.792 INFORMACIÓN [main] org.apache.catalina.startup.VersionLoggerListener.log Java Home:                         C:\Program Files\Java\jdk-1.8\jre
26-Jun-2025 14:37:17.792 INFORMACIÓN [main] org.apache.catalina.startup.VersionLoggerListener.log JVM Version:                       1.8.0_381-b09
26-Jun-2025 14:37:17.792 INFORMACIÓN [main] org.apache.catalina.startup.VersionLoggerListener.log Vededor JVM:                       Oracle Corporation
26-Jun-2025 14:37:17.792 INFORMACIÓN [main] org.apache.catalina.startup.VersionLoggerListener.log CATALINA_BASE:                     C:\Users\Marlon\apache-tomcat-9.0.89
26-Jun-2025 14:37:17.792 INFORMACIÓN [main] org.apache.catalina.startup.VersionLoggerListener.log CATALINA_HOME:                     C:\Users\Marlon\apache-tomcat-9.0.89
26-Jun-2025 14:37:17.796 INFORMACIÓN [main] org.apache.catalina.startup.VersionLoggerListener.log Command line argument:             -Djava.util.logging.config.file=C:\Users\Marlon\apache-tomcat-9.0.89\conf\logging.properties
26-Jun-2025 14:37:17.796 INFORMACIÓN [main] org.apache.catalina.startup.VersionLoggerListener.log Command line argument:             -Djava.util.logging.manager=org.apache.juli.ClassLoaderLogManager
26-Jun-2025 14:37:17.796 INFORMACIÓN [main] org.apache.catalina.startup.VersionLoggerListener.log Command line argument:             -Djdk.tls.ephemeralDHKeySize=2048
26-Jun-2025 14:37:17.796 INFORMACIÓN [main] org.apache.catalina.startup.VersionLoggerListener.log Command line argument:             -Djava.protocol.handler.pkgs=org.apache.catalina.webresources
26-Jun-2025 14:37:17.796 INFORMACIÓN [main] org.apache.catalina.startup.VersionLoggerListener.log Command line argument:             -Dignore.endorsed.dirs=
26-Jun-2025 14:37:17.796 INFORMACIÓN [main] org.apache.catalina.startup.VersionLoggerListener.log Command line argument:             -Dcatalina.base=C:\Users\Marlon\apache-tomcat-9.0.89
26-Jun-2025 14:37:17.796 INFORMACIÓN [main] org.apache.catalina.startup.VersionLoggerListener.log Command line argument:             -Dcatalina.home=C:\Users\Marlon\apache-tomcat-9.0.89
26-Jun-2025 14:37:17.796 INFORMACIÓN [main] org.apache.catalina.startup.VersionLoggerListener.log Command line argument:             -Djava.io.tmpdir=C:\Users\Marlon\apache-tomcat-9.0.89\temp
26-Jun-2025 14:37:17.800 INFORMACIÓN [main] org.apache.catalina.core.AprLifecycleListener.lifecycleEvent Cargada la biblioteca nativa APR de Apache Tomcat [1.3.0] con la versión APR [1.7.4].
26-Jun-2025 14:37:17.800 INFORMACIÓN [main] org.apache.catalina.core.AprLifecycleListener.lifecycleEvent Capacidades APR: IPv6 [true], enviar fichero [true], aceptar filtros [false], aleatorio [true], UDS [true].
26-Jun-2025 14:37:17.800 INFORMACIÓN [main] org.apache.catalina.core.AprLifecycleListener.lifecycleEvent APR/OpenSSL configuration: useAprConnector [false], useOpenSSL [true]
26-Jun-2025 14:37:17.808 INFORMACIÓN [main] org.apache.catalina.core.AprLifecycleListener.initializeSSL OpenSSL inicializado correctamente [OpenSSL 3.0.13 30 Jan 2024]
26-Jun-2025 14:37:18.234 INFORMACIÓN [main] org.apache.coyote.AbstractProtocol.init Inicializando el manejador de protocolo ["http-nio-8080"]

26-Jun-2025 14:37:18.257 INFORMACIÓN [main] org.apache.catalina.startup.Catalina.load Server initialization in [643] milliseconds
26-Jun-2025 14:37:18.294 INFORMACIÓN [main] org.apache.catalina.core.StandardService.startInternal Arrancando servicio [Catalina]
26-Jun-2025 14:37:18.294 INFORMACIÓN [main] org.apache.catalina.core.StandardEngine.startInternal Starting Servlet engine: [Apache Tomcat/9.0.89]
26-Jun-2025 14:37:18.301 INFORMACIÓN [main] org.apache.catalina.startup.HostConfig.deployDescriptor Desplieque del descriptor de configuración [C:\Users\Marlon\apache-tomcat-9.0.89\conf\Catalina\localhost\Beyond.xml]
26-Jun-2025 14:37:18.325 ADVERTENCIA [main] org.apache.catalina.startup.HostConfig.deployDescriptor The path attribute with value [/Beyond] in deployment descriptor [C:\Users\Marlon\apache-tomcat-9.0.89\conf\Catalina\localhost\Beyond.xml] has been ignored
26-Jun-2025 14:37:18.364 GRAVE [main] org.apache.catalina.startup.HostConfig.deployDescriptor Error durante el despliegue del descriptor de configuración [C:\Users\Marlon\apache-tomcat-9.0.89\conf\Catalina\localhost\Beyond.xml]
	java.lang.IllegalStateException: Error starting child
		at org.apache.catalina.core.ContainerBase.addChildInternal(ContainerBase.java:602)
		at org.apache.catalina.core.ContainerBase.addChild(ContainerBase.java:571)
		at org.apache.catalina.core.StandardHost.addChild(StandardHost.java:603)
		at org.apache.catalina.startup.HostConfig.deployDescriptor(HostConfig.java:680)
		at org.apache.catalina.startup.HostConfig$DeployDescriptor.run(HostConfig.java:1844)
		at java.util.concurrent.Executors$RunnableAdapter.call(Executors.java:511)
		at java.util.concurrent.FutureTask.run(FutureTask.java:266)
		at org.apache.tomcat.util.threads.InlineExecutorService.execute(InlineExecutorService.java:75)
		at java.util.concurrent.AbstractExecutorService.submit(AbstractExecutorService.java:112)
		at org.apache.catalina.startup.HostConfig.deployDescriptors(HostConfig.java:575)
		at org.apache.catalina.startup.HostConfig.deployApps(HostConfig.java:466)
		at org.apache.catalina.startup.HostConfig.start(HostConfig.java:1584)
		at org.apache.catalina.startup.HostConfig.lifecycleEvent(HostConfig.java:312)
		at org.apache.catalina.util.LifecycleBase.fireLifecycleEvent(LifecycleBase.java:114)
		at org.apache.catalina.util.LifecycleBase.setStateInternal(LifecycleBase.java:402)
		at org.apache.catalina.util.LifecycleBase.setState(LifecycleBase.java:345)
		at org.apache.catalina.core.ContainerBase.startInternal(ContainerBase.java:776)
		at org.apache.catalina.core.StandardHost.startInternal(StandardHost.java:721)
		at org.apache.catalina.util.LifecycleBase.start(LifecycleBase.java:171)
		at org.apache.catalina.core.ContainerBase$StartChild.call(ContainerBase.java:1203)
		at org.apache.catalina.core.ContainerBase$StartChild.call(ContainerBase.java:1193)
		at java.util.concurrent.FutureTask.run(FutureTask.java:266)
		at org.apache.tomcat.util.threads.InlineExecutorService.execute(InlineExecutorService.java:75)
		at java.util.concurrent.AbstractExecutorService.submit(AbstractExecutorService.java:134)
		at org.apache.catalina.core.ContainerBase.startInternal(ContainerBase.java:749)
		at org.apache.catalina.core.StandardEngine.startInternal(StandardEngine.java:211)
		at org.apache.catalina.util.LifecycleBase.start(LifecycleBase.java:171)
		at org.apache.catalina.core.StandardService.startInternal(StandardService.java:415)
		at org.apache.catalina.util.LifecycleBase.start(LifecycleBase.java:171)
		at org.apache.catalina.core.StandardServer.startInternal(StandardServer.java:878)
		at org.apache.catalina.util.LifecycleBase.start(LifecycleBase.java:171)
		at org.apache.catalina.startup.Catalina.start(Catalina.java:735)
		at sun.reflect.NativeMethodAccessorImpl.invoke0(Native Method)
		at sun.reflect.NativeMethodAccessorImpl.invoke(NativeMethodAccessorImpl.java:62)
		at sun.reflect.DelegatingMethodAccessorImpl.invoke(DelegatingMethodAccessorImpl.java:43)
		at java.lang.reflect.Method.invoke(Method.java:498)
		at org.apache.catalina.startup.Bootstrap.start(Bootstrap.java:345)
		at org.apache.catalina.startup.Bootstrap.main(Bootstrap.java:473)
	Caused by: org.apache.catalina.LifecycleException: Failed to start component [org.apache.catalina.webresources.StandardRoot@69379752]
		at org.apache.catalina.util.LifecycleBase.handleSubClassException(LifecycleBase.java:419)
		at org.apache.catalina.util.LifecycleBase.start(LifecycleBase.java:186)
		at org.apache.catalina.core.StandardContext.resourcesStart(StandardContext.java:4120)
		at org.apache.catalina.core.StandardContext.startInternal(StandardContext.java:4242)
		at org.apache.catalina.util.LifecycleBase.start(LifecycleBase.java:171)
		at org.apache.catalina.core.ContainerBase.addChildInternal(ContainerBase.java:599)
		... 37 more
	Caused by: java.lang.IllegalArgumentException: The main resource set specified [F:\LDS - Final\Beyond\build\web] is not a directory or war file, or is not readable (it does not exist or permissions to access it are missing)
		at org.apache.catalina.webresources.StandardRoot.createMainResourceSet(StandardRoot.java:749)
		at org.apache.catalina.webresources.StandardRoot.startInternal(StandardRoot.java:707)
		at org.apache.catalina.util.LifecycleBase.start(LifecycleBase.java:171)
		... 41 more
26-Jun-2025 14:37:18.369 INFORMACIÓN [main] org.apache.catalina.startup.HostConfig.deployDescriptor Deployment of deployment descriptor [C:\Users\Marlon\apache-tomcat-9.0.89\conf\Catalina\localhost\Beyond.xml] has finished in [67] ms
26-Jun-2025 14:37:18.371 INFORMACIÓN [main] org.apache.catalina.startup.HostConfig.deployDescriptor Desplieque del descriptor de configuración [C:\Users\Marlon\apache-tomcat-9.0.89\conf\Catalina\localhost\PlantiSHOP.xml]
26-Jun-2025 14:37:18.372 ADVERTENCIA [main] org.apache.catalina.startup.HostConfig.deployDescriptor The path attribute with value [/PlantiSHOP] in deployment descriptor [C:\Users\Marlon\apache-tomcat-9.0.89\conf\Catalina\localhost\PlantiSHOP.xml] has been ignored
26-Jun-2025 14:37:19.225 INFORMACIÓN [main] org.apache.jasper.servlet.TldScanner.scanJars Al menos un JAR, que se ha explorado buscando TLDs, aún no contenía TLDs. Activar historial de depuración para este historiador para una completa lista de los JARs que fueron explorados y de los que nos se halló TLDs. Saltarse JARs no necesarios durante la exploración puede dar lugar a una mejora de tiempo significativa en el arranque y compilación de JSP .
26-Jun-2025 14:37:19.451 ADVERTENCIA [main] org.apache.catalina.util.SessionIdGeneratorBase.createSecureRandom Creation of SecureRandom instance for session ID generation using [SHA1PRNG] took [198] milliseconds.
26-Jun-2025 14:37:19.483 INFORMACIÓN [main] org.apache.catalina.startup.HostConfig.deployDescriptor Deployment of deployment descriptor [C:\Users\Marlon\apache-tomcat-9.0.89\conf\Catalina\localhost\PlantiSHOP.xml] has finished in [1.112] ms
26-Jun-2025 14:37:19.483 INFORMACIÓN [main] org.apache.catalina.startup.HostConfig.deployDescriptor Desplieque del descriptor de configuración [C:\Users\Marlon\apache-tomcat-9.0.89\conf\Catalina\localhost\WebApplication1.xml]
26-Jun-2025 14:37:19.484 ADVERTENCIA [main] org.apache.catalina.startup.HostConfig.deployDescriptor The path attribute with value [/WebApplication1] in deployment descriptor [C:\Users\Marlon\apache-tomcat-9.0.89\conf\Catalina\localhost\WebApplication1.xml] has been ignored
26-Jun-2025 14:37:19.490 GRAVE [main] org.apache.catalina.startup.HostConfig.deployDescriptor Error durante el despliegue del descriptor de configuración [C:\Users\Marlon\apache-tomcat-9.0.89\conf\Catalina\localhost\WebApplication1.xml]
	java.lang.IllegalStateException: Error starting child
		at org.apache.catalina.core.ContainerBase.addChildInternal(ContainerBase.java:602)
		at org.apache.catalina.core.ContainerBase.addChild(ContainerBase.java:571)
		at org.apache.catalina.core.StandardHost.addChild(StandardHost.java:603)
		at org.apache.catalina.startup.HostConfig.deployDescriptor(HostConfig.java:680)
		at org.apache.catalina.startup.HostConfig$DeployDescriptor.run(HostConfig.java:1844)
		at java.util.concurrent.Executors$RunnableAdapter.call(Executors.java:511)
		at java.util.concurrent.FutureTask.run(FutureTask.java:266)
		at org.apache.tomcat.util.threads.InlineExecutorService.execute(InlineExecutorService.java:75)
		at java.util.concurrent.AbstractExecutorService.submit(AbstractExecutorService.java:112)
		at org.apache.catalina.startup.HostConfig.deployDescriptors(HostConfig.java:575)
		at org.apache.catalina.startup.HostConfig.deployApps(HostConfig.java:466)
		at org.apache.catalina.startup.HostConfig.start(HostConfig.java:1584)
		at org.apache.catalina.startup.HostConfig.lifecycleEvent(HostConfig.java:312)
		at org.apache.catalina.util.LifecycleBase.fireLifecycleEvent(LifecycleBase.java:114)
		at org.apache.catalina.util.LifecycleBase.setStateInternal(LifecycleBase.java:402)
		at org.apache.catalina.util.LifecycleBase.setState(LifecycleBase.java:345)
		at org.apache.catalina.core.ContainerBase.startInternal(ContainerBase.java:776)
		at org.apache.catalina.core.StandardHost.startInternal(StandardHost.java:721)
		at org.apache.catalina.util.LifecycleBase.start(LifecycleBase.java:171)
		at org.apache.catalina.core.ContainerBase$StartChild.call(ContainerBase.java:1203)
		at org.apache.catalina.core.ContainerBase$StartChild.call(ContainerBase.java:1193)
		at java.util.concurrent.FutureTask.run(FutureTask.java:266)
		at org.apache.tomcat.util.threads.InlineExecutorService.execute(InlineExecutorService.java:75)
		at java.util.concurrent.AbstractExecutorService.submit(AbstractExecutorService.java:134)
		at org.apache.catalina.core.ContainerBase.startInternal(ContainerBase.java:749)
		at org.apache.catalina.core.StandardEngine.startInternal(StandardEngine.java:211)
		at org.apache.catalina.util.LifecycleBase.start(LifecycleBase.java:171)
		at org.apache.catalina.core.StandardService.startInternal(StandardService.java:415)
		at org.apache.catalina.util.LifecycleBase.start(LifecycleBase.java:171)
		at org.apache.catalina.core.StandardServer.startInternal(StandardServer.java:878)
		at org.apache.catalina.util.LifecycleBase.start(LifecycleBase.java:171)
		at org.apache.catalina.startup.Catalina.start(Catalina.java:735)
		at sun.reflect.NativeMethodAccessorImpl.invoke0(Native Method)
		at sun.reflect.NativeMethodAccessorImpl.invoke(NativeMethodAccessorImpl.java:62)
		at sun.reflect.DelegatingMethodAccessorImpl.invoke(DelegatingMethodAccessorImpl.java:43)
		at java.lang.reflect.Method.invoke(Method.java:498)
		at org.apache.catalina.startup.Bootstrap.start(Bootstrap.java:345)
		at org.apache.catalina.startup.Bootstrap.main(Bootstrap.java:473)
	Caused by: org.apache.catalina.LifecycleException: Failed to start component [org.apache.catalina.webresources.StandardRoot@4f20a5e0]
		at org.apache.catalina.util.LifecycleBase.handleSubClassException(LifecycleBase.java:419)
		at org.apache.catalina.util.LifecycleBase.start(LifecycleBase.java:186)
		at org.apache.catalina.core.StandardContext.resourcesStart(StandardContext.java:4120)
		at org.apache.catalina.core.StandardContext.startInternal(StandardContext.java:4242)
		at org.apache.catalina.util.LifecycleBase.start(LifecycleBase.java:171)
		at org.apache.catalina.core.ContainerBase.addChildInternal(ContainerBase.java:599)
		... 37 more
	Caused by: java.lang.IllegalArgumentException: The main resource set specified [C:\Users\Marlon\Documents\NetBeansProjects\WebApplication1\build\web] is not a directory or war file, or is not readable (it does not exist or permissions to access it are missing)
		at org.apache.catalina.webresources.StandardRoot.createMainResourceSet(StandardRoot.java:749)
		at org.apache.catalina.webresources.StandardRoot.startInternal(StandardRoot.java:707)
		at org.apache.catalina.util.LifecycleBase.start(LifecycleBase.java:171)
		... 41 more
26-Jun-2025 14:37:19.518 INFORMACIÓN [main] org.apache.catalina.startup.HostConfig.deployDescriptor Deployment of deployment descriptor [C:\Users\Marlon\apache-tomcat-9.0.89\conf\Catalina\localhost\WebApplication1.xml] has finished in [35] ms
26-Jun-2025 14:37:19.519 INFORMACIÓN [main] org.apache.catalina.startup.HostConfig.deployDirectory Desplegando el directorio [C:\Users\Marlon\apache-tomcat-9.0.89\webapps\docs] de la aplicación web
26-Jun-2025 14:37:19.556 INFORMACIÓN [main] org.apache.catalina.startup.HostConfig.deployDirectory Deployment of web application directory [C:\Users\Marlon\apache-tomcat-9.0.89\webapps\docs] has finished in [37] ms
26-Jun-2025 14:37:19.556 INFORMACIÓN [main] org.apache.catalina.startup.HostConfig.deployDirectory Desplegando el directorio [C:\Users\Marlon\apache-tomcat-9.0.89\webapps\examples] de la aplicación web
26-Jun-2025 14:37:19.988 INFORMACIÓN [main] org.apache.catalina.startup.HostConfig.deployDirectory Deployment of web application directory [C:\Users\Marlon\apache-tomcat-9.0.89\webapps\examples] has finished in [432] ms
26-Jun-2025 14:37:19.988 INFORMACIÓN [main] org.apache.catalina.startup.HostConfig.deployDirectory Desplegando el directorio [C:\Users\Marlon\apache-tomcat-9.0.89\webapps\host-manager] de la aplicación web
26-Jun-2025 14:37:20.028 INFORMACIÓN [main] org.apache.catalina.startup.HostConfig.deployDirectory Deployment of web application directory [C:\Users\Marlon\apache-tomcat-9.0.89\webapps\host-manager] has finished in [38] ms
26-Jun-2025 14:37:20.028 INFORMACIÓN [main] org.apache.catalina.startup.HostConfig.deployDirectory Desplegando el directorio [C:\Users\Marlon\apache-tomcat-9.0.89\webapps\manager] de la aplicación web
26-Jun-2025 14:37:20.060 INFORMACIÓN [main] org.apache.catalina.startup.HostConfig.deployDirectory Deployment of web application directory [C:\Users\Marlon\apache-tomcat-9.0.89\webapps\manager] has finished in [32] ms
26-Jun-2025 14:37:20.061 INFORMACIÓN [main] org.apache.catalina.startup.HostConfig.deployDirectory Desplegando el directorio [C:\Users\Marlon\apache-tomcat-9.0.89\webapps\ROOT] de la aplicación web
26-Jun-2025 14:37:20.087 INFORMACIÓN [main] org.apache.catalina.startup.HostConfig.deployDirectory Deployment of web application directory [C:\Users\Marlon\apache-tomcat-9.0.89\webapps\ROOT] has finished in [26] ms
26-Jun-2025 14:37:20.090 INFORMACIÓN [main] org.apache.coyote.AbstractProtocol.start Starting ProtocolHandler ["http-nio-8080"]
26-Jun-2025 14:37:20.107 INFORMACIÓN [main] org.apache.catalina.startup.Catalina.start Server startup in [1850] milliseconds
26-Jun-2025 14:37:20.744 INFORMACIÓN [http-nio-8080-exec-6] org.apache.catalina.startup.HostConfig.undeploy Repliegue (undeploy) de la aplicación web que tiene como trayectoria de contexto [/PlantiSHOP]
26-Jun-2025 14:37:20.794 INFORMACIÓN [http-nio-8080-exec-7] org.apache.catalina.startup.HostConfig.deployDescriptor Desplieque del descriptor de configuración [C:\Users\Marlon\apache-tomcat-9.0.89\conf\Catalina\localhost\PlantiSHOP.xml]
26-Jun-2025 14:37:20.795 ADVERTENCIA [http-nio-8080-exec-7] org.apache.catalina.startup.HostConfig.deployDescriptor The path attribute with value [/PlantiSHOP] in deployment descriptor [C:\Users\Marlon\apache-tomcat-9.0.89\conf\Catalina\localhost\PlantiSHOP.xml] has been ignored
26-Jun-2025 14:37:21.488 INFORMACIÓN [http-nio-8080-exec-7] org.apache.jasper.servlet.TldScanner.scanJars Al menos un JAR, que se ha explorado buscando TLDs, aún no contenía TLDs. Activar historial de depuración para este historiador para una completa lista de los JARs que fueron explorados y de los que nos se halló TLDs. Saltarse JARs no necesarios durante la exploración puede dar lugar a una mejora de tiempo significativa en el arranque y compilación de JSP .
26-Jun-2025 14:37:21.492 INFORMACIÓN [http-nio-8080-exec-7] org.apache.catalina.startup.HostConfig.deployDescriptor Deployment of deployment descriptor [C:\Users\Marlon\apache-tomcat-9.0.89\conf\Catalina\localhost\PlantiSHOP.xml] has finished in [698] ms
26-Jun-2025 14:37:21.495 INFORMACIÓN [http-nio-8080-exec-10] org.apache.catalina.util.LifecycleBase.start The start() method was called on component [StandardEngine[Catalina].StandardHost[localhost].StandardContext[/PlantiSHOP]] after start() had already been called. The second call will be ignored.
26-Jun-2025 14:39:30.899 INFORMACIÓN [main] org.apache.catalina.core.StandardServer.await Se ha recibido un comando de apagado a través del puerto de apagado. Parando la instancia del Servidor.
26-Jun-2025 14:39:30.900 INFORMACIÓN [main] org.apache.coyote.AbstractProtocol.pause Pausing ProtocolHandler ["http-nio-8080"]
26-Jun-2025 14:39:31.086 INFORMACIÓN [main] org.apache.catalina.core.StandardService.stopInternal Parando servicio [Catalina]
26-Jun-2025 14:39:31.103 ADVERTENCIA [main] org.apache.catalina.loader.WebappClassLoaderBase.clearReferencesJdbc La aplicación web [PlantiSHOP] registró el conductor JDBC [com.mysql.cj.jdbc.Driver] pero falló al anular el registro mientras la aplicación web estaba parada. Para prevenir un fallo de memoria, se ha anulado el registro del conductor JDBC por la fuerza.
26-Jun-2025 14:39:31.103 ADVERTENCIA [main] org.apache.catalina.loader.WebappClassLoaderBase.clearReferencesThreads The web application [PlantiSHOP] appears to have started a thread named [mysql-cj-abandoned-connection-cleanup] but has failed to stop it. This is very likely to create a memory leak. Stack trace of thread:
 java.lang.Object.wait(Native Method)
 java.lang.ref.ReferenceQueue.remove(ReferenceQueue.java:150)
 com.mysql.cj.jdbc.AbandonedConnectionCleanupThread.run(AbandonedConnectionCleanupThread.java:93)
 java.util.concurrent.ThreadPoolExecutor.runWorker(ThreadPoolExecutor.java:1149)
 java.util.concurrent.ThreadPoolExecutor$Worker.run(ThreadPoolExecutor.java:624)
 java.lang.Thread.run(Thread.java:750)
26-Jun-2025 14:39:31.109 INFORMACIÓN [main] org.apache.coyote.AbstractProtocol.stop Stopping ProtocolHandler ["http-nio-8080"]
26-Jun-2025 14:39:31.113 INFORMACIÓN [main] org.apache.coyote.AbstractProtocol.destroy Destroying ProtocolHandler ["http-nio-8080"]
26-Jun-2025 14:44:38.399 INFORMACIÓN [main] org.apache.catalina.startup.VersionLoggerListener.log Nombre de la versión del servidor: Apache Tomcat/9.0.89
26-Jun-2025 14:44:38.402 INFORMACIÓN [main] org.apache.catalina.startup.VersionLoggerListener.log Server built:                      May 3 2024 20:22:11 UTC
26-Jun-2025 14:44:38.402 INFORMACIÓN [main] org.apache.catalina.startup.VersionLoggerListener.log Número de versión de servidor:     9.0.89.0
26-Jun-2025 14:44:38.402 INFORMACIÓN [main] org.apache.catalina.startup.VersionLoggerListener.log OS Name:                           Windows 11
26-Jun-2025 14:44:38.402 INFORMACIÓN [main] org.apache.catalina.startup.VersionLoggerListener.log Versión de Systema Operativo:      10.0
26-Jun-2025 14:44:38.402 INFORMACIÓN [main] org.apache.catalina.startup.VersionLoggerListener.log Arquitectura:                      amd64
26-Jun-2025 14:44:38.402 INFORMACIÓN [main] org.apache.catalina.startup.VersionLoggerListener.log Java Home:                         C:\Program Files\Java\jdk-1.8\jre
26-Jun-2025 14:44:38.402 INFORMACIÓN [main] org.apache.catalina.startup.VersionLoggerListener.log JVM Version:                       1.8.0_381-b09
26-Jun-2025 14:44:38.402 INFORMACIÓN [main] org.apache.catalina.startup.VersionLoggerListener.log Vededor JVM:                       Oracle Corporation
26-Jun-2025 14:44:38.402 INFORMACIÓN [main] org.apache.catalina.startup.VersionLoggerListener.log CATALINA_BASE:                     C:\Users\Marlon\apache-tomcat-9.0.89
26-Jun-2025 14:44:38.402 INFORMACIÓN [main] org.apache.catalina.startup.VersionLoggerListener.log CATALINA_HOME:                     C:\Users\Marlon\apache-tomcat-9.0.89
26-Jun-2025 14:44:38.404 INFORMACIÓN [main] org.apache.catalina.startup.VersionLoggerListener.log Command line argument:             -Djava.util.logging.config.file=C:\Users\Marlon\apache-tomcat-9.0.89\conf\logging.properties
26-Jun-2025 14:44:38.404 INFORMACIÓN [main] org.apache.catalina.startup.VersionLoggerListener.log Command line argument:             -Djava.util.logging.manager=org.apache.juli.ClassLoaderLogManager
26-Jun-2025 14:44:38.404 INFORMACIÓN [main] org.apache.catalina.startup.VersionLoggerListener.log Command line argument:             -Djdk.tls.ephemeralDHKeySize=2048
26-Jun-2025 14:44:38.404 INFORMACIÓN [main] org.apache.catalina.startup.VersionLoggerListener.log Command line argument:             -Djava.protocol.handler.pkgs=org.apache.catalina.webresources
26-Jun-2025 14:44:38.404 INFORMACIÓN [main] org.apache.catalina.startup.VersionLoggerListener.log Command line argument:             -Dignore.endorsed.dirs=
26-Jun-2025 14:44:38.404 INFORMACIÓN [main] org.apache.catalina.startup.VersionLoggerListener.log Command line argument:             -Dcatalina.base=C:\Users\Marlon\apache-tomcat-9.0.89
26-Jun-2025 14:44:38.404 INFORMACIÓN [main] org.apache.catalina.startup.VersionLoggerListener.log Command line argument:             -Dcatalina.home=C:\Users\Marlon\apache-tomcat-9.0.89
26-Jun-2025 14:44:38.404 INFORMACIÓN [main] org.apache.catalina.startup.VersionLoggerListener.log Command line argument:             -Djava.io.tmpdir=C:\Users\Marlon\apache-tomcat-9.0.89\temp
26-Jun-2025 14:44:38.407 INFORMACIÓN [main] org.apache.catalina.core.AprLifecycleListener.lifecycleEvent Cargada la biblioteca nativa APR de Apache Tomcat [1.3.0] con la versión APR [1.7.4].
26-Jun-2025 14:44:38.407 INFORMACIÓN [main] org.apache.catalina.core.AprLifecycleListener.lifecycleEvent Capacidades APR: IPv6 [true], enviar fichero [true], aceptar filtros [false], aleatorio [true], UDS [true].
26-Jun-2025 14:44:38.407 INFORMACIÓN [main] org.apache.catalina.core.AprLifecycleListener.lifecycleEvent APR/OpenSSL configuration: useAprConnector [false], useOpenSSL [true]
26-Jun-2025 14:44:38.414 INFORMACIÓN [main] org.apache.catalina.core.AprLifecycleListener.initializeSSL OpenSSL inicializado correctamente [OpenSSL 3.0.13 30 Jan 2024]
26-Jun-2025 14:44:38.708 INFORMACIÓN [main] org.apache.coyote.AbstractProtocol.init Inicializando el manejador de protocolo ["http-nio-8080"]

26-Jun-2025 14:44:38.755 INFORMACIÓN [main] org.apache.catalina.startup.Catalina.load Server initialization in [514] milliseconds
26-Jun-2025 14:44:38.786 INFORMACIÓN [main] org.apache.catalina.core.StandardService.startInternal Arrancando servicio [Catalina]
26-Jun-2025 14:44:38.786 INFORMACIÓN [main] org.apache.catalina.core.StandardEngine.startInternal Starting Servlet engine: [Apache Tomcat/9.0.89]
26-Jun-2025 14:44:38.794 INFORMACIÓN [main] org.apache.catalina.startup.HostConfig.deployDescriptor Desplieque del descriptor de configuración [C:\Users\Marlon\apache-tomcat-9.0.89\conf\Catalina\localhost\Beyond.xml]
26-Jun-2025 14:44:38.818 ADVERTENCIA [main] org.apache.catalina.startup.HostConfig.deployDescriptor The path attribute with value [/Beyond] in deployment descriptor [C:\Users\Marlon\apache-tomcat-9.0.89\conf\Catalina\localhost\Beyond.xml] has been ignored
26-Jun-2025 14:44:38.840 GRAVE [main] org.apache.catalina.startup.HostConfig.deployDescriptor Error durante el despliegue del descriptor de configuración [C:\Users\Marlon\apache-tomcat-9.0.89\conf\Catalina\localhost\Beyond.xml]
	java.lang.IllegalStateException: Error starting child
		at org.apache.catalina.core.ContainerBase.addChildInternal(ContainerBase.java:602)
		at org.apache.catalina.core.ContainerBase.addChild(ContainerBase.java:571)
		at org.apache.catalina.core.StandardHost.addChild(StandardHost.java:603)
		at org.apache.catalina.startup.HostConfig.deployDescriptor(HostConfig.java:680)
		at org.apache.catalina.startup.HostConfig$DeployDescriptor.run(HostConfig.java:1844)
		at java.util.concurrent.Executors$RunnableAdapter.call(Executors.java:511)
		at java.util.concurrent.FutureTask.run(FutureTask.java:266)
		at org.apache.tomcat.util.threads.InlineExecutorService.execute(InlineExecutorService.java:75)
		at java.util.concurrent.AbstractExecutorService.submit(AbstractExecutorService.java:112)
		at org.apache.catalina.startup.HostConfig.deployDescriptors(HostConfig.java:575)
		at org.apache.catalina.startup.HostConfig.deployApps(HostConfig.java:466)
		at org.apache.catalina.startup.HostConfig.start(HostConfig.java:1584)
		at org.apache.catalina.startup.HostConfig.lifecycleEvent(HostConfig.java:312)
		at org.apache.catalina.util.LifecycleBase.fireLifecycleEvent(LifecycleBase.java:114)
		at org.apache.catalina.util.LifecycleBase.setStateInternal(LifecycleBase.java:402)
		at org.apache.catalina.util.LifecycleBase.setState(LifecycleBase.java:345)
		at org.apache.catalina.core.ContainerBase.startInternal(ContainerBase.java:776)
		at org.apache.catalina.core.StandardHost.startInternal(StandardHost.java:721)
		at org.apache.catalina.util.LifecycleBase.start(LifecycleBase.java:171)
		at org.apache.catalina.core.ContainerBase$StartChild.call(ContainerBase.java:1203)
		at org.apache.catalina.core.ContainerBase$StartChild.call(ContainerBase.java:1193)
		at java.util.concurrent.FutureTask.run(FutureTask.java:266)
		at org.apache.tomcat.util.threads.InlineExecutorService.execute(InlineExecutorService.java:75)
		at java.util.concurrent.AbstractExecutorService.submit(AbstractExecutorService.java:134)
		at org.apache.catalina.core.ContainerBase.startInternal(ContainerBase.java:749)
		at org.apache.catalina.core.StandardEngine.startInternal(StandardEngine.java:211)
		at org.apache.catalina.util.LifecycleBase.start(LifecycleBase.java:171)
		at org.apache.catalina.core.StandardService.startInternal(StandardService.java:415)
		at org.apache.catalina.util.LifecycleBase.start(LifecycleBase.java:171)
		at org.apache.catalina.core.StandardServer.startInternal(StandardServer.java:878)
		at org.apache.catalina.util.LifecycleBase.start(LifecycleBase.java:171)
		at org.apache.catalina.startup.Catalina.start(Catalina.java:735)
		at sun.reflect.NativeMethodAccessorImpl.invoke0(Native Method)
		at sun.reflect.NativeMethodAccessorImpl.invoke(NativeMethodAccessorImpl.java:62)
		at sun.reflect.DelegatingMethodAccessorImpl.invoke(DelegatingMethodAccessorImpl.java:43)
		at java.lang.reflect.Method.invoke(Method.java:498)
		at org.apache.catalina.startup.Bootstrap.start(Bootstrap.java:345)
		at org.apache.catalina.startup.Bootstrap.main(Bootstrap.java:473)
	Caused by: org.apache.catalina.LifecycleException: Failed to start component [org.apache.catalina.webresources.StandardRoot@69379752]
		at org.apache.catalina.util.LifecycleBase.handleSubClassException(LifecycleBase.java:419)
		at org.apache.catalina.util.LifecycleBase.start(LifecycleBase.java:186)
		at org.apache.catalina.core.StandardContext.resourcesStart(StandardContext.java:4120)
		at org.apache.catalina.core.StandardContext.startInternal(StandardContext.java:4242)
		at org.apache.catalina.util.LifecycleBase.start(LifecycleBase.java:171)
		at org.apache.catalina.core.ContainerBase.addChildInternal(ContainerBase.java:599)
		... 37 more
	Caused by: java.lang.IllegalArgumentException: The main resource set specified [F:\LDS - Final\Beyond\build\web] is not a directory or war file, or is not readable (it does not exist or permissions to access it are missing)
		at org.apache.catalina.webresources.StandardRoot.createMainResourceSet(StandardRoot.java:749)
		at org.apache.catalina.webresources.StandardRoot.startInternal(StandardRoot.java:707)
		at org.apache.catalina.util.LifecycleBase.start(LifecycleBase.java:171)
		... 41 more
26-Jun-2025 14:44:38.859 INFORMACIÓN [main] org.apache.catalina.startup.HostConfig.deployDescriptor Deployment of deployment descriptor [C:\Users\Marlon\apache-tomcat-9.0.89\conf\Catalina\localhost\Beyond.xml] has finished in [63] ms
26-Jun-2025 14:44:38.859 INFORMACIÓN [main] org.apache.catalina.startup.HostConfig.deployDescriptor Desplieque del descriptor de configuración [C:\Users\Marlon\apache-tomcat-9.0.89\conf\Catalina\localhost\PlantiSHOP.xml]
26-Jun-2025 14:44:38.861 ADVERTENCIA [main] org.apache.catalina.startup.HostConfig.deployDescriptor The path attribute with value [/PlantiSHOP] in deployment descriptor [C:\Users\Marlon\apache-tomcat-9.0.89\conf\Catalina\localhost\PlantiSHOP.xml] has been ignored
26-Jun-2025 14:44:39.761 INFORMACIÓN [main] org.apache.jasper.servlet.TldScanner.scanJars Al menos un JAR, que se ha explorado buscando TLDs, aún no contenía TLDs. Activar historial de depuración para este historiador para una completa lista de los JARs que fueron explorados y de los que nos se halló TLDs. Saltarse JARs no necesarios durante la exploración puede dar lugar a una mejora de tiempo significativa en el arranque y compilación de JSP .
26-Jun-2025 14:44:39.961 ADVERTENCIA [main] org.apache.catalina.util.SessionIdGeneratorBase.createSecureRandom Creation of SecureRandom instance for session ID generation using [SHA1PRNG] took [171] milliseconds.
26-Jun-2025 14:44:39.987 INFORMACIÓN [main] org.apache.catalina.startup.HostConfig.deployDescriptor Deployment of deployment descriptor [C:\Users\Marlon\apache-tomcat-9.0.89\conf\Catalina\localhost\PlantiSHOP.xml] has finished in [1.128] ms
26-Jun-2025 14:44:39.988 INFORMACIÓN [main] org.apache.catalina.startup.HostConfig.deployDescriptor Desplieque del descriptor de configuración [C:\Users\Marlon\apache-tomcat-9.0.89\conf\Catalina\localhost\WebApplication1.xml]
26-Jun-2025 14:44:39.989 ADVERTENCIA [main] org.apache.catalina.startup.HostConfig.deployDescriptor The path attribute with value [/WebApplication1] in deployment descriptor [C:\Users\Marlon\apache-tomcat-9.0.89\conf\Catalina\localhost\WebApplication1.xml] has been ignored
26-Jun-2025 14:44:39.993 GRAVE [main] org.apache.catalina.startup.HostConfig.deployDescriptor Error durante el despliegue del descriptor de configuración [C:\Users\Marlon\apache-tomcat-9.0.89\conf\Catalina\localhost\WebApplication1.xml]
	java.lang.IllegalStateException: Error starting child
		at org.apache.catalina.core.ContainerBase.addChildInternal(ContainerBase.java:602)
		at org.apache.catalina.core.ContainerBase.addChild(ContainerBase.java:571)
		at org.apache.catalina.core.StandardHost.addChild(StandardHost.java:603)
		at org.apache.catalina.startup.HostConfig.deployDescriptor(HostConfig.java:680)
		at org.apache.catalina.startup.HostConfig$DeployDescriptor.run(HostConfig.java:1844)
		at java.util.concurrent.Executors$RunnableAdapter.call(Executors.java:511)
		at java.util.concurrent.FutureTask.run(FutureTask.java:266)
		at org.apache.tomcat.util.threads.InlineExecutorService.execute(InlineExecutorService.java:75)
		at java.util.concurrent.AbstractExecutorService.submit(AbstractExecutorService.java:112)
		at org.apache.catalina.startup.HostConfig.deployDescriptors(HostConfig.java:575)
		at org.apache.catalina.startup.HostConfig.deployApps(HostConfig.java:466)
		at org.apache.catalina.startup.HostConfig.start(HostConfig.java:1584)
		at org.apache.catalina.startup.HostConfig.lifecycleEvent(HostConfig.java:312)
		at org.apache.catalina.util.LifecycleBase.fireLifecycleEvent(LifecycleBase.java:114)
		at org.apache.catalina.util.LifecycleBase.setStateInternal(LifecycleBase.java:402)
		at org.apache.catalina.util.LifecycleBase.setState(LifecycleBase.java:345)
		at org.apache.catalina.core.ContainerBase.startInternal(ContainerBase.java:776)
		at org.apache.catalina.core.StandardHost.startInternal(StandardHost.java:721)
		at org.apache.catalina.util.LifecycleBase.start(LifecycleBase.java:171)
		at org.apache.catalina.core.ContainerBase$StartChild.call(ContainerBase.java:1203)
		at org.apache.catalina.core.ContainerBase$StartChild.call(ContainerBase.java:1193)
		at java.util.concurrent.FutureTask.run(FutureTask.java:266)
		at org.apache.tomcat.util.threads.InlineExecutorService.execute(InlineExecutorService.java:75)
		at java.util.concurrent.AbstractExecutorService.submit(AbstractExecutorService.java:134)
		at org.apache.catalina.core.ContainerBase.startInternal(ContainerBase.java:749)
		at org.apache.catalina.core.StandardEngine.startInternal(StandardEngine.java:211)
		at org.apache.catalina.util.LifecycleBase.start(LifecycleBase.java:171)
		at org.apache.catalina.core.StandardService.startInternal(StandardService.java:415)
		at org.apache.catalina.util.LifecycleBase.start(LifecycleBase.java:171)
		at org.apache.catalina.core.StandardServer.startInternal(StandardServer.java:878)
		at org.apache.catalina.util.LifecycleBase.start(LifecycleBase.java:171)
		at org.apache.catalina.startup.Catalina.start(Catalina.java:735)
		at sun.reflect.NativeMethodAccessorImpl.invoke0(Native Method)
		at sun.reflect.NativeMethodAccessorImpl.invoke(NativeMethodAccessorImpl.java:62)
		at sun.reflect.DelegatingMethodAccessorImpl.invoke(DelegatingMethodAccessorImpl.java:43)
		at java.lang.reflect.Method.invoke(Method.java:498)
		at org.apache.catalina.startup.Bootstrap.start(Bootstrap.java:345)
		at org.apache.catalina.startup.Bootstrap.main(Bootstrap.java:473)
	Caused by: org.apache.catalina.LifecycleException: Failed to start component [org.apache.catalina.webresources.StandardRoot@2fe88a09]
		at org.apache.catalina.util.LifecycleBase.handleSubClassException(LifecycleBase.java:419)
		at org.apache.catalina.util.LifecycleBase.start(LifecycleBase.java:186)
		at org.apache.catalina.core.StandardContext.resourcesStart(StandardContext.java:4120)
		at org.apache.catalina.core.StandardContext.startInternal(StandardContext.java:4242)
		at org.apache.catalina.util.LifecycleBase.start(LifecycleBase.java:171)
		at org.apache.catalina.core.ContainerBase.addChildInternal(ContainerBase.java:599)
		... 37 more
	Caused by: java.lang.IllegalArgumentException: The main resource set specified [C:\Users\Marlon\Documents\NetBeansProjects\WebApplication1\build\web] is not a directory or war file, or is not readable (it does not exist or permissions to access it are missing)
		at org.apache.catalina.webresources.StandardRoot.createMainResourceSet(StandardRoot.java:749)
		at org.apache.catalina.webresources.StandardRoot.startInternal(StandardRoot.java:707)
		at org.apache.catalina.util.LifecycleBase.start(LifecycleBase.java:171)
		... 41 more
26-Jun-2025 14:44:40.017 INFORMACIÓN [main] org.apache.catalina.startup.HostConfig.deployDescriptor Deployment of deployment descriptor [C:\Users\Marlon\apache-tomcat-9.0.89\conf\Catalina\localhost\WebApplication1.xml] has finished in [29] ms
26-Jun-2025 14:44:40.018 INFORMACIÓN [main] org.apache.catalina.startup.HostConfig.deployDirectory Desplegando el directorio [C:\Users\Marlon\apache-tomcat-9.0.89\webapps\docs] de la aplicación web
26-Jun-2025 14:44:40.052 INFORMACIÓN [main] org.apache.catalina.startup.HostConfig.deployDirectory Deployment of web application directory [C:\Users\Marlon\apache-tomcat-9.0.89\webapps\docs] has finished in [33] ms
26-Jun-2025 14:44:40.052 INFORMACIÓN [main] org.apache.catalina.startup.HostConfig.deployDirectory Desplegando el directorio [C:\Users\Marlon\apache-tomcat-9.0.89\webapps\examples] de la aplicación web
26-Jun-2025 14:44:40.445 INFORMACIÓN [main] org.apache.catalina.startup.HostConfig.deployDirectory Deployment of web application directory [C:\Users\Marlon\apache-tomcat-9.0.89\webapps\examples] has finished in [393] ms
26-Jun-2025 14:44:40.445 INFORMACIÓN [main] org.apache.catalina.startup.HostConfig.deployDirectory Desplegando el directorio [C:\Users\Marlon\apache-tomcat-9.0.89\webapps\host-manager] de la aplicación web
26-Jun-2025 14:44:40.490 INFORMACIÓN [main] org.apache.catalina.startup.HostConfig.deployDirectory Deployment of web application directory [C:\Users\Marlon\apache-tomcat-9.0.89\webapps\host-manager] has finished in [44] ms
26-Jun-2025 14:44:40.490 INFORMACIÓN [main] org.apache.catalina.startup.HostConfig.deployDirectory Desplegando el directorio [C:\Users\Marlon\apache-tomcat-9.0.89\webapps\manager] de la aplicación web
26-Jun-2025 14:44:40.527 INFORMACIÓN [main] org.apache.catalina.startup.HostConfig.deployDirectory Deployment of web application directory [C:\Users\Marlon\apache-tomcat-9.0.89\webapps\manager] has finished in [37] ms
26-Jun-2025 14:44:40.527 INFORMACIÓN [main] org.apache.catalina.startup.HostConfig.deployDirectory Desplegando el directorio [C:\Users\Marlon\apache-tomcat-9.0.89\webapps\ROOT] de la aplicación web
26-Jun-2025 14:44:40.554 INFORMACIÓN [main] org.apache.catalina.startup.HostConfig.deployDirectory Deployment of web application directory [C:\Users\Marlon\apache-tomcat-9.0.89\webapps\ROOT] has finished in [27] ms
26-Jun-2025 14:44:40.558 INFORMACIÓN [main] org.apache.coyote.AbstractProtocol.start Starting ProtocolHandler ["http-nio-8080"]
26-Jun-2025 14:44:40.569 INFORMACIÓN [main] org.apache.catalina.startup.Catalina.start Server startup in [1814] milliseconds
26-Jun-2025 14:44:41.186 INFORMACIÓN [http-nio-8080-exec-6] org.apache.catalina.startup.HostConfig.undeploy Repliegue (undeploy) de la aplicación web que tiene como trayectoria de contexto [/PlantiSHOP]
26-Jun-2025 14:44:41.256 INFORMACIÓN [http-nio-8080-exec-4] org.apache.catalina.startup.HostConfig.deployDescriptor Desplieque del descriptor de configuración [C:\Users\Marlon\apache-tomcat-9.0.89\conf\Catalina\localhost\PlantiSHOP.xml]
26-Jun-2025 14:44:41.257 ADVERTENCIA [http-nio-8080-exec-4] org.apache.catalina.startup.HostConfig.deployDescriptor The path attribute with value [/PlantiSHOP] in deployment descriptor [C:\Users\Marlon\apache-tomcat-9.0.89\conf\Catalina\localhost\PlantiSHOP.xml] has been ignored
26-Jun-2025 14:44:41.929 INFORMACIÓN [http-nio-8080-exec-4] org.apache.jasper.servlet.TldScanner.scanJars Al menos un JAR, que se ha explorado buscando TLDs, aún no contenía TLDs. Activar historial de depuración para este historiador para una completa lista de los JARs que fueron explorados y de los que nos se halló TLDs. Saltarse JARs no necesarios durante la exploración puede dar lugar a una mejora de tiempo significativa en el arranque y compilación de JSP .
26-Jun-2025 14:44:41.933 INFORMACIÓN [http-nio-8080-exec-4] org.apache.catalina.startup.HostConfig.deployDescriptor Deployment of deployment descriptor [C:\Users\Marlon\apache-tomcat-9.0.89\conf\Catalina\localhost\PlantiSHOP.xml] has finished in [676] ms
26-Jun-2025 14:44:41.936 INFORMACIÓN [http-nio-8080-exec-7] org.apache.catalina.util.LifecycleBase.start The start() method was called on component [StandardEngine[Catalina].StandardHost[localhost].StandardContext[/PlantiSHOP]] after start() had already been called. The second call will be ignored.
26-Jun-2025 14:55:30.569 INFORMACIÓN [main] org.apache.catalina.core.StandardServer.await Se ha recibido un comando de apagado a través del puerto de apagado. Parando la instancia del Servidor.
26-Jun-2025 14:55:30.569 INFORMACIÓN [main] org.apache.coyote.AbstractProtocol.pause Pausing ProtocolHandler ["http-nio-8080"]
26-Jun-2025 14:55:30.752 INFORMACIÓN [main] org.apache.catalina.core.StandardService.stopInternal Parando servicio [Catalina]
26-Jun-2025 14:55:30.765 ADVERTENCIA [main] org.apache.catalina.loader.WebappClassLoaderBase.clearReferencesJdbc La aplicación web [PlantiSHOP] registró el conductor JDBC [com.mysql.cj.jdbc.Driver] pero falló al anular el registro mientras la aplicación web estaba parada. Para prevenir un fallo de memoria, se ha anulado el registro del conductor JDBC por la fuerza.
26-Jun-2025 14:55:30.766 ADVERTENCIA [main] org.apache.catalina.loader.WebappClassLoaderBase.clearReferencesThreads The web application [PlantiSHOP] appears to have started a thread named [mysql-cj-abandoned-connection-cleanup] but has failed to stop it. This is very likely to create a memory leak. Stack trace of thread:
 java.lang.Object.wait(Native Method)
 java.lang.ref.ReferenceQueue.remove(ReferenceQueue.java:150)
 com.mysql.cj.jdbc.AbandonedConnectionCleanupThread.run(AbandonedConnectionCleanupThread.java:93)
 java.util.concurrent.ThreadPoolExecutor.runWorker(ThreadPoolExecutor.java:1149)
 java.util.concurrent.ThreadPoolExecutor$Worker.run(ThreadPoolExecutor.java:624)
 java.lang.Thread.run(Thread.java:750)
26-Jun-2025 14:55:30.769 INFORMACIÓN [main] org.apache.coyote.AbstractProtocol.stop Stopping ProtocolHandler ["http-nio-8080"]
26-Jun-2025 14:55:30.780 INFORMACIÓN [main] org.apache.coyote.AbstractProtocol.destroy Destroying ProtocolHandler ["http-nio-8080"]
26-Jun-2025 20:22:28.605 INFORMACIÓN [main] org.apache.catalina.startup.VersionLoggerListener.log Nombre de la versión del servidor: Apache Tomcat/9.0.89
26-Jun-2025 20:22:28.608 INFORMACIÓN [main] org.apache.catalina.startup.VersionLoggerListener.log Server built:                      May 3 2024 20:22:11 UTC
26-Jun-2025 20:22:28.608 INFORMACIÓN [main] org.apache.catalina.startup.VersionLoggerListener.log Número de versión de servidor:     9.0.89.0
26-Jun-2025 20:22:28.608 INFORMACIÓN [main] org.apache.catalina.startup.VersionLoggerListener.log OS Name:                           Windows 11
26-Jun-2025 20:22:28.608 INFORMACIÓN [main] org.apache.catalina.startup.VersionLoggerListener.log Versión de Systema Operativo:      10.0
26-Jun-2025 20:22:28.608 INFORMACIÓN [main] org.apache.catalina.startup.VersionLoggerListener.log Arquitectura:                      amd64
26-Jun-2025 20:22:28.608 INFORMACIÓN [main] org.apache.catalina.startup.VersionLoggerListener.log Java Home:                         C:\Program Files\Java\jdk-1.8\jre
26-Jun-2025 20:22:28.608 INFORMACIÓN [main] org.apache.catalina.startup.VersionLoggerListener.log JVM Version:                       1.8.0_381-b09
26-Jun-2025 20:22:28.608 INFORMACIÓN [main] org.apache.catalina.startup.VersionLoggerListener.log Vededor JVM:                       Oracle Corporation
26-Jun-2025 20:22:28.610 INFORMACIÓN [main] org.apache.catalina.startup.VersionLoggerListener.log CATALINA_BASE:                     C:\Users\Marlon\apache-tomcat-9.0.89
26-Jun-2025 20:22:28.610 INFORMACIÓN [main] org.apache.catalina.startup.VersionLoggerListener.log CATALINA_HOME:                     C:\Users\Marlon\apache-tomcat-9.0.89
26-Jun-2025 20:22:28.612 INFORMACIÓN [main] org.apache.catalina.startup.VersionLoggerListener.log Command line argument:             -Djava.util.logging.config.file=C:\Users\Marlon\apache-tomcat-9.0.89\conf\logging.properties
26-Jun-2025 20:22:28.612 INFORMACIÓN [main] org.apache.catalina.startup.VersionLoggerListener.log Command line argument:             -Djava.util.logging.manager=org.apache.juli.ClassLoaderLogManager
26-Jun-2025 20:22:28.612 INFORMACIÓN [main] org.apache.catalina.startup.VersionLoggerListener.log Command line argument:             -Djdk.tls.ephemeralDHKeySize=2048
26-Jun-2025 20:22:28.613 INFORMACIÓN [main] org.apache.catalina.startup.VersionLoggerListener.log Command line argument:             -Djava.protocol.handler.pkgs=org.apache.catalina.webresources
26-Jun-2025 20:22:28.613 INFORMACIÓN [main] org.apache.catalina.startup.VersionLoggerListener.log Command line argument:             -Dignore.endorsed.dirs=
26-Jun-2025 20:22:28.613 INFORMACIÓN [main] org.apache.catalina.startup.VersionLoggerListener.log Command line argument:             -Dcatalina.base=C:\Users\Marlon\apache-tomcat-9.0.89
26-Jun-2025 20:22:28.613 INFORMACIÓN [main] org.apache.catalina.startup.VersionLoggerListener.log Command line argument:             -Dcatalina.home=C:\Users\Marlon\apache-tomcat-9.0.89
26-Jun-2025 20:22:28.613 INFORMACIÓN [main] org.apache.catalina.startup.VersionLoggerListener.log Command line argument:             -Djava.io.tmpdir=C:\Users\Marlon\apache-tomcat-9.0.89\temp
26-Jun-2025 20:22:28.630 INFORMACIÓN [main] org.apache.catalina.core.AprLifecycleListener.lifecycleEvent Cargada la biblioteca nativa APR de Apache Tomcat [1.3.0] con la versión APR [1.7.4].
26-Jun-2025 20:22:28.630 INFORMACIÓN [main] org.apache.catalina.core.AprLifecycleListener.lifecycleEvent Capacidades APR: IPv6 [true], enviar fichero [true], aceptar filtros [false], aleatorio [true], UDS [true].
26-Jun-2025 20:22:28.630 INFORMACIÓN [main] org.apache.catalina.core.AprLifecycleListener.lifecycleEvent APR/OpenSSL configuration: useAprConnector [false], useOpenSSL [true]
26-Jun-2025 20:22:28.670 INFORMACIÓN [main] org.apache.catalina.core.AprLifecycleListener.initializeSSL OpenSSL inicializado correctamente [OpenSSL 3.0.13 30 Jan 2024]
26-Jun-2025 20:22:29.142 INFORMACIÓN [main] org.apache.coyote.AbstractProtocol.init Inicializando el manejador de protocolo ["http-nio-8080"]

26-Jun-2025 20:22:29.170 INFORMACIÓN [main] org.apache.catalina.startup.Catalina.load Server initialization in [798] milliseconds
26-Jun-2025 20:22:29.213 INFORMACIÓN [main] org.apache.catalina.core.StandardService.startInternal Arrancando servicio [Catalina]
26-Jun-2025 20:22:29.213 INFORMACIÓN [main] org.apache.catalina.core.StandardEngine.startInternal Starting Servlet engine: [Apache Tomcat/9.0.89]
26-Jun-2025 20:22:29.222 INFORMACIÓN [main] org.apache.catalina.startup.HostConfig.deployDescriptor Desplieque del descriptor de configuración [C:\Users\Marlon\apache-tomcat-9.0.89\conf\Catalina\localhost\Beyond.xml]
26-Jun-2025 20:22:29.246 ADVERTENCIA [main] org.apache.catalina.startup.HostConfig.deployDescriptor The path attribute with value [/Beyond] in deployment descriptor [C:\Users\Marlon\apache-tomcat-9.0.89\conf\Catalina\localhost\Beyond.xml] has been ignored
26-Jun-2025 20:22:29.273 GRAVE [main] org.apache.catalina.startup.HostConfig.deployDescriptor Error durante el despliegue del descriptor de configuración [C:\Users\Marlon\apache-tomcat-9.0.89\conf\Catalina\localhost\Beyond.xml]
	java.lang.IllegalStateException: Error starting child
		at org.apache.catalina.core.ContainerBase.addChildInternal(ContainerBase.java:602)
		at org.apache.catalina.core.ContainerBase.addChild(ContainerBase.java:571)
		at org.apache.catalina.core.StandardHost.addChild(StandardHost.java:603)
		at org.apache.catalina.startup.HostConfig.deployDescriptor(HostConfig.java:680)
		at org.apache.catalina.startup.HostConfig$DeployDescriptor.run(HostConfig.java:1844)
		at java.util.concurrent.Executors$RunnableAdapter.call(Executors.java:511)
		at java.util.concurrent.FutureTask.run(FutureTask.java:266)
		at org.apache.tomcat.util.threads.InlineExecutorService.execute(InlineExecutorService.java:75)
		at java.util.concurrent.AbstractExecutorService.submit(AbstractExecutorService.java:112)
		at org.apache.catalina.startup.HostConfig.deployDescriptors(HostConfig.java:575)
		at org.apache.catalina.startup.HostConfig.deployApps(HostConfig.java:466)
		at org.apache.catalina.startup.HostConfig.start(HostConfig.java:1584)
		at org.apache.catalina.startup.HostConfig.lifecycleEvent(HostConfig.java:312)
		at org.apache.catalina.util.LifecycleBase.fireLifecycleEvent(LifecycleBase.java:114)
		at org.apache.catalina.util.LifecycleBase.setStateInternal(LifecycleBase.java:402)
		at org.apache.catalina.util.LifecycleBase.setState(LifecycleBase.java:345)
		at org.apache.catalina.core.ContainerBase.startInternal(ContainerBase.java:776)
		at org.apache.catalina.core.StandardHost.startInternal(StandardHost.java:721)
		at org.apache.catalina.util.LifecycleBase.start(LifecycleBase.java:171)
		at org.apache.catalina.core.ContainerBase$StartChild.call(ContainerBase.java:1203)
		at org.apache.catalina.core.ContainerBase$StartChild.call(ContainerBase.java:1193)
		at java.util.concurrent.FutureTask.run(FutureTask.java:266)
		at org.apache.tomcat.util.threads.InlineExecutorService.execute(InlineExecutorService.java:75)
		at java.util.concurrent.AbstractExecutorService.submit(AbstractExecutorService.java:134)
		at org.apache.catalina.core.ContainerBase.startInternal(ContainerBase.java:749)
		at org.apache.catalina.core.StandardEngine.startInternal(StandardEngine.java:211)
		at org.apache.catalina.util.LifecycleBase.start(LifecycleBase.java:171)
		at org.apache.catalina.core.StandardService.startInternal(StandardService.java:415)
		at org.apache.catalina.util.LifecycleBase.start(LifecycleBase.java:171)
		at org.apache.catalina.core.StandardServer.startInternal(StandardServer.java:878)
		at org.apache.catalina.util.LifecycleBase.start(LifecycleBase.java:171)
		at org.apache.catalina.startup.Catalina.start(Catalina.java:735)
		at sun.reflect.NativeMethodAccessorImpl.invoke0(Native Method)
		at sun.reflect.NativeMethodAccessorImpl.invoke(NativeMethodAccessorImpl.java:62)
		at sun.reflect.DelegatingMethodAccessorImpl.invoke(DelegatingMethodAccessorImpl.java:43)
		at java.lang.reflect.Method.invoke(Method.java:498)
		at org.apache.catalina.startup.Bootstrap.start(Bootstrap.java:345)
		at org.apache.catalina.startup.Bootstrap.main(Bootstrap.java:473)
	Caused by: org.apache.catalina.LifecycleException: Failed to start component [org.apache.catalina.webresources.StandardRoot@69379752]
		at org.apache.catalina.util.LifecycleBase.handleSubClassException(LifecycleBase.java:419)
		at org.apache.catalina.util.LifecycleBase.start(LifecycleBase.java:186)
		at org.apache.catalina.core.StandardContext.resourcesStart(StandardContext.java:4120)
		at org.apache.catalina.core.StandardContext.startInternal(StandardContext.java:4242)
		at org.apache.catalina.util.LifecycleBase.start(LifecycleBase.java:171)
		at org.apache.catalina.core.ContainerBase.addChildInternal(ContainerBase.java:599)
		... 37 more
	Caused by: java.lang.IllegalArgumentException: The main resource set specified [F:\LDS - Final\Beyond\build\web] is not a directory or war file, or is not readable (it does not exist or permissions to access it are missing)
		at org.apache.catalina.webresources.StandardRoot.createMainResourceSet(StandardRoot.java:749)
		at org.apache.catalina.webresources.StandardRoot.startInternal(StandardRoot.java:707)
		at org.apache.catalina.util.LifecycleBase.start(LifecycleBase.java:171)
		... 41 more
26-Jun-2025 20:22:29.336 INFORMACIÓN [main] org.apache.catalina.startup.HostConfig.deployDescriptor Deployment of deployment descriptor [C:\Users\Marlon\apache-tomcat-9.0.89\conf\Catalina\localhost\Beyond.xml] has finished in [111] ms
26-Jun-2025 20:22:29.336 INFORMACIÓN [main] org.apache.catalina.startup.HostConfig.deployDescriptor Desplieque del descriptor de configuración [C:\Users\Marlon\apache-tomcat-9.0.89\conf\Catalina\localhost\PlantiSHOP.xml]
26-Jun-2025 20:22:29.337 ADVERTENCIA [main] org.apache.catalina.startup.HostConfig.deployDescriptor The path attribute with value [/PlantiSHOP] in deployment descriptor [C:\Users\Marlon\apache-tomcat-9.0.89\conf\Catalina\localhost\PlantiSHOP.xml] has been ignored
26-Jun-2025 20:22:30.244 INFORMACIÓN [main] org.apache.jasper.servlet.TldScanner.scanJars Al menos un JAR, que se ha explorado buscando TLDs, aún no contenía TLDs. Activar historial de depuración para este historiador para una completa lista de los JARs que fueron explorados y de los que nos se halló TLDs. Saltarse JARs no necesarios durante la exploración puede dar lugar a una mejora de tiempo significativa en el arranque y compilación de JSP .
26-Jun-2025 20:22:30.451 ADVERTENCIA [main] org.apache.catalina.util.SessionIdGeneratorBase.createSecureRandom Creation of SecureRandom instance for session ID generation using [SHA1PRNG] took [177] milliseconds.
26-Jun-2025 20:22:30.485 INFORMACIÓN [main] org.apache.catalina.startup.HostConfig.deployDescriptor Deployment of deployment descriptor [C:\Users\Marlon\apache-tomcat-9.0.89\conf\Catalina\localhost\PlantiSHOP.xml] has finished in [1.148] ms
26-Jun-2025 20:22:30.485 INFORMACIÓN [main] org.apache.catalina.startup.HostConfig.deployDescriptor Desplieque del descriptor de configuración [C:\Users\Marlon\apache-tomcat-9.0.89\conf\Catalina\localhost\WebApplication1.xml]
26-Jun-2025 20:22:30.485 ADVERTENCIA [main] org.apache.catalina.startup.HostConfig.deployDescriptor The path attribute with value [/WebApplication1] in deployment descriptor [C:\Users\Marlon\apache-tomcat-9.0.89\conf\Catalina\localhost\WebApplication1.xml] has been ignored
26-Jun-2025 20:22:30.493 GRAVE [main] org.apache.catalina.startup.HostConfig.deployDescriptor Error durante el despliegue del descriptor de configuración [C:\Users\Marlon\apache-tomcat-9.0.89\conf\Catalina\localhost\WebApplication1.xml]
	java.lang.IllegalStateException: Error starting child
		at org.apache.catalina.core.ContainerBase.addChildInternal(ContainerBase.java:602)
		at org.apache.catalina.core.ContainerBase.addChild(ContainerBase.java:571)
		at org.apache.catalina.core.StandardHost.addChild(StandardHost.java:603)
		at org.apache.catalina.startup.HostConfig.deployDescriptor(HostConfig.java:680)
		at org.apache.catalina.startup.HostConfig$DeployDescriptor.run(HostConfig.java:1844)
		at java.util.concurrent.Executors$RunnableAdapter.call(Executors.java:511)
		at java.util.concurrent.FutureTask.run(FutureTask.java:266)
		at org.apache.tomcat.util.threads.InlineExecutorService.execute(InlineExecutorService.java:75)
		at java.util.concurrent.AbstractExecutorService.submit(AbstractExecutorService.java:112)
		at org.apache.catalina.startup.HostConfig.deployDescriptors(HostConfig.java:575)
		at org.apache.catalina.startup.HostConfig.deployApps(HostConfig.java:466)
		at org.apache.catalina.startup.HostConfig.start(HostConfig.java:1584)
		at org.apache.catalina.startup.HostConfig.lifecycleEvent(HostConfig.java:312)
		at org.apache.catalina.util.LifecycleBase.fireLifecycleEvent(LifecycleBase.java:114)
		at org.apache.catalina.util.LifecycleBase.setStateInternal(LifecycleBase.java:402)
		at org.apache.catalina.util.LifecycleBase.setState(LifecycleBase.java:345)
		at org.apache.catalina.core.ContainerBase.startInternal(ContainerBase.java:776)
		at org.apache.catalina.core.StandardHost.startInternal(StandardHost.java:721)
		at org.apache.catalina.util.LifecycleBase.start(LifecycleBase.java:171)
		at org.apache.catalina.core.ContainerBase$StartChild.call(ContainerBase.java:1203)
		at org.apache.catalina.core.ContainerBase$StartChild.call(ContainerBase.java:1193)
		at java.util.concurrent.FutureTask.run(FutureTask.java:266)
		at org.apache.tomcat.util.threads.InlineExecutorService.execute(InlineExecutorService.java:75)
		at java.util.concurrent.AbstractExecutorService.submit(AbstractExecutorService.java:134)
		at org.apache.catalina.core.ContainerBase.startInternal(ContainerBase.java:749)
		at org.apache.catalina.core.StandardEngine.startInternal(StandardEngine.java:211)
		at org.apache.catalina.util.LifecycleBase.start(LifecycleBase.java:171)
		at org.apache.catalina.core.StandardService.startInternal(StandardService.java:415)
		at org.apache.catalina.util.LifecycleBase.start(LifecycleBase.java:171)
		at org.apache.catalina.core.StandardServer.startInternal(StandardServer.java:878)
		at org.apache.catalina.util.LifecycleBase.start(LifecycleBase.java:171)
		at org.apache.catalina.startup.Catalina.start(Catalina.java:735)
		at sun.reflect.NativeMethodAccessorImpl.invoke0(Native Method)
		at sun.reflect.NativeMethodAccessorImpl.invoke(NativeMethodAccessorImpl.java:62)
		at sun.reflect.DelegatingMethodAccessorImpl.invoke(DelegatingMethodAccessorImpl.java:43)
		at java.lang.reflect.Method.invoke(Method.java:498)
		at org.apache.catalina.startup.Bootstrap.start(Bootstrap.java:345)
		at org.apache.catalina.startup.Bootstrap.main(Bootstrap.java:473)
	Caused by: org.apache.catalina.LifecycleException: Failed to start component [org.apache.catalina.webresources.StandardRoot@4f20a5e0]
		at org.apache.catalina.util.LifecycleBase.handleSubClassException(LifecycleBase.java:419)
		at org.apache.catalina.util.LifecycleBase.start(LifecycleBase.java:186)
		at org.apache.catalina.core.StandardContext.resourcesStart(StandardContext.java:4120)
		at org.apache.catalina.core.StandardContext.startInternal(StandardContext.java:4242)
		at org.apache.catalina.util.LifecycleBase.start(LifecycleBase.java:171)
		at org.apache.catalina.core.ContainerBase.addChildInternal(ContainerBase.java:599)
		... 37 more
	Caused by: java.lang.IllegalArgumentException: The main resource set specified [C:\Users\Marlon\Documents\NetBeansProjects\WebApplication1\build\web] is not a directory or war file, or is not readable (it does not exist or permissions to access it are missing)
		at org.apache.catalina.webresources.StandardRoot.createMainResourceSet(StandardRoot.java:749)
		at org.apache.catalina.webresources.StandardRoot.startInternal(StandardRoot.java:707)
		at org.apache.catalina.util.LifecycleBase.start(LifecycleBase.java:171)
		... 41 more
26-Jun-2025 20:22:30.532 INFORMACIÓN [main] org.apache.catalina.startup.HostConfig.deployDescriptor Deployment of deployment descriptor [C:\Users\Marlon\apache-tomcat-9.0.89\conf\Catalina\localhost\WebApplication1.xml] has finished in [45] ms
26-Jun-2025 20:22:30.533 INFORMACIÓN [main] org.apache.catalina.startup.HostConfig.deployDirectory Desplegando el directorio [C:\Users\Marlon\apache-tomcat-9.0.89\webapps\docs] de la aplicación web
26-Jun-2025 20:22:30.587 INFORMACIÓN [main] org.apache.catalina.startup.HostConfig.deployDirectory Deployment of web application directory [C:\Users\Marlon\apache-tomcat-9.0.89\webapps\docs] has finished in [54] ms
26-Jun-2025 20:22:30.587 INFORMACIÓN [main] org.apache.catalina.startup.HostConfig.deployDirectory Desplegando el directorio [C:\Users\Marlon\apache-tomcat-9.0.89\webapps\examples] de la aplicación web
26-Jun-2025 20:22:31.001 INFORMACIÓN [main] org.apache.catalina.startup.HostConfig.deployDirectory Deployment of web application directory [C:\Users\Marlon\apache-tomcat-9.0.89\webapps\examples] has finished in [414] ms
26-Jun-2025 20:22:31.001 INFORMACIÓN [main] org.apache.catalina.startup.HostConfig.deployDirectory Desplegando el directorio [C:\Users\Marlon\apache-tomcat-9.0.89\webapps\host-manager] de la aplicación web
26-Jun-2025 20:22:31.061 INFORMACIÓN [main] org.apache.catalina.startup.HostConfig.deployDirectory Deployment of web application directory [C:\Users\Marlon\apache-tomcat-9.0.89\webapps\host-manager] has finished in [60] ms
26-Jun-2025 20:22:31.061 INFORMACIÓN [main] org.apache.catalina.startup.HostConfig.deployDirectory Desplegando el directorio [C:\Users\Marlon\apache-tomcat-9.0.89\webapps\manager] de la aplicación web
26-Jun-2025 20:22:31.103 INFORMACIÓN [main] org.apache.catalina.startup.HostConfig.deployDirectory Deployment of web application directory [C:\Users\Marlon\apache-tomcat-9.0.89\webapps\manager] has finished in [42] ms
26-Jun-2025 20:22:31.103 INFORMACIÓN [main] org.apache.catalina.startup.HostConfig.deployDirectory Desplegando el directorio [C:\Users\Marlon\apache-tomcat-9.0.89\webapps\ROOT] de la aplicación web
26-Jun-2025 20:22:31.129 INFORMACIÓN [main] org.apache.catalina.startup.HostConfig.deployDirectory Deployment of web application directory [C:\Users\Marlon\apache-tomcat-9.0.89\webapps\ROOT] has finished in [26] ms
26-Jun-2025 20:22:31.133 INFORMACIÓN [main] org.apache.coyote.AbstractProtocol.start Starting ProtocolHandler ["http-nio-8080"]
26-Jun-2025 20:22:31.151 INFORMACIÓN [main] org.apache.catalina.startup.Catalina.start Server startup in [1979] milliseconds
26-Jun-2025 20:22:31.766 INFORMACIÓN [http-nio-8080-exec-6] org.apache.catalina.startup.HostConfig.undeploy Repliegue (undeploy) de la aplicación web que tiene como trayectoria de contexto [/PlantiSHOP]
26-Jun-2025 20:22:31.826 INFORMACIÓN [http-nio-8080-exec-2] org.apache.catalina.startup.HostConfig.deployDescriptor Desplieque del descriptor de configuración [C:\Users\Marlon\apache-tomcat-9.0.89\conf\Catalina\localhost\PlantiSHOP.xml]
26-Jun-2025 20:22:31.827 ADVERTENCIA [http-nio-8080-exec-2] org.apache.catalina.startup.HostConfig.deployDescriptor The path attribute with value [/PlantiSHOP] in deployment descriptor [C:\Users\Marlon\apache-tomcat-9.0.89\conf\Catalina\localhost\PlantiSHOP.xml] has been ignored
26-Jun-2025 20:22:32.491 INFORMACIÓN [http-nio-8080-exec-2] org.apache.jasper.servlet.TldScanner.scanJars Al menos un JAR, que se ha explorado buscando TLDs, aún no contenía TLDs. Activar historial de depuración para este historiador para una completa lista de los JARs que fueron explorados y de los que nos se halló TLDs. Saltarse JARs no necesarios durante la exploración puede dar lugar a una mejora de tiempo significativa en el arranque y compilación de JSP .
26-Jun-2025 20:22:32.494 INFORMACIÓN [http-nio-8080-exec-2] org.apache.catalina.startup.HostConfig.deployDescriptor Deployment of deployment descriptor [C:\Users\Marlon\apache-tomcat-9.0.89\conf\Catalina\localhost\PlantiSHOP.xml] has finished in [668] ms
26-Jun-2025 20:22:32.496 INFORMACIÓN [http-nio-8080-exec-7] org.apache.catalina.util.LifecycleBase.start The start() method was called on component [StandardEngine[Catalina].StandardHost[localhost].StandardContext[/PlantiSHOP]] after start() had already been called. The second call will be ignored.
26-Jun-2025 20:34:01.242 INFORMACIÓN [main] org.apache.catalina.core.StandardServer.await Se ha recibido un comando de apagado a través del puerto de apagado. Parando la instancia del Servidor.
26-Jun-2025 20:34:01.243 INFORMACIÓN [main] org.apache.coyote.AbstractProtocol.pause Pausing ProtocolHandler ["http-nio-8080"]
26-Jun-2025 20:34:01.402 INFORMACIÓN [main] org.apache.catalina.core.StandardService.stopInternal Parando servicio [Catalina]
26-Jun-2025 20:34:01.419 ADVERTENCIA [main] org.apache.catalina.loader.WebappClassLoaderBase.clearReferencesJdbc La aplicación web [PlantiSHOP] registró el conductor JDBC [com.mysql.cj.jdbc.Driver] pero falló al anular el registro mientras la aplicación web estaba parada. Para prevenir un fallo de memoria, se ha anulado el registro del conductor JDBC por la fuerza.
26-Jun-2025 20:34:01.420 ADVERTENCIA [main] org.apache.catalina.loader.WebappClassLoaderBase.clearReferencesThreads The web application [PlantiSHOP] appears to have started a thread named [mysql-cj-abandoned-connection-cleanup] but has failed to stop it. This is very likely to create a memory leak. Stack trace of thread:
 java.lang.Object.wait(Native Method)
 java.lang.ref.ReferenceQueue.remove(ReferenceQueue.java:150)
 com.mysql.cj.jdbc.AbandonedConnectionCleanupThread.run(AbandonedConnectionCleanupThread.java:93)
 java.util.concurrent.ThreadPoolExecutor.runWorker(ThreadPoolExecutor.java:1149)
 java.util.concurrent.ThreadPoolExecutor$Worker.run(ThreadPoolExecutor.java:624)
 java.lang.Thread.run(Thread.java:750)
26-Jun-2025 20:34:01.425 INFORMACIÓN [main] org.apache.coyote.AbstractProtocol.stop Stopping ProtocolHandler ["http-nio-8080"]
26-Jun-2025 20:34:01.431 INFORMACIÓN [main] org.apache.coyote.AbstractProtocol.destroy Destroying ProtocolHandler ["http-nio-8080"]
26-Jun-2025 20:51:44.293 INFORMACIÓN [main] org.apache.catalina.startup.VersionLoggerListener.log Nombre de la versión del servidor: Apache Tomcat/9.0.89
26-Jun-2025 20:51:44.295 INFORMACIÓN [main] org.apache.catalina.startup.VersionLoggerListener.log Server built:                      May 3 2024 20:22:11 UTC
26-Jun-2025 20:51:44.296 INFORMACIÓN [main] org.apache.catalina.startup.VersionLoggerListener.log Número de versión de servidor:     9.0.89.0
26-Jun-2025 20:51:44.296 INFORMACIÓN [main] org.apache.catalina.startup.VersionLoggerListener.log OS Name:                           Windows 11
26-Jun-2025 20:51:44.296 INFORMACIÓN [main] org.apache.catalina.startup.VersionLoggerListener.log Versión de Systema Operativo:      10.0
26-Jun-2025 20:51:44.296 INFORMACIÓN [main] org.apache.catalina.startup.VersionLoggerListener.log Arquitectura:                      amd64
26-Jun-2025 20:51:44.296 INFORMACIÓN [main] org.apache.catalina.startup.VersionLoggerListener.log Java Home:                         C:\Program Files\Java\jdk-1.8\jre
26-Jun-2025 20:51:44.296 INFORMACIÓN [main] org.apache.catalina.startup.VersionLoggerListener.log JVM Version:                       1.8.0_381-b09
26-Jun-2025 20:51:44.296 INFORMACIÓN [main] org.apache.catalina.startup.VersionLoggerListener.log Vededor JVM:                       Oracle Corporation
26-Jun-2025 20:51:44.296 INFORMACIÓN [main] org.apache.catalina.startup.VersionLoggerListener.log CATALINA_BASE:                     C:\Users\Marlon\apache-tomcat-9.0.89
26-Jun-2025 20:51:44.296 INFORMACIÓN [main] org.apache.catalina.startup.VersionLoggerListener.log CATALINA_HOME:                     C:\Users\Marlon\apache-tomcat-9.0.89
26-Jun-2025 20:51:44.298 INFORMACIÓN [main] org.apache.catalina.startup.VersionLoggerListener.log Command line argument:             -Djava.util.logging.config.file=C:\Users\Marlon\apache-tomcat-9.0.89\conf\logging.properties
26-Jun-2025 20:51:44.298 INFORMACIÓN [main] org.apache.catalina.startup.VersionLoggerListener.log Command line argument:             -Djava.util.logging.manager=org.apache.juli.ClassLoaderLogManager
26-Jun-2025 20:51:44.298 INFORMACIÓN [main] org.apache.catalina.startup.VersionLoggerListener.log Command line argument:             -Djdk.tls.ephemeralDHKeySize=2048
26-Jun-2025 20:51:44.298 INFORMACIÓN [main] org.apache.catalina.startup.VersionLoggerListener.log Command line argument:             -Djava.protocol.handler.pkgs=org.apache.catalina.webresources
26-Jun-2025 20:51:44.298 INFORMACIÓN [main] org.apache.catalina.startup.VersionLoggerListener.log Command line argument:             -Dignore.endorsed.dirs=
26-Jun-2025 20:51:44.298 INFORMACIÓN [main] org.apache.catalina.startup.VersionLoggerListener.log Command line argument:             -Dcatalina.base=C:\Users\Marlon\apache-tomcat-9.0.89
26-Jun-2025 20:51:44.298 INFORMACIÓN [main] org.apache.catalina.startup.VersionLoggerListener.log Command line argument:             -Dcatalina.home=C:\Users\Marlon\apache-tomcat-9.0.89
26-Jun-2025 20:51:44.298 INFORMACIÓN [main] org.apache.catalina.startup.VersionLoggerListener.log Command line argument:             -Djava.io.tmpdir=C:\Users\Marlon\apache-tomcat-9.0.89\temp
26-Jun-2025 20:51:44.301 INFORMACIÓN [main] org.apache.catalina.core.AprLifecycleListener.lifecycleEvent Cargada la biblioteca nativa APR de Apache Tomcat [1.3.0] con la versión APR [1.7.4].
26-Jun-2025 20:51:44.301 INFORMACIÓN [main] org.apache.catalina.core.AprLifecycleListener.lifecycleEvent Capacidades APR: IPv6 [true], enviar fichero [true], aceptar filtros [false], aleatorio [true], UDS [true].
26-Jun-2025 20:51:44.301 INFORMACIÓN [main] org.apache.catalina.core.AprLifecycleListener.lifecycleEvent APR/OpenSSL configuration: useAprConnector [false], useOpenSSL [true]
26-Jun-2025 20:51:44.308 INFORMACIÓN [main] org.apache.catalina.core.AprLifecycleListener.initializeSSL OpenSSL inicializado correctamente [OpenSSL 3.0.13 30 Jan 2024]
26-Jun-2025 20:51:44.630 INFORMACIÓN [main] org.apache.coyote.AbstractProtocol.init Inicializando el manejador de protocolo ["http-nio-8080"]

26-Jun-2025 20:51:44.654 INFORMACIÓN [main] org.apache.catalina.startup.Catalina.load Server initialization in [522] milliseconds
26-Jun-2025 20:51:44.687 INFORMACIÓN [main] org.apache.catalina.core.StandardService.startInternal Arrancando servicio [Catalina]
26-Jun-2025 20:51:44.687 INFORMACIÓN [main] org.apache.catalina.core.StandardEngine.startInternal Starting Servlet engine: [Apache Tomcat/9.0.89]
26-Jun-2025 20:51:44.694 INFORMACIÓN [main] org.apache.catalina.startup.HostConfig.deployDescriptor Desplieque del descriptor de configuración [C:\Users\Marlon\apache-tomcat-9.0.89\conf\Catalina\localhost\Beyond.xml]
26-Jun-2025 20:51:44.720 ADVERTENCIA [main] org.apache.catalina.startup.HostConfig.deployDescriptor The path attribute with value [/Beyond] in deployment descriptor [C:\Users\Marlon\apache-tomcat-9.0.89\conf\Catalina\localhost\Beyond.xml] has been ignored
26-Jun-2025 20:51:44.741 GRAVE [main] org.apache.catalina.startup.HostConfig.deployDescriptor Error durante el despliegue del descriptor de configuración [C:\Users\Marlon\apache-tomcat-9.0.89\conf\Catalina\localhost\Beyond.xml]
	java.lang.IllegalStateException: Error starting child
		at org.apache.catalina.core.ContainerBase.addChildInternal(ContainerBase.java:602)
		at org.apache.catalina.core.ContainerBase.addChild(ContainerBase.java:571)
		at org.apache.catalina.core.StandardHost.addChild(StandardHost.java:603)
		at org.apache.catalina.startup.HostConfig.deployDescriptor(HostConfig.java:680)
		at org.apache.catalina.startup.HostConfig$DeployDescriptor.run(HostConfig.java:1844)
		at java.util.concurrent.Executors$RunnableAdapter.call(Executors.java:511)
		at java.util.concurrent.FutureTask.run(FutureTask.java:266)
		at org.apache.tomcat.util.threads.InlineExecutorService.execute(InlineExecutorService.java:75)
		at java.util.concurrent.AbstractExecutorService.submit(AbstractExecutorService.java:112)
		at org.apache.catalina.startup.HostConfig.deployDescriptors(HostConfig.java:575)
		at org.apache.catalina.startup.HostConfig.deployApps(HostConfig.java:466)
		at org.apache.catalina.startup.HostConfig.start(HostConfig.java:1584)
		at org.apache.catalina.startup.HostConfig.lifecycleEvent(HostConfig.java:312)
		at org.apache.catalina.util.LifecycleBase.fireLifecycleEvent(LifecycleBase.java:114)
		at org.apache.catalina.util.LifecycleBase.setStateInternal(LifecycleBase.java:402)
		at org.apache.catalina.util.LifecycleBase.setState(LifecycleBase.java:345)
		at org.apache.catalina.core.ContainerBase.startInternal(ContainerBase.java:776)
		at org.apache.catalina.core.StandardHost.startInternal(StandardHost.java:721)
		at org.apache.catalina.util.LifecycleBase.start(LifecycleBase.java:171)
		at org.apache.catalina.core.ContainerBase$StartChild.call(ContainerBase.java:1203)
		at org.apache.catalina.core.ContainerBase$StartChild.call(ContainerBase.java:1193)
		at java.util.concurrent.FutureTask.run(FutureTask.java:266)
		at org.apache.tomcat.util.threads.InlineExecutorService.execute(InlineExecutorService.java:75)
		at java.util.concurrent.AbstractExecutorService.submit(AbstractExecutorService.java:134)
		at org.apache.catalina.core.ContainerBase.startInternal(ContainerBase.java:749)
		at org.apache.catalina.core.StandardEngine.startInternal(StandardEngine.java:211)
		at org.apache.catalina.util.LifecycleBase.start(LifecycleBase.java:171)
		at org.apache.catalina.core.StandardService.startInternal(StandardService.java:415)
		at org.apache.catalina.util.LifecycleBase.start(LifecycleBase.java:171)
		at org.apache.catalina.core.StandardServer.startInternal(StandardServer.java:878)
		at org.apache.catalina.util.LifecycleBase.start(LifecycleBase.java:171)
		at org.apache.catalina.startup.Catalina.start(Catalina.java:735)
		at sun.reflect.NativeMethodAccessorImpl.invoke0(Native Method)
		at sun.reflect.NativeMethodAccessorImpl.invoke(NativeMethodAccessorImpl.java:62)
		at sun.reflect.DelegatingMethodAccessorImpl.invoke(DelegatingMethodAccessorImpl.java:43)
		at java.lang.reflect.Method.invoke(Method.java:498)
		at org.apache.catalina.startup.Bootstrap.start(Bootstrap.java:345)
		at org.apache.catalina.startup.Bootstrap.main(Bootstrap.java:473)
	Caused by: org.apache.catalina.LifecycleException: Failed to start component [org.apache.catalina.webresources.StandardRoot@69379752]
		at org.apache.catalina.util.LifecycleBase.handleSubClassException(LifecycleBase.java:419)
		at org.apache.catalina.util.LifecycleBase.start(LifecycleBase.java:186)
		at org.apache.catalina.core.StandardContext.resourcesStart(StandardContext.java:4120)
		at org.apache.catalina.core.StandardContext.startInternal(StandardContext.java:4242)
		at org.apache.catalina.util.LifecycleBase.start(LifecycleBase.java:171)
		at org.apache.catalina.core.ContainerBase.addChildInternal(ContainerBase.java:599)
		... 37 more
	Caused by: java.lang.IllegalArgumentException: The main resource set specified [F:\LDS - Final\Beyond\build\web] is not a directory or war file, or is not readable (it does not exist or permissions to access it are missing)
		at org.apache.catalina.webresources.StandardRoot.createMainResourceSet(StandardRoot.java:749)
		at org.apache.catalina.webresources.StandardRoot.startInternal(StandardRoot.java:707)
		at org.apache.catalina.util.LifecycleBase.start(LifecycleBase.java:171)
		... 41 more
26-Jun-2025 20:51:44.759 INFORMACIÓN [main] org.apache.catalina.startup.HostConfig.deployDescriptor Deployment of deployment descriptor [C:\Users\Marlon\apache-tomcat-9.0.89\conf\Catalina\localhost\Beyond.xml] has finished in [63] ms
26-Jun-2025 20:51:44.759 INFORMACIÓN [main] org.apache.catalina.startup.HostConfig.deployDescriptor Desplieque del descriptor de configuración [C:\Users\Marlon\apache-tomcat-9.0.89\conf\Catalina\localhost\PlantiSHOP.xml]
26-Jun-2025 20:51:44.761 ADVERTENCIA [main] org.apache.catalina.startup.HostConfig.deployDescriptor The path attribute with value [/PlantiSHOP] in deployment descriptor [C:\Users\Marlon\apache-tomcat-9.0.89\conf\Catalina\localhost\PlantiSHOP.xml] has been ignored
26-Jun-2025 20:51:45.659 INFORMACIÓN [main] org.apache.jasper.servlet.TldScanner.scanJars Al menos un JAR, que se ha explorado buscando TLDs, aún no contenía TLDs. Activar historial de depuración para este historiador para una completa lista de los JARs que fueron explorados y de los que nos se halló TLDs. Saltarse JARs no necesarios durante la exploración puede dar lugar a una mejora de tiempo significativa en el arranque y compilación de JSP .
26-Jun-2025 20:51:45.858 ADVERTENCIA [main] org.apache.catalina.util.SessionIdGeneratorBase.createSecureRandom Creation of SecureRandom instance for session ID generation using [SHA1PRNG] took [175] milliseconds.
26-Jun-2025 20:51:45.880 INFORMACIÓN [main] org.apache.catalina.startup.HostConfig.deployDescriptor Deployment of deployment descriptor [C:\Users\Marlon\apache-tomcat-9.0.89\conf\Catalina\localhost\PlantiSHOP.xml] has finished in [1.121] ms
26-Jun-2025 20:51:45.881 INFORMACIÓN [main] org.apache.catalina.startup.HostConfig.deployDescriptor Desplieque del descriptor de configuración [C:\Users\Marlon\apache-tomcat-9.0.89\conf\Catalina\localhost\WebApplication1.xml]
26-Jun-2025 20:51:45.881 ADVERTENCIA [main] org.apache.catalina.startup.HostConfig.deployDescriptor The path attribute with value [/WebApplication1] in deployment descriptor [C:\Users\Marlon\apache-tomcat-9.0.89\conf\Catalina\localhost\WebApplication1.xml] has been ignored
26-Jun-2025 20:51:45.886 GRAVE [main] org.apache.catalina.startup.HostConfig.deployDescriptor Error durante el despliegue del descriptor de configuración [C:\Users\Marlon\apache-tomcat-9.0.89\conf\Catalina\localhost\WebApplication1.xml]
	java.lang.IllegalStateException: Error starting child
		at org.apache.catalina.core.ContainerBase.addChildInternal(ContainerBase.java:602)
		at org.apache.catalina.core.ContainerBase.addChild(ContainerBase.java:571)
		at org.apache.catalina.core.StandardHost.addChild(StandardHost.java:603)
		at org.apache.catalina.startup.HostConfig.deployDescriptor(HostConfig.java:680)
		at org.apache.catalina.startup.HostConfig$DeployDescriptor.run(HostConfig.java:1844)
		at java.util.concurrent.Executors$RunnableAdapter.call(Executors.java:511)
		at java.util.concurrent.FutureTask.run(FutureTask.java:266)
		at org.apache.tomcat.util.threads.InlineExecutorService.execute(InlineExecutorService.java:75)
		at java.util.concurrent.AbstractExecutorService.submit(AbstractExecutorService.java:112)
		at org.apache.catalina.startup.HostConfig.deployDescriptors(HostConfig.java:575)
		at org.apache.catalina.startup.HostConfig.deployApps(HostConfig.java:466)
		at org.apache.catalina.startup.HostConfig.start(HostConfig.java:1584)
		at org.apache.catalina.startup.HostConfig.lifecycleEvent(HostConfig.java:312)
		at org.apache.catalina.util.LifecycleBase.fireLifecycleEvent(LifecycleBase.java:114)
		at org.apache.catalina.util.LifecycleBase.setStateInternal(LifecycleBase.java:402)
		at org.apache.catalina.util.LifecycleBase.setState(LifecycleBase.java:345)
		at org.apache.catalina.core.ContainerBase.startInternal(ContainerBase.java:776)
		at org.apache.catalina.core.StandardHost.startInternal(StandardHost.java:721)
		at org.apache.catalina.util.LifecycleBase.start(LifecycleBase.java:171)
		at org.apache.catalina.core.ContainerBase$StartChild.call(ContainerBase.java:1203)
		at org.apache.catalina.core.ContainerBase$StartChild.call(ContainerBase.java:1193)
		at java.util.concurrent.FutureTask.run(FutureTask.java:266)
		at org.apache.tomcat.util.threads.InlineExecutorService.execute(InlineExecutorService.java:75)
		at java.util.concurrent.AbstractExecutorService.submit(AbstractExecutorService.java:134)
		at org.apache.catalina.core.ContainerBase.startInternal(ContainerBase.java:749)
		at org.apache.catalina.core.StandardEngine.startInternal(StandardEngine.java:211)
		at org.apache.catalina.util.LifecycleBase.start(LifecycleBase.java:171)
		at org.apache.catalina.core.StandardService.startInternal(StandardService.java:415)
		at org.apache.catalina.util.LifecycleBase.start(LifecycleBase.java:171)
		at org.apache.catalina.core.StandardServer.startInternal(StandardServer.java:878)
		at org.apache.catalina.util.LifecycleBase.start(LifecycleBase.java:171)
		at org.apache.catalina.startup.Catalina.start(Catalina.java:735)
		at sun.reflect.NativeMethodAccessorImpl.invoke0(Native Method)
		at sun.reflect.NativeMethodAccessorImpl.invoke(NativeMethodAccessorImpl.java:62)
		at sun.reflect.DelegatingMethodAccessorImpl.invoke(DelegatingMethodAccessorImpl.java:43)
		at java.lang.reflect.Method.invoke(Method.java:498)
		at org.apache.catalina.startup.Bootstrap.start(Bootstrap.java:345)
		at org.apache.catalina.startup.Bootstrap.main(Bootstrap.java:473)
	Caused by: org.apache.catalina.LifecycleException: Failed to start component [org.apache.catalina.webresources.StandardRoot@2fe88a09]
		at org.apache.catalina.util.LifecycleBase.handleSubClassException(LifecycleBase.java:419)
		at org.apache.catalina.util.LifecycleBase.start(LifecycleBase.java:186)
		at org.apache.catalina.core.StandardContext.resourcesStart(StandardContext.java:4120)
		at org.apache.catalina.core.StandardContext.startInternal(StandardContext.java:4242)
		at org.apache.catalina.util.LifecycleBase.start(LifecycleBase.java:171)
		at org.apache.catalina.core.ContainerBase.addChildInternal(ContainerBase.java:599)
		... 37 more
	Caused by: java.lang.IllegalArgumentException: The main resource set specified [C:\Users\Marlon\Documents\NetBeansProjects\WebApplication1\build\web] is not a directory or war file, or is not readable (it does not exist or permissions to access it are missing)
		at org.apache.catalina.webresources.StandardRoot.createMainResourceSet(StandardRoot.java:749)
		at org.apache.catalina.webresources.StandardRoot.startInternal(StandardRoot.java:707)
		at org.apache.catalina.util.LifecycleBase.start(LifecycleBase.java:171)
		... 41 more
26-Jun-2025 20:51:45.893 INFORMACIÓN [main] org.apache.catalina.startup.HostConfig.deployDescriptor Deployment of deployment descriptor [C:\Users\Marlon\apache-tomcat-9.0.89\conf\Catalina\localhost\WebApplication1.xml] has finished in [12] ms
26-Jun-2025 20:51:45.894 INFORMACIÓN [main] org.apache.catalina.startup.HostConfig.deployDirectory Desplegando el directorio [C:\Users\Marlon\apache-tomcat-9.0.89\webapps\docs] de la aplicación web
26-Jun-2025 20:51:45.929 INFORMACIÓN [main] org.apache.catalina.startup.HostConfig.deployDirectory Deployment of web application directory [C:\Users\Marlon\apache-tomcat-9.0.89\webapps\docs] has finished in [35] ms
26-Jun-2025 20:51:45.929 INFORMACIÓN [main] org.apache.catalina.startup.HostConfig.deployDirectory Desplegando el directorio [C:\Users\Marlon\apache-tomcat-9.0.89\webapps\examples] de la aplicación web
26-Jun-2025 20:51:46.317 INFORMACIÓN [main] org.apache.catalina.startup.HostConfig.deployDirectory Deployment of web application directory [C:\Users\Marlon\apache-tomcat-9.0.89\webapps\examples] has finished in [388] ms
26-Jun-2025 20:51:46.318 INFORMACIÓN [main] org.apache.catalina.startup.HostConfig.deployDirectory Desplegando el directorio [C:\Users\Marlon\apache-tomcat-9.0.89\webapps\host-manager] de la aplicación web
26-Jun-2025 20:51:46.361 INFORMACIÓN [main] org.apache.catalina.startup.HostConfig.deployDirectory Deployment of web application directory [C:\Users\Marlon\apache-tomcat-9.0.89\webapps\host-manager] has finished in [42] ms
26-Jun-2025 20:51:46.361 INFORMACIÓN [main] org.apache.catalina.startup.HostConfig.deployDirectory Desplegando el directorio [C:\Users\Marlon\apache-tomcat-9.0.89\webapps\manager] de la aplicación web
26-Jun-2025 20:51:46.399 INFORMACIÓN [main] org.apache.catalina.startup.HostConfig.deployDirectory Deployment of web application directory [C:\Users\Marlon\apache-tomcat-9.0.89\webapps\manager] has finished in [38] ms
26-Jun-2025 20:51:46.399 INFORMACIÓN [main] org.apache.catalina.startup.HostConfig.deployDirectory Desplegando el directorio [C:\Users\Marlon\apache-tomcat-9.0.89\webapps\ROOT] de la aplicación web
26-Jun-2025 20:51:46.424 INFORMACIÓN [main] org.apache.catalina.startup.HostConfig.deployDirectory Deployment of web application directory [C:\Users\Marlon\apache-tomcat-9.0.89\webapps\ROOT] has finished in [25] ms
26-Jun-2025 20:51:46.427 INFORMACIÓN [main] org.apache.coyote.AbstractProtocol.start Starting ProtocolHandler ["http-nio-8080"]
26-Jun-2025 20:51:46.441 INFORMACIÓN [main] org.apache.catalina.startup.Catalina.start Server startup in [1787] milliseconds
26-Jun-2025 20:51:47.047 INFORMACIÓN [http-nio-8080-exec-7] org.apache.catalina.startup.HostConfig.undeploy Repliegue (undeploy) de la aplicación web que tiene como trayectoria de contexto [/PlantiSHOP]
26-Jun-2025 20:51:47.100 INFORMACIÓN [http-nio-8080-exec-10] org.apache.catalina.startup.HostConfig.deployDescriptor Desplieque del descriptor de configuración [C:\Users\Marlon\apache-tomcat-9.0.89\conf\Catalina\localhost\PlantiSHOP.xml]
26-Jun-2025 20:51:47.101 ADVERTENCIA [http-nio-8080-exec-10] org.apache.catalina.startup.HostConfig.deployDescriptor The path attribute with value [/PlantiSHOP] in deployment descriptor [C:\Users\Marlon\apache-tomcat-9.0.89\conf\Catalina\localhost\PlantiSHOP.xml] has been ignored
26-Jun-2025 20:51:47.775 INFORMACIÓN [http-nio-8080-exec-10] org.apache.jasper.servlet.TldScanner.scanJars Al menos un JAR, que se ha explorado buscando TLDs, aún no contenía TLDs. Activar historial de depuración para este historiador para una completa lista de los JARs que fueron explorados y de los que nos se halló TLDs. Saltarse JARs no necesarios durante la exploración puede dar lugar a una mejora de tiempo significativa en el arranque y compilación de JSP .
26-Jun-2025 20:51:47.779 INFORMACIÓN [http-nio-8080-exec-10] org.apache.catalina.startup.HostConfig.deployDescriptor Deployment of deployment descriptor [C:\Users\Marlon\apache-tomcat-9.0.89\conf\Catalina\localhost\PlantiSHOP.xml] has finished in [678] ms
26-Jun-2025 20:51:47.782 INFORMACIÓN [http-nio-8080-exec-3] org.apache.catalina.util.LifecycleBase.start The start() method was called on component [StandardEngine[Catalina].StandardHost[localhost].StandardContext[/PlantiSHOP]] after start() had already been called. The second call will be ignored.
26-Jun-2025 21:02:16.888 INFORMACIÓN [main] org.apache.catalina.core.StandardServer.await Se ha recibido un comando de apagado a través del puerto de apagado. Parando la instancia del Servidor.
26-Jun-2025 21:02:16.888 INFORMACIÓN [main] org.apache.coyote.AbstractProtocol.pause Pausing ProtocolHandler ["http-nio-8080"]
26-Jun-2025 21:02:17.051 INFORMACIÓN [main] org.apache.catalina.core.StandardService.stopInternal Parando servicio [Catalina]
26-Jun-2025 21:02:17.069 ADVERTENCIA [main] org.apache.catalina.loader.WebappClassLoaderBase.clearReferencesJdbc La aplicación web [PlantiSHOP] registró el conductor JDBC [com.mysql.cj.jdbc.Driver] pero falló al anular el registro mientras la aplicación web estaba parada. Para prevenir un fallo de memoria, se ha anulado el registro del conductor JDBC por la fuerza.
26-Jun-2025 21:02:17.070 ADVERTENCIA [main] org.apache.catalina.loader.WebappClassLoaderBase.clearReferencesThreads The web application [PlantiSHOP] appears to have started a thread named [mysql-cj-abandoned-connection-cleanup] but has failed to stop it. This is very likely to create a memory leak. Stack trace of thread:
 java.lang.Object.wait(Native Method)
 java.lang.ref.ReferenceQueue.remove(ReferenceQueue.java:150)
 com.mysql.cj.jdbc.AbandonedConnectionCleanupThread.run(AbandonedConnectionCleanupThread.java:93)
 java.util.concurrent.ThreadPoolExecutor.runWorker(ThreadPoolExecutor.java:1149)
 java.util.concurrent.ThreadPoolExecutor$Worker.run(ThreadPoolExecutor.java:624)
 java.lang.Thread.run(Thread.java:750)
26-Jun-2025 21:02:17.077 INFORMACIÓN [main] org.apache.coyote.AbstractProtocol.stop Stopping ProtocolHandler ["http-nio-8080"]
26-Jun-2025 21:02:17.097 INFORMACIÓN [main] org.apache.coyote.AbstractProtocol.destroy Destroying ProtocolHandler ["http-nio-8080"]
26-Jun-2025 21:06:40.039 INFORMACIÓN [main] org.apache.catalina.startup.VersionLoggerListener.log Nombre de la versión del servidor: Apache Tomcat/9.0.89
26-Jun-2025 21:06:40.042 INFORMACIÓN [main] org.apache.catalina.startup.VersionLoggerListener.log Server built:                      May 3 2024 20:22:11 UTC
26-Jun-2025 21:06:40.042 INFORMACIÓN [main] org.apache.catalina.startup.VersionLoggerListener.log Número de versión de servidor:     9.0.89.0
26-Jun-2025 21:06:40.042 INFORMACIÓN [main] org.apache.catalina.startup.VersionLoggerListener.log OS Name:                           Windows 11
26-Jun-2025 21:06:40.042 INFORMACIÓN [main] org.apache.catalina.startup.VersionLoggerListener.log Versión de Systema Operativo:      10.0
26-Jun-2025 21:06:40.042 INFORMACIÓN [main] org.apache.catalina.startup.VersionLoggerListener.log Arquitectura:                      amd64
26-Jun-2025 21:06:40.042 INFORMACIÓN [main] org.apache.catalina.startup.VersionLoggerListener.log Java Home:                         C:\Program Files\Java\jdk-1.8\jre
26-Jun-2025 21:06:40.043 INFORMACIÓN [main] org.apache.catalina.startup.VersionLoggerListener.log JVM Version:                       1.8.0_381-b09
26-Jun-2025 21:06:40.043 INFORMACIÓN [main] org.apache.catalina.startup.VersionLoggerListener.log Vededor JVM:                       Oracle Corporation
26-Jun-2025 21:06:40.043 INFORMACIÓN [main] org.apache.catalina.startup.VersionLoggerListener.log CATALINA_BASE:                     C:\Users\Marlon\apache-tomcat-9.0.89
26-Jun-2025 21:06:40.043 INFORMACIÓN [main] org.apache.catalina.startup.VersionLoggerListener.log CATALINA_HOME:                     C:\Users\Marlon\apache-tomcat-9.0.89
26-Jun-2025 21:06:40.044 INFORMACIÓN [main] org.apache.catalina.startup.VersionLoggerListener.log Command line argument:             -Djava.util.logging.config.file=C:\Users\Marlon\apache-tomcat-9.0.89\conf\logging.properties
26-Jun-2025 21:06:40.044 INFORMACIÓN [main] org.apache.catalina.startup.VersionLoggerListener.log Command line argument:             -Djava.util.logging.manager=org.apache.juli.ClassLoaderLogManager
26-Jun-2025 21:06:40.044 INFORMACIÓN [main] org.apache.catalina.startup.VersionLoggerListener.log Command line argument:             -Djdk.tls.ephemeralDHKeySize=2048
26-Jun-2025 21:06:40.044 INFORMACIÓN [main] org.apache.catalina.startup.VersionLoggerListener.log Command line argument:             -Djava.protocol.handler.pkgs=org.apache.catalina.webresources
26-Jun-2025 21:06:40.045 INFORMACIÓN [main] org.apache.catalina.startup.VersionLoggerListener.log Command line argument:             -Dignore.endorsed.dirs=
26-Jun-2025 21:06:40.045 INFORMACIÓN [main] org.apache.catalina.startup.VersionLoggerListener.log Command line argument:             -Dcatalina.base=C:\Users\Marlon\apache-tomcat-9.0.89
26-Jun-2025 21:06:40.045 INFORMACIÓN [main] org.apache.catalina.startup.VersionLoggerListener.log Command line argument:             -Dcatalina.home=C:\Users\Marlon\apache-tomcat-9.0.89
26-Jun-2025 21:06:40.045 INFORMACIÓN [main] org.apache.catalina.startup.VersionLoggerListener.log Command line argument:             -Djava.io.tmpdir=C:\Users\Marlon\apache-tomcat-9.0.89\temp
26-Jun-2025 21:06:40.048 INFORMACIÓN [main] org.apache.catalina.core.AprLifecycleListener.lifecycleEvent Cargada la biblioteca nativa APR de Apache Tomcat [1.3.0] con la versión APR [1.7.4].
26-Jun-2025 21:06:40.048 INFORMACIÓN [main] org.apache.catalina.core.AprLifecycleListener.lifecycleEvent Capacidades APR: IPv6 [true], enviar fichero [true], aceptar filtros [false], aleatorio [true], UDS [true].
26-Jun-2025 21:06:40.049 INFORMACIÓN [main] org.apache.catalina.core.AprLifecycleListener.lifecycleEvent APR/OpenSSL configuration: useAprConnector [false], useOpenSSL [true]
26-Jun-2025 21:06:40.055 INFORMACIÓN [main] org.apache.catalina.core.AprLifecycleListener.initializeSSL OpenSSL inicializado correctamente [OpenSSL 3.0.13 30 Jan 2024]
26-Jun-2025 21:06:40.363 INFORMACIÓN [main] org.apache.coyote.AbstractProtocol.init Inicializando el manejador de protocolo ["http-nio-8080"]

26-Jun-2025 21:06:40.406 INFORMACIÓN [main] org.apache.catalina.startup.Catalina.load Server initialization in [557] milliseconds
26-Jun-2025 21:06:40.454 INFORMACIÓN [main] org.apache.catalina.core.StandardService.startInternal Arrancando servicio [Catalina]
26-Jun-2025 21:06:40.454 INFORMACIÓN [main] org.apache.catalina.core.StandardEngine.startInternal Starting Servlet engine: [Apache Tomcat/9.0.89]
26-Jun-2025 21:06:40.463 INFORMACIÓN [main] org.apache.catalina.startup.HostConfig.deployDescriptor Desplieque del descriptor de configuración [C:\Users\Marlon\apache-tomcat-9.0.89\conf\Catalina\localhost\Beyond.xml]
26-Jun-2025 21:06:40.488 ADVERTENCIA [main] org.apache.catalina.startup.HostConfig.deployDescriptor The path attribute with value [/Beyond] in deployment descriptor [C:\Users\Marlon\apache-tomcat-9.0.89\conf\Catalina\localhost\Beyond.xml] has been ignored
26-Jun-2025 21:06:40.509 GRAVE [main] org.apache.catalina.startup.HostConfig.deployDescriptor Error durante el despliegue del descriptor de configuración [C:\Users\Marlon\apache-tomcat-9.0.89\conf\Catalina\localhost\Beyond.xml]
	java.lang.IllegalStateException: Error starting child
		at org.apache.catalina.core.ContainerBase.addChildInternal(ContainerBase.java:602)
		at org.apache.catalina.core.ContainerBase.addChild(ContainerBase.java:571)
		at org.apache.catalina.core.StandardHost.addChild(StandardHost.java:603)
		at org.apache.catalina.startup.HostConfig.deployDescriptor(HostConfig.java:680)
		at org.apache.catalina.startup.HostConfig$DeployDescriptor.run(HostConfig.java:1844)
		at java.util.concurrent.Executors$RunnableAdapter.call(Executors.java:511)
		at java.util.concurrent.FutureTask.run(FutureTask.java:266)
		at org.apache.tomcat.util.threads.InlineExecutorService.execute(InlineExecutorService.java:75)
		at java.util.concurrent.AbstractExecutorService.submit(AbstractExecutorService.java:112)
		at org.apache.catalina.startup.HostConfig.deployDescriptors(HostConfig.java:575)
		at org.apache.catalina.startup.HostConfig.deployApps(HostConfig.java:466)
		at org.apache.catalina.startup.HostConfig.start(HostConfig.java:1584)
		at org.apache.catalina.startup.HostConfig.lifecycleEvent(HostConfig.java:312)
		at org.apache.catalina.util.LifecycleBase.fireLifecycleEvent(LifecycleBase.java:114)
		at org.apache.catalina.util.LifecycleBase.setStateInternal(LifecycleBase.java:402)
		at org.apache.catalina.util.LifecycleBase.setState(LifecycleBase.java:345)
		at org.apache.catalina.core.ContainerBase.startInternal(ContainerBase.java:776)
		at org.apache.catalina.core.StandardHost.startInternal(StandardHost.java:721)
		at org.apache.catalina.util.LifecycleBase.start(LifecycleBase.java:171)
		at org.apache.catalina.core.ContainerBase$StartChild.call(ContainerBase.java:1203)
		at org.apache.catalina.core.ContainerBase$StartChild.call(ContainerBase.java:1193)
		at java.util.concurrent.FutureTask.run(FutureTask.java:266)
		at org.apache.tomcat.util.threads.InlineExecutorService.execute(InlineExecutorService.java:75)
		at java.util.concurrent.AbstractExecutorService.submit(AbstractExecutorService.java:134)
		at org.apache.catalina.core.ContainerBase.startInternal(ContainerBase.java:749)
		at org.apache.catalina.core.StandardEngine.startInternal(StandardEngine.java:211)
		at org.apache.catalina.util.LifecycleBase.start(LifecycleBase.java:171)
		at org.apache.catalina.core.StandardService.startInternal(StandardService.java:415)
		at org.apache.catalina.util.LifecycleBase.start(LifecycleBase.java:171)
		at org.apache.catalina.core.StandardServer.startInternal(StandardServer.java:878)
		at org.apache.catalina.util.LifecycleBase.start(LifecycleBase.java:171)
		at org.apache.catalina.startup.Catalina.start(Catalina.java:735)
		at sun.reflect.NativeMethodAccessorImpl.invoke0(Native Method)
		at sun.reflect.NativeMethodAccessorImpl.invoke(NativeMethodAccessorImpl.java:62)
		at sun.reflect.DelegatingMethodAccessorImpl.invoke(DelegatingMethodAccessorImpl.java:43)
		at java.lang.reflect.Method.invoke(Method.java:498)
		at org.apache.catalina.startup.Bootstrap.start(Bootstrap.java:345)
		at org.apache.catalina.startup.Bootstrap.main(Bootstrap.java:473)
	Caused by: org.apache.catalina.LifecycleException: Failed to start component [org.apache.catalina.webresources.StandardRoot@69379752]
		at org.apache.catalina.util.LifecycleBase.handleSubClassException(LifecycleBase.java:419)
		at org.apache.catalina.util.LifecycleBase.start(LifecycleBase.java:186)
		at org.apache.catalina.core.StandardContext.resourcesStart(StandardContext.java:4120)
		at org.apache.catalina.core.StandardContext.startInternal(StandardContext.java:4242)
		at org.apache.catalina.util.LifecycleBase.start(LifecycleBase.java:171)
		at org.apache.catalina.core.ContainerBase.addChildInternal(ContainerBase.java:599)
		... 37 more
	Caused by: java.lang.IllegalArgumentException: The main resource set specified [F:\LDS - Final\Beyond\build\web] is not a directory or war file, or is not readable (it does not exist or permissions to access it are missing)
		at org.apache.catalina.webresources.StandardRoot.createMainResourceSet(StandardRoot.java:749)
		at org.apache.catalina.webresources.StandardRoot.startInternal(StandardRoot.java:707)
		at org.apache.catalina.util.LifecycleBase.start(LifecycleBase.java:171)
		... 41 more
26-Jun-2025 21:06:40.516 INFORMACIÓN [main] org.apache.catalina.startup.HostConfig.deployDescriptor Deployment of deployment descriptor [C:\Users\Marlon\apache-tomcat-9.0.89\conf\Catalina\localhost\Beyond.xml] has finished in [52] ms
26-Jun-2025 21:06:40.517 INFORMACIÓN [main] org.apache.catalina.startup.HostConfig.deployDescriptor Desplieque del descriptor de configuración [C:\Users\Marlon\apache-tomcat-9.0.89\conf\Catalina\localhost\PlantiSHOP.xml]
26-Jun-2025 21:06:40.519 ADVERTENCIA [main] org.apache.catalina.startup.HostConfig.deployDescriptor The path attribute with value [/PlantiSHOP] in deployment descriptor [C:\Users\Marlon\apache-tomcat-9.0.89\conf\Catalina\localhost\PlantiSHOP.xml] has been ignored
26-Jun-2025 21:06:41.359 INFORMACIÓN [main] org.apache.jasper.servlet.TldScanner.scanJars Al menos un JAR, que se ha explorado buscando TLDs, aún no contenía TLDs. Activar historial de depuración para este historiador para una completa lista de los JARs que fueron explorados y de los que nos se halló TLDs. Saltarse JARs no necesarios durante la exploración puede dar lugar a una mejora de tiempo significativa en el arranque y compilación de JSP .
26-Jun-2025 21:06:41.588 ADVERTENCIA [main] org.apache.catalina.util.SessionIdGeneratorBase.createSecureRandom Creation of SecureRandom instance for session ID generation using [SHA1PRNG] took [181] milliseconds.
26-Jun-2025 21:06:41.612 INFORMACIÓN [main] org.apache.catalina.startup.HostConfig.deployDescriptor Deployment of deployment descriptor [C:\Users\Marlon\apache-tomcat-9.0.89\conf\Catalina\localhost\PlantiSHOP.xml] has finished in [1.095] ms
26-Jun-2025 21:06:41.612 INFORMACIÓN [main] org.apache.catalina.startup.HostConfig.deployDescriptor Desplieque del descriptor de configuración [C:\Users\Marlon\apache-tomcat-9.0.89\conf\Catalina\localhost\WebApplication1.xml]
26-Jun-2025 21:06:41.614 ADVERTENCIA [main] org.apache.catalina.startup.HostConfig.deployDescriptor The path attribute with value [/WebApplication1] in deployment descriptor [C:\Users\Marlon\apache-tomcat-9.0.89\conf\Catalina\localhost\WebApplication1.xml] has been ignored
26-Jun-2025 21:06:41.618 GRAVE [main] org.apache.catalina.startup.HostConfig.deployDescriptor Error durante el despliegue del descriptor de configuración [C:\Users\Marlon\apache-tomcat-9.0.89\conf\Catalina\localhost\WebApplication1.xml]
	java.lang.IllegalStateException: Error starting child
		at org.apache.catalina.core.ContainerBase.addChildInternal(ContainerBase.java:602)
		at org.apache.catalina.core.ContainerBase.addChild(ContainerBase.java:571)
		at org.apache.catalina.core.StandardHost.addChild(StandardHost.java:603)
		at org.apache.catalina.startup.HostConfig.deployDescriptor(HostConfig.java:680)
		at org.apache.catalina.startup.HostConfig$DeployDescriptor.run(HostConfig.java:1844)
		at java.util.concurrent.Executors$RunnableAdapter.call(Executors.java:511)
		at java.util.concurrent.FutureTask.run(FutureTask.java:266)
		at org.apache.tomcat.util.threads.InlineExecutorService.execute(InlineExecutorService.java:75)
		at java.util.concurrent.AbstractExecutorService.submit(AbstractExecutorService.java:112)
		at org.apache.catalina.startup.HostConfig.deployDescriptors(HostConfig.java:575)
		at org.apache.catalina.startup.HostConfig.deployApps(HostConfig.java:466)
		at org.apache.catalina.startup.HostConfig.start(HostConfig.java:1584)
		at org.apache.catalina.startup.HostConfig.lifecycleEvent(HostConfig.java:312)
		at org.apache.catalina.util.LifecycleBase.fireLifecycleEvent(LifecycleBase.java:114)
		at org.apache.catalina.util.LifecycleBase.setStateInternal(LifecycleBase.java:402)
		at org.apache.catalina.util.LifecycleBase.setState(LifecycleBase.java:345)
		at org.apache.catalina.core.ContainerBase.startInternal(ContainerBase.java:776)
		at org.apache.catalina.core.StandardHost.startInternal(StandardHost.java:721)
		at org.apache.catalina.util.LifecycleBase.start(LifecycleBase.java:171)
		at org.apache.catalina.core.ContainerBase$StartChild.call(ContainerBase.java:1203)
		at org.apache.catalina.core.ContainerBase$StartChild.call(ContainerBase.java:1193)
		at java.util.concurrent.FutureTask.run(FutureTask.java:266)
		at org.apache.tomcat.util.threads.InlineExecutorService.execute(InlineExecutorService.java:75)
		at java.util.concurrent.AbstractExecutorService.submit(AbstractExecutorService.java:134)
		at org.apache.catalina.core.ContainerBase.startInternal(ContainerBase.java:749)
		at org.apache.catalina.core.StandardEngine.startInternal(StandardEngine.java:211)
		at org.apache.catalina.util.LifecycleBase.start(LifecycleBase.java:171)
		at org.apache.catalina.core.StandardService.startInternal(StandardService.java:415)
		at org.apache.catalina.util.LifecycleBase.start(LifecycleBase.java:171)
		at org.apache.catalina.core.StandardServer.startInternal(StandardServer.java:878)
		at org.apache.catalina.util.LifecycleBase.start(LifecycleBase.java:171)
		at org.apache.catalina.startup.Catalina.start(Catalina.java:735)
		at sun.reflect.NativeMethodAccessorImpl.invoke0(Native Method)
		at sun.reflect.NativeMethodAccessorImpl.invoke(NativeMethodAccessorImpl.java:62)
		at sun.reflect.DelegatingMethodAccessorImpl.invoke(DelegatingMethodAccessorImpl.java:43)
		at java.lang.reflect.Method.invoke(Method.java:498)
		at org.apache.catalina.startup.Bootstrap.start(Bootstrap.java:345)
		at org.apache.catalina.startup.Bootstrap.main(Bootstrap.java:473)
	Caused by: org.apache.catalina.LifecycleException: Failed to start component [org.apache.catalina.webresources.StandardRoot@2fe88a09]
		at org.apache.catalina.util.LifecycleBase.handleSubClassException(LifecycleBase.java:419)
		at org.apache.catalina.util.LifecycleBase.start(LifecycleBase.java:186)
		at org.apache.catalina.core.StandardContext.resourcesStart(StandardContext.java:4120)
		at org.apache.catalina.core.StandardContext.startInternal(StandardContext.java:4242)
		at org.apache.catalina.util.LifecycleBase.start(LifecycleBase.java:171)
		at org.apache.catalina.core.ContainerBase.addChildInternal(ContainerBase.java:599)
		... 37 more
	Caused by: java.lang.IllegalArgumentException: The main resource set specified [C:\Users\Marlon\Documents\NetBeansProjects\WebApplication1\build\web] is not a directory or war file, or is not readable (it does not exist or permissions to access it are missing)
		at org.apache.catalina.webresources.StandardRoot.createMainResourceSet(StandardRoot.java:749)
		at org.apache.catalina.webresources.StandardRoot.startInternal(StandardRoot.java:707)
		at org.apache.catalina.util.LifecycleBase.start(LifecycleBase.java:171)
		... 41 more
26-Jun-2025 21:06:41.670 INFORMACIÓN [main] org.apache.catalina.startup.HostConfig.deployDescriptor Deployment of deployment descriptor [C:\Users\Marlon\apache-tomcat-9.0.89\conf\Catalina\localhost\WebApplication1.xml] has finished in [58] ms
26-Jun-2025 21:06:41.671 INFORMACIÓN [main] org.apache.catalina.startup.HostConfig.deployDirectory Desplegando el directorio [C:\Users\Marlon\apache-tomcat-9.0.89\webapps\docs] de la aplicación web
26-Jun-2025 21:06:41.710 INFORMACIÓN [main] org.apache.catalina.startup.HostConfig.deployDirectory Deployment of web application directory [C:\Users\Marlon\apache-tomcat-9.0.89\webapps\docs] has finished in [39] ms
26-Jun-2025 21:06:41.710 INFORMACIÓN [main] org.apache.catalina.startup.HostConfig.deployDirectory Desplegando el directorio [C:\Users\Marlon\apache-tomcat-9.0.89\webapps\examples] de la aplicación web
26-Jun-2025 21:06:42.106 INFORMACIÓN [main] org.apache.catalina.startup.HostConfig.deployDirectory Deployment of web application directory [C:\Users\Marlon\apache-tomcat-9.0.89\webapps\examples] has finished in [396] ms
26-Jun-2025 21:06:42.106 INFORMACIÓN [main] org.apache.catalina.startup.HostConfig.deployDirectory Desplegando el directorio [C:\Users\Marlon\apache-tomcat-9.0.89\webapps\host-manager] de la aplicación web
26-Jun-2025 21:06:42.145 INFORMACIÓN [main] org.apache.catalina.startup.HostConfig.deployDirectory Deployment of web application directory [C:\Users\Marlon\apache-tomcat-9.0.89\webapps\host-manager] has finished in [39] ms
26-Jun-2025 21:06:42.145 INFORMACIÓN [main] org.apache.catalina.startup.HostConfig.deployDirectory Desplegando el directorio [C:\Users\Marlon\apache-tomcat-9.0.89\webapps\manager] de la aplicación web
26-Jun-2025 21:06:42.174 INFORMACIÓN [main] org.apache.catalina.startup.HostConfig.deployDirectory Deployment of web application directory [C:\Users\Marlon\apache-tomcat-9.0.89\webapps\manager] has finished in [29] ms
26-Jun-2025 21:06:42.175 INFORMACIÓN [main] org.apache.catalina.startup.HostConfig.deployDirectory Desplegando el directorio [C:\Users\Marlon\apache-tomcat-9.0.89\webapps\ROOT] de la aplicación web
26-Jun-2025 21:06:42.198 INFORMACIÓN [main] org.apache.catalina.startup.HostConfig.deployDirectory Deployment of web application directory [C:\Users\Marlon\apache-tomcat-9.0.89\webapps\ROOT] has finished in [23] ms
26-Jun-2025 21:06:42.202 INFORMACIÓN [main] org.apache.coyote.AbstractProtocol.start Starting ProtocolHandler ["http-nio-8080"]
26-Jun-2025 21:06:42.216 INFORMACIÓN [main] org.apache.catalina.startup.Catalina.start Server startup in [1809] milliseconds
26-Jun-2025 21:06:42.835 INFORMACIÓN [http-nio-8080-exec-7] org.apache.catalina.startup.HostConfig.undeploy Repliegue (undeploy) de la aplicación web que tiene como trayectoria de contexto [/PlantiSHOP]
26-Jun-2025 21:06:42.901 INFORMACIÓN [http-nio-8080-exec-3] org.apache.catalina.startup.HostConfig.deployDescriptor Desplieque del descriptor de configuración [C:\Users\Marlon\apache-tomcat-9.0.89\conf\Catalina\localhost\PlantiSHOP.xml]
26-Jun-2025 21:06:42.902 ADVERTENCIA [http-nio-8080-exec-3] org.apache.catalina.startup.HostConfig.deployDescriptor The path attribute with value [/PlantiSHOP] in deployment descriptor [C:\Users\Marlon\apache-tomcat-9.0.89\conf\Catalina\localhost\PlantiSHOP.xml] has been ignored
26-Jun-2025 21:06:43.577 INFORMACIÓN [http-nio-8080-exec-3] org.apache.jasper.servlet.TldScanner.scanJars Al menos un JAR, que se ha explorado buscando TLDs, aún no contenía TLDs. Activar historial de depuración para este historiador para una completa lista de los JARs que fueron explorados y de los que nos se halló TLDs. Saltarse JARs no necesarios durante la exploración puede dar lugar a una mejora de tiempo significativa en el arranque y compilación de JSP .
26-Jun-2025 21:06:43.581 INFORMACIÓN [http-nio-8080-exec-3] org.apache.catalina.startup.HostConfig.deployDescriptor Deployment of deployment descriptor [C:\Users\Marlon\apache-tomcat-9.0.89\conf\Catalina\localhost\PlantiSHOP.xml] has finished in [680] ms
26-Jun-2025 21:06:43.584 INFORMACIÓN [http-nio-8080-exec-6] org.apache.catalina.util.LifecycleBase.start The start() method was called on component [StandardEngine[Catalina].StandardHost[localhost].StandardContext[/PlantiSHOP]] after start() had already been called. The second call will be ignored.
26-Jun-2025 21:08:45.015 INFORMACIÓN [main] org.apache.catalina.core.StandardServer.await Se ha recibido un comando de apagado a través del puerto de apagado. Parando la instancia del Servidor.
26-Jun-2025 21:08:45.015 INFORMACIÓN [main] org.apache.coyote.AbstractProtocol.pause Pausing ProtocolHandler ["http-nio-8080"]
26-Jun-2025 21:08:45.185 INFORMACIÓN [main] org.apache.catalina.core.StandardService.stopInternal Parando servicio [Catalina]
26-Jun-2025 21:08:45.202 ADVERTENCIA [main] org.apache.catalina.loader.WebappClassLoaderBase.clearReferencesJdbc La aplicación web [PlantiSHOP] registró el conductor JDBC [com.mysql.cj.jdbc.Driver] pero falló al anular el registro mientras la aplicación web estaba parada. Para prevenir un fallo de memoria, se ha anulado el registro del conductor JDBC por la fuerza.
26-Jun-2025 21:08:45.202 ADVERTENCIA [main] org.apache.catalina.loader.WebappClassLoaderBase.clearReferencesThreads The web application [PlantiSHOP] appears to have started a thread named [mysql-cj-abandoned-connection-cleanup] but has failed to stop it. This is very likely to create a memory leak. Stack trace of thread:
 java.lang.Object.wait(Native Method)
 java.lang.ref.ReferenceQueue.remove(ReferenceQueue.java:150)
 com.mysql.cj.jdbc.AbandonedConnectionCleanupThread.run(AbandonedConnectionCleanupThread.java:93)
 java.util.concurrent.ThreadPoolExecutor.runWorker(ThreadPoolExecutor.java:1149)
 java.util.concurrent.ThreadPoolExecutor$Worker.run(ThreadPoolExecutor.java:624)
 java.lang.Thread.run(Thread.java:750)
26-Jun-2025 21:08:45.208 INFORMACIÓN [main] org.apache.coyote.AbstractProtocol.stop Stopping ProtocolHandler ["http-nio-8080"]
26-Jun-2025 21:08:45.221 INFORMACIÓN [main] org.apache.coyote.AbstractProtocol.destroy Destroying ProtocolHandler ["http-nio-8080"]
26-Jun-2025 21:25:53.272 INFORMACIÓN [main] org.apache.catalina.startup.VersionLoggerListener.log Nombre de la versión del servidor: Apache Tomcat/9.0.89
26-Jun-2025 21:25:53.275 INFORMACIÓN [main] org.apache.catalina.startup.VersionLoggerListener.log Server built:                      May 3 2024 20:22:11 UTC
26-Jun-2025 21:25:53.275 INFORMACIÓN [main] org.apache.catalina.startup.VersionLoggerListener.log Número de versión de servidor:     9.0.89.0
26-Jun-2025 21:25:53.275 INFORMACIÓN [main] org.apache.catalina.startup.VersionLoggerListener.log OS Name:                           Windows 11
26-Jun-2025 21:25:53.275 INFORMACIÓN [main] org.apache.catalina.startup.VersionLoggerListener.log Versión de Systema Operativo:      10.0
26-Jun-2025 21:25:53.275 INFORMACIÓN [main] org.apache.catalina.startup.VersionLoggerListener.log Arquitectura:                      amd64
26-Jun-2025 21:25:53.276 INFORMACIÓN [main] org.apache.catalina.startup.VersionLoggerListener.log Java Home:                         C:\Program Files\Java\jdk-1.8\jre
26-Jun-2025 21:25:53.276 INFORMACIÓN [main] org.apache.catalina.startup.VersionLoggerListener.log JVM Version:                       1.8.0_381-b09
26-Jun-2025 21:25:53.276 INFORMACIÓN [main] org.apache.catalina.startup.VersionLoggerListener.log Vededor JVM:                       Oracle Corporation
26-Jun-2025 21:25:53.276 INFORMACIÓN [main] org.apache.catalina.startup.VersionLoggerListener.log CATALINA_BASE:                     C:\Users\Marlon\apache-tomcat-9.0.89
26-Jun-2025 21:25:53.276 INFORMACIÓN [main] org.apache.catalina.startup.VersionLoggerListener.log CATALINA_HOME:                     C:\Users\Marlon\apache-tomcat-9.0.89
26-Jun-2025 21:25:53.278 INFORMACIÓN [main] org.apache.catalina.startup.VersionLoggerListener.log Command line argument:             -Djava.util.logging.config.file=C:\Users\Marlon\apache-tomcat-9.0.89\conf\logging.properties
26-Jun-2025 21:25:53.278 INFORMACIÓN [main] org.apache.catalina.startup.VersionLoggerListener.log Command line argument:             -Djava.util.logging.manager=org.apache.juli.ClassLoaderLogManager
26-Jun-2025 21:25:53.278 INFORMACIÓN [main] org.apache.catalina.startup.VersionLoggerListener.log Command line argument:             -Djdk.tls.ephemeralDHKeySize=2048
26-Jun-2025 21:25:53.278 INFORMACIÓN [main] org.apache.catalina.startup.VersionLoggerListener.log Command line argument:             -Djava.protocol.handler.pkgs=org.apache.catalina.webresources
26-Jun-2025 21:25:53.278 INFORMACIÓN [main] org.apache.catalina.startup.VersionLoggerListener.log Command line argument:             -Dignore.endorsed.dirs=
26-Jun-2025 21:25:53.280 INFORMACIÓN [main] org.apache.catalina.startup.VersionLoggerListener.log Command line argument:             -Dcatalina.base=C:\Users\Marlon\apache-tomcat-9.0.89
26-Jun-2025 21:25:53.280 INFORMACIÓN [main] org.apache.catalina.startup.VersionLoggerListener.log Command line argument:             -Dcatalina.home=C:\Users\Marlon\apache-tomcat-9.0.89
26-Jun-2025 21:25:53.280 INFORMACIÓN [main] org.apache.catalina.startup.VersionLoggerListener.log Command line argument:             -Djava.io.tmpdir=C:\Users\Marlon\apache-tomcat-9.0.89\temp
26-Jun-2025 21:25:53.284 INFORMACIÓN [main] org.apache.catalina.core.AprLifecycleListener.lifecycleEvent Cargada la biblioteca nativa APR de Apache Tomcat [1.3.0] con la versión APR [1.7.4].
26-Jun-2025 21:25:53.284 INFORMACIÓN [main] org.apache.catalina.core.AprLifecycleListener.lifecycleEvent Capacidades APR: IPv6 [true], enviar fichero [true], aceptar filtros [false], aleatorio [true], UDS [true].
26-Jun-2025 21:25:53.284 INFORMACIÓN [main] org.apache.catalina.core.AprLifecycleListener.lifecycleEvent APR/OpenSSL configuration: useAprConnector [false], useOpenSSL [true]
26-Jun-2025 21:25:53.292 INFORMACIÓN [main] org.apache.catalina.core.AprLifecycleListener.initializeSSL OpenSSL inicializado correctamente [OpenSSL 3.0.13 30 Jan 2024]
26-Jun-2025 21:25:53.645 INFORMACIÓN [main] org.apache.coyote.AbstractProtocol.init Inicializando el manejador de protocolo ["http-nio-8080"]

26-Jun-2025 21:25:53.663 INFORMACIÓN [main] org.apache.catalina.startup.Catalina.load Server initialization in [559] milliseconds
26-Jun-2025 21:25:53.696 INFORMACIÓN [main] org.apache.catalina.core.StandardService.startInternal Arrancando servicio [Catalina]
26-Jun-2025 21:25:53.696 INFORMACIÓN [main] org.apache.catalina.core.StandardEngine.startInternal Starting Servlet engine: [Apache Tomcat/9.0.89]
26-Jun-2025 21:25:53.704 INFORMACIÓN [main] org.apache.catalina.startup.HostConfig.deployDescriptor Desplieque del descriptor de configuración [C:\Users\Marlon\apache-tomcat-9.0.89\conf\Catalina\localhost\Beyond.xml]
26-Jun-2025 21:25:53.734 ADVERTENCIA [main] org.apache.catalina.startup.HostConfig.deployDescriptor The path attribute with value [/Beyond] in deployment descriptor [C:\Users\Marlon\apache-tomcat-9.0.89\conf\Catalina\localhost\Beyond.xml] has been ignored
26-Jun-2025 21:25:53.760 GRAVE [main] org.apache.catalina.startup.HostConfig.deployDescriptor Error durante el despliegue del descriptor de configuración [C:\Users\Marlon\apache-tomcat-9.0.89\conf\Catalina\localhost\Beyond.xml]
	java.lang.IllegalStateException: Error starting child
		at org.apache.catalina.core.ContainerBase.addChildInternal(ContainerBase.java:602)
		at org.apache.catalina.core.ContainerBase.addChild(ContainerBase.java:571)
		at org.apache.catalina.core.StandardHost.addChild(StandardHost.java:603)
		at org.apache.catalina.startup.HostConfig.deployDescriptor(HostConfig.java:680)
		at org.apache.catalina.startup.HostConfig$DeployDescriptor.run(HostConfig.java:1844)
		at java.util.concurrent.Executors$RunnableAdapter.call(Executors.java:511)
		at java.util.concurrent.FutureTask.run(FutureTask.java:266)
		at org.apache.tomcat.util.threads.InlineExecutorService.execute(InlineExecutorService.java:75)
		at java.util.concurrent.AbstractExecutorService.submit(AbstractExecutorService.java:112)
		at org.apache.catalina.startup.HostConfig.deployDescriptors(HostConfig.java:575)
		at org.apache.catalina.startup.HostConfig.deployApps(HostConfig.java:466)
		at org.apache.catalina.startup.HostConfig.start(HostConfig.java:1584)
		at org.apache.catalina.startup.HostConfig.lifecycleEvent(HostConfig.java:312)
		at org.apache.catalina.util.LifecycleBase.fireLifecycleEvent(LifecycleBase.java:114)
		at org.apache.catalina.util.LifecycleBase.setStateInternal(LifecycleBase.java:402)
		at org.apache.catalina.util.LifecycleBase.setState(LifecycleBase.java:345)
		at org.apache.catalina.core.ContainerBase.startInternal(ContainerBase.java:776)
		at org.apache.catalina.core.StandardHost.startInternal(StandardHost.java:721)
		at org.apache.catalina.util.LifecycleBase.start(LifecycleBase.java:171)
		at org.apache.catalina.core.ContainerBase$StartChild.call(ContainerBase.java:1203)
		at org.apache.catalina.core.ContainerBase$StartChild.call(ContainerBase.java:1193)
		at java.util.concurrent.FutureTask.run(FutureTask.java:266)
		at org.apache.tomcat.util.threads.InlineExecutorService.execute(InlineExecutorService.java:75)
		at java.util.concurrent.AbstractExecutorService.submit(AbstractExecutorService.java:134)
		at org.apache.catalina.core.ContainerBase.startInternal(ContainerBase.java:749)
		at org.apache.catalina.core.StandardEngine.startInternal(StandardEngine.java:211)
		at org.apache.catalina.util.LifecycleBase.start(LifecycleBase.java:171)
		at org.apache.catalina.core.StandardService.startInternal(StandardService.java:415)
		at org.apache.catalina.util.LifecycleBase.start(LifecycleBase.java:171)
		at org.apache.catalina.core.StandardServer.startInternal(StandardServer.java:878)
		at org.apache.catalina.util.LifecycleBase.start(LifecycleBase.java:171)
		at org.apache.catalina.startup.Catalina.start(Catalina.java:735)
		at sun.reflect.NativeMethodAccessorImpl.invoke0(Native Method)
		at sun.reflect.NativeMethodAccessorImpl.invoke(NativeMethodAccessorImpl.java:62)
		at sun.reflect.DelegatingMethodAccessorImpl.invoke(DelegatingMethodAccessorImpl.java:43)
		at java.lang.reflect.Method.invoke(Method.java:498)
		at org.apache.catalina.startup.Bootstrap.start(Bootstrap.java:345)
		at org.apache.catalina.startup.Bootstrap.main(Bootstrap.java:473)
	Caused by: org.apache.catalina.LifecycleException: Failed to start component [org.apache.catalina.webresources.StandardRoot@69379752]
		at org.apache.catalina.util.LifecycleBase.handleSubClassException(LifecycleBase.java:419)
		at org.apache.catalina.util.LifecycleBase.start(LifecycleBase.java:186)
		at org.apache.catalina.core.StandardContext.resourcesStart(StandardContext.java:4120)
		at org.apache.catalina.core.StandardContext.startInternal(StandardContext.java:4242)
		at org.apache.catalina.util.LifecycleBase.start(LifecycleBase.java:171)
		at org.apache.catalina.core.ContainerBase.addChildInternal(ContainerBase.java:599)
		... 37 more
	Caused by: java.lang.IllegalArgumentException: The main resource set specified [F:\LDS - Final\Beyond\build\web] is not a directory or war file, or is not readable (it does not exist or permissions to access it are missing)
		at org.apache.catalina.webresources.StandardRoot.createMainResourceSet(StandardRoot.java:749)
		at org.apache.catalina.webresources.StandardRoot.startInternal(StandardRoot.java:707)
		at org.apache.catalina.util.LifecycleBase.start(LifecycleBase.java:171)
		... 41 more
26-Jun-2025 21:25:53.781 INFORMACIÓN [main] org.apache.catalina.startup.HostConfig.deployDescriptor Deployment of deployment descriptor [C:\Users\Marlon\apache-tomcat-9.0.89\conf\Catalina\localhost\Beyond.xml] has finished in [76] ms
26-Jun-2025 21:25:53.782 INFORMACIÓN [main] org.apache.catalina.startup.HostConfig.deployDescriptor Desplieque del descriptor de configuración [C:\Users\Marlon\apache-tomcat-9.0.89\conf\Catalina\localhost\PlantiSHOP.xml]
26-Jun-2025 21:25:53.783 ADVERTENCIA [main] org.apache.catalina.startup.HostConfig.deployDescriptor The path attribute with value [/PlantiSHOP] in deployment descriptor [C:\Users\Marlon\apache-tomcat-9.0.89\conf\Catalina\localhost\PlantiSHOP.xml] has been ignored
26-Jun-2025 21:25:54.720 INFORMACIÓN [main] org.apache.jasper.servlet.TldScanner.scanJars Al menos un JAR, que se ha explorado buscando TLDs, aún no contenía TLDs. Activar historial de depuración para este historiador para una completa lista de los JARs que fueron explorados y de los que nos se halló TLDs. Saltarse JARs no necesarios durante la exploración puede dar lugar a una mejora de tiempo significativa en el arranque y compilación de JSP .
26-Jun-2025 21:25:54.919 ADVERTENCIA [main] org.apache.catalina.util.SessionIdGeneratorBase.createSecureRandom Creation of SecureRandom instance for session ID generation using [SHA1PRNG] took [175] milliseconds.
26-Jun-2025 21:25:54.973 INFORMACIÓN [main] org.apache.catalina.startup.HostConfig.deployDescriptor Deployment of deployment descriptor [C:\Users\Marlon\apache-tomcat-9.0.89\conf\Catalina\localhost\PlantiSHOP.xml] has finished in [1.191] ms
26-Jun-2025 21:25:54.973 INFORMACIÓN [main] org.apache.catalina.startup.HostConfig.deployDescriptor Desplieque del descriptor de configuración [C:\Users\Marlon\apache-tomcat-9.0.89\conf\Catalina\localhost\WebApplication1.xml]
26-Jun-2025 21:25:54.974 ADVERTENCIA [main] org.apache.catalina.startup.HostConfig.deployDescriptor The path attribute with value [/WebApplication1] in deployment descriptor [C:\Users\Marlon\apache-tomcat-9.0.89\conf\Catalina\localhost\WebApplication1.xml] has been ignored
26-Jun-2025 21:25:54.979 GRAVE [main] org.apache.catalina.startup.HostConfig.deployDescriptor Error durante el despliegue del descriptor de configuración [C:\Users\Marlon\apache-tomcat-9.0.89\conf\Catalina\localhost\WebApplication1.xml]
	java.lang.IllegalStateException: Error starting child
		at org.apache.catalina.core.ContainerBase.addChildInternal(ContainerBase.java:602)
		at org.apache.catalina.core.ContainerBase.addChild(ContainerBase.java:571)
		at org.apache.catalina.core.StandardHost.addChild(StandardHost.java:603)
		at org.apache.catalina.startup.HostConfig.deployDescriptor(HostConfig.java:680)
		at org.apache.catalina.startup.HostConfig$DeployDescriptor.run(HostConfig.java:1844)
		at java.util.concurrent.Executors$RunnableAdapter.call(Executors.java:511)
		at java.util.concurrent.FutureTask.run(FutureTask.java:266)
		at org.apache.tomcat.util.threads.InlineExecutorService.execute(InlineExecutorService.java:75)
		at java.util.concurrent.AbstractExecutorService.submit(AbstractExecutorService.java:112)
		at org.apache.catalina.startup.HostConfig.deployDescriptors(HostConfig.java:575)
		at org.apache.catalina.startup.HostConfig.deployApps(HostConfig.java:466)
		at org.apache.catalina.startup.HostConfig.start(HostConfig.java:1584)
		at org.apache.catalina.startup.HostConfig.lifecycleEvent(HostConfig.java:312)
		at org.apache.catalina.util.LifecycleBase.fireLifecycleEvent(LifecycleBase.java:114)
		at org.apache.catalina.util.LifecycleBase.setStateInternal(LifecycleBase.java:402)
		at org.apache.catalina.util.LifecycleBase.setState(LifecycleBase.java:345)
		at org.apache.catalina.core.ContainerBase.startInternal(ContainerBase.java:776)
		at org.apache.catalina.core.StandardHost.startInternal(StandardHost.java:721)
		at org.apache.catalina.util.LifecycleBase.start(LifecycleBase.java:171)
		at org.apache.catalina.core.ContainerBase$StartChild.call(ContainerBase.java:1203)
		at org.apache.catalina.core.ContainerBase$StartChild.call(ContainerBase.java:1193)
		at java.util.concurrent.FutureTask.run(FutureTask.java:266)
		at org.apache.tomcat.util.threads.InlineExecutorService.execute(InlineExecutorService.java:75)
		at java.util.concurrent.AbstractExecutorService.submit(AbstractExecutorService.java:134)
		at org.apache.catalina.core.ContainerBase.startInternal(ContainerBase.java:749)
		at org.apache.catalina.core.StandardEngine.startInternal(StandardEngine.java:211)
		at org.apache.catalina.util.LifecycleBase.start(LifecycleBase.java:171)
		at org.apache.catalina.core.StandardService.startInternal(StandardService.java:415)
		at org.apache.catalina.util.LifecycleBase.start(LifecycleBase.java:171)
		at org.apache.catalina.core.StandardServer.startInternal(StandardServer.java:878)
		at org.apache.catalina.util.LifecycleBase.start(LifecycleBase.java:171)
		at org.apache.catalina.startup.Catalina.start(Catalina.java:735)
		at sun.reflect.NativeMethodAccessorImpl.invoke0(Native Method)
		at sun.reflect.NativeMethodAccessorImpl.invoke(NativeMethodAccessorImpl.java:62)
		at sun.reflect.DelegatingMethodAccessorImpl.invoke(DelegatingMethodAccessorImpl.java:43)
		at java.lang.reflect.Method.invoke(Method.java:498)
		at org.apache.catalina.startup.Bootstrap.start(Bootstrap.java:345)
		at org.apache.catalina.startup.Bootstrap.main(Bootstrap.java:473)
	Caused by: org.apache.catalina.LifecycleException: Failed to start component [org.apache.catalina.webresources.StandardRoot@4f20a5e0]
		at org.apache.catalina.util.LifecycleBase.handleSubClassException(LifecycleBase.java:419)
		at org.apache.catalina.util.LifecycleBase.start(LifecycleBase.java:186)
		at org.apache.catalina.core.StandardContext.resourcesStart(StandardContext.java:4120)
		at org.apache.catalina.core.StandardContext.startInternal(StandardContext.java:4242)
		at org.apache.catalina.util.LifecycleBase.start(LifecycleBase.java:171)
		at org.apache.catalina.core.ContainerBase.addChildInternal(ContainerBase.java:599)
		... 37 more
	Caused by: java.lang.IllegalArgumentException: The main resource set specified [C:\Users\Marlon\Documents\NetBeansProjects\WebApplication1\build\web] is not a directory or war file, or is not readable (it does not exist or permissions to access it are missing)
		at org.apache.catalina.webresources.StandardRoot.createMainResourceSet(StandardRoot.java:749)
		at org.apache.catalina.webresources.StandardRoot.startInternal(StandardRoot.java:707)
		at org.apache.catalina.util.LifecycleBase.start(LifecycleBase.java:171)
		... 41 more
26-Jun-2025 21:25:54.980 INFORMACIÓN [main] org.apache.catalina.startup.HostConfig.deployDescriptor Deployment of deployment descriptor [C:\Users\Marlon\apache-tomcat-9.0.89\conf\Catalina\localhost\WebApplication1.xml] has finished in [7] ms
26-Jun-2025 21:25:54.982 INFORMACIÓN [main] org.apache.catalina.startup.HostConfig.deployDirectory Desplegando el directorio [C:\Users\Marlon\apache-tomcat-9.0.89\webapps\docs] de la aplicación web
26-Jun-2025 21:25:55.018 INFORMACIÓN [main] org.apache.catalina.startup.HostConfig.deployDirectory Deployment of web application directory [C:\Users\Marlon\apache-tomcat-9.0.89\webapps\docs] has finished in [36] ms
26-Jun-2025 21:25:55.019 INFORMACIÓN [main] org.apache.catalina.startup.HostConfig.deployDirectory Desplegando el directorio [C:\Users\Marlon\apache-tomcat-9.0.89\webapps\examples] de la aplicación web
26-Jun-2025 21:25:55.383 INFORMACIÓN [main] org.apache.catalina.startup.HostConfig.deployDirectory Deployment of web application directory [C:\Users\Marlon\apache-tomcat-9.0.89\webapps\examples] has finished in [365] ms
26-Jun-2025 21:25:55.383 INFORMACIÓN [main] org.apache.catalina.startup.HostConfig.deployDirectory Desplegando el directorio [C:\Users\Marlon\apache-tomcat-9.0.89\webapps\host-manager] de la aplicación web
26-Jun-2025 21:25:55.440 INFORMACIÓN [main] org.apache.catalina.startup.HostConfig.deployDirectory Deployment of web application directory [C:\Users\Marlon\apache-tomcat-9.0.89\webapps\host-manager] has finished in [56] ms
26-Jun-2025 21:25:55.440 INFORMACIÓN [main] org.apache.catalina.startup.HostConfig.deployDirectory Desplegando el directorio [C:\Users\Marlon\apache-tomcat-9.0.89\webapps\manager] de la aplicación web
26-Jun-2025 21:25:55.488 INFORMACIÓN [main] org.apache.catalina.startup.HostConfig.deployDirectory Deployment of web application directory [C:\Users\Marlon\apache-tomcat-9.0.89\webapps\manager] has finished in [48] ms
26-Jun-2025 21:25:55.488 INFORMACIÓN [main] org.apache.catalina.startup.HostConfig.deployDirectory Desplegando el directorio [C:\Users\Marlon\apache-tomcat-9.0.89\webapps\ROOT] de la aplicación web
26-Jun-2025 21:25:55.514 INFORMACIÓN [main] org.apache.catalina.startup.HostConfig.deployDirectory Deployment of web application directory [C:\Users\Marlon\apache-tomcat-9.0.89\webapps\ROOT] has finished in [26] ms
26-Jun-2025 21:25:55.517 INFORMACIÓN [main] org.apache.coyote.AbstractProtocol.start Starting ProtocolHandler ["http-nio-8080"]
26-Jun-2025 21:25:55.531 INFORMACIÓN [main] org.apache.catalina.startup.Catalina.start Server startup in [1866] milliseconds
26-Jun-2025 21:25:56.151 INFORMACIÓN [http-nio-8080-exec-7] org.apache.catalina.startup.HostConfig.undeploy Repliegue (undeploy) de la aplicación web que tiene como trayectoria de contexto [/PlantiSHOP]
26-Jun-2025 21:25:56.186 INFORMACIÓN [http-nio-8080-exec-4] org.apache.catalina.startup.HostConfig.deployDescriptor Desplieque del descriptor de configuración [C:\Users\Marlon\apache-tomcat-9.0.89\conf\Catalina\localhost\PlantiSHOP.xml]
26-Jun-2025 21:25:56.188 ADVERTENCIA [http-nio-8080-exec-4] org.apache.catalina.startup.HostConfig.deployDescriptor The path attribute with value [/PlantiSHOP] in deployment descriptor [C:\Users\Marlon\apache-tomcat-9.0.89\conf\Catalina\localhost\PlantiSHOP.xml] has been ignored
26-Jun-2025 21:25:56.856 INFORMACIÓN [http-nio-8080-exec-4] org.apache.jasper.servlet.TldScanner.scanJars Al menos un JAR, que se ha explorado buscando TLDs, aún no contenía TLDs. Activar historial de depuración para este historiador para una completa lista de los JARs que fueron explorados y de los que nos se halló TLDs. Saltarse JARs no necesarios durante la exploración puede dar lugar a una mejora de tiempo significativa en el arranque y compilación de JSP .
26-Jun-2025 21:25:56.861 INFORMACIÓN [http-nio-8080-exec-4] org.apache.catalina.startup.HostConfig.deployDescriptor Deployment of deployment descriptor [C:\Users\Marlon\apache-tomcat-9.0.89\conf\Catalina\localhost\PlantiSHOP.xml] has finished in [674] ms
26-Jun-2025 21:25:56.864 INFORMACIÓN [http-nio-8080-exec-10] org.apache.catalina.util.LifecycleBase.start The start() method was called on component [StandardEngine[Catalina].StandardHost[localhost].StandardContext[/PlantiSHOP]] after start() had already been called. The second call will be ignored.
26-Jun-2025 21:47:56.679 INFORMACIÓN [main] org.apache.catalina.core.StandardServer.await Se ha recibido un comando de apagado a través del puerto de apagado. Parando la instancia del Servidor.
26-Jun-2025 21:47:56.681 INFORMACIÓN [main] org.apache.coyote.AbstractProtocol.pause Pausing ProtocolHandler ["http-nio-8080"]
26-Jun-2025 21:47:56.849 INFORMACIÓN [main] org.apache.catalina.core.StandardService.stopInternal Parando servicio [Catalina]
26-Jun-2025 21:47:56.864 ADVERTENCIA [main] org.apache.catalina.loader.WebappClassLoaderBase.clearReferencesJdbc La aplicación web [PlantiSHOP] registró el conductor JDBC [com.mysql.cj.jdbc.Driver] pero falló al anular el registro mientras la aplicación web estaba parada. Para prevenir un fallo de memoria, se ha anulado el registro del conductor JDBC por la fuerza.
26-Jun-2025 21:47:56.864 ADVERTENCIA [main] org.apache.catalina.loader.WebappClassLoaderBase.clearReferencesThreads The web application [PlantiSHOP] appears to have started a thread named [mysql-cj-abandoned-connection-cleanup] but has failed to stop it. This is very likely to create a memory leak. Stack trace of thread:
 java.lang.Object.wait(Native Method)
 java.lang.ref.ReferenceQueue.remove(ReferenceQueue.java:150)
 com.mysql.cj.jdbc.AbandonedConnectionCleanupThread.run(AbandonedConnectionCleanupThread.java:93)
 java.util.concurrent.ThreadPoolExecutor.runWorker(ThreadPoolExecutor.java:1149)
 java.util.concurrent.ThreadPoolExecutor$Worker.run(ThreadPoolExecutor.java:624)
 java.lang.Thread.run(Thread.java:750)
26-Jun-2025 21:47:56.869 INFORMACIÓN [main] org.apache.coyote.AbstractProtocol.stop Stopping ProtocolHandler ["http-nio-8080"]
26-Jun-2025 21:47:56.875 INFORMACIÓN [main] org.apache.coyote.AbstractProtocol.destroy Destroying ProtocolHandler ["http-nio-8080"]
26-Jun-2025 23:11:42.722 INFORMACIÓN [main] org.apache.catalina.startup.VersionLoggerListener.log Nombre de la versión del servidor: Apache Tomcat/9.0.89
26-Jun-2025 23:11:42.726 INFORMACIÓN [main] org.apache.catalina.startup.VersionLoggerListener.log Server built:                      May 3 2024 20:22:11 UTC
26-Jun-2025 23:11:42.726 INFORMACIÓN [main] org.apache.catalina.startup.VersionLoggerListener.log Número de versión de servidor:     9.0.89.0
26-Jun-2025 23:11:42.726 INFORMACIÓN [main] org.apache.catalina.startup.VersionLoggerListener.log OS Name:                           Windows 11
26-Jun-2025 23:11:42.726 INFORMACIÓN [main] org.apache.catalina.startup.VersionLoggerListener.log Versión de Systema Operativo:      10.0
26-Jun-2025 23:11:42.726 INFORMACIÓN [main] org.apache.catalina.startup.VersionLoggerListener.log Arquitectura:                      amd64
26-Jun-2025 23:11:42.726 INFORMACIÓN [main] org.apache.catalina.startup.VersionLoggerListener.log Java Home:                         C:\Program Files\Java\jdk-1.8\jre
26-Jun-2025 23:11:42.726 INFORMACIÓN [main] org.apache.catalina.startup.VersionLoggerListener.log JVM Version:                       1.8.0_381-b09
26-Jun-2025 23:11:42.726 INFORMACIÓN [main] org.apache.catalina.startup.VersionLoggerListener.log Vededor JVM:                       Oracle Corporation
26-Jun-2025 23:11:42.727 INFORMACIÓN [main] org.apache.catalina.startup.VersionLoggerListener.log CATALINA_BASE:                     C:\Users\Marlon\apache-tomcat-9.0.89
26-Jun-2025 23:11:42.727 INFORMACIÓN [main] org.apache.catalina.startup.VersionLoggerListener.log CATALINA_HOME:                     C:\Users\Marlon\apache-tomcat-9.0.89
26-Jun-2025 23:11:42.729 INFORMACIÓN [main] org.apache.catalina.startup.VersionLoggerListener.log Command line argument:             -Djava.util.logging.config.file=C:\Users\Marlon\apache-tomcat-9.0.89\conf\logging.properties
26-Jun-2025 23:11:42.729 INFORMACIÓN [main] org.apache.catalina.startup.VersionLoggerListener.log Command line argument:             -Djava.util.logging.manager=org.apache.juli.ClassLoaderLogManager
26-Jun-2025 23:11:42.729 INFORMACIÓN [main] org.apache.catalina.startup.VersionLoggerListener.log Command line argument:             -Djdk.tls.ephemeralDHKeySize=2048
26-Jun-2025 23:11:42.729 INFORMACIÓN [main] org.apache.catalina.startup.VersionLoggerListener.log Command line argument:             -Djava.protocol.handler.pkgs=org.apache.catalina.webresources
26-Jun-2025 23:11:42.729 INFORMACIÓN [main] org.apache.catalina.startup.VersionLoggerListener.log Command line argument:             -Dignore.endorsed.dirs=
26-Jun-2025 23:11:42.729 INFORMACIÓN [main] org.apache.catalina.startup.VersionLoggerListener.log Command line argument:             -Dcatalina.base=C:\Users\Marlon\apache-tomcat-9.0.89
26-Jun-2025 23:11:42.729 INFORMACIÓN [main] org.apache.catalina.startup.VersionLoggerListener.log Command line argument:             -Dcatalina.home=C:\Users\Marlon\apache-tomcat-9.0.89
26-Jun-2025 23:11:42.729 INFORMACIÓN [main] org.apache.catalina.startup.VersionLoggerListener.log Command line argument:             -Djava.io.tmpdir=C:\Users\Marlon\apache-tomcat-9.0.89\temp
26-Jun-2025 23:11:42.741 INFORMACIÓN [main] org.apache.catalina.core.AprLifecycleListener.lifecycleEvent Cargada la biblioteca nativa APR de Apache Tomcat [1.3.0] con la versión APR [1.7.4].
26-Jun-2025 23:11:42.741 INFORMACIÓN [main] org.apache.catalina.core.AprLifecycleListener.lifecycleEvent Capacidades APR: IPv6 [true], enviar fichero [true], aceptar filtros [false], aleatorio [true], UDS [true].
26-Jun-2025 23:11:42.741 INFORMACIÓN [main] org.apache.catalina.core.AprLifecycleListener.lifecycleEvent APR/OpenSSL configuration: useAprConnector [false], useOpenSSL [true]
26-Jun-2025 23:11:42.787 INFORMACIÓN [main] org.apache.catalina.core.AprLifecycleListener.initializeSSL OpenSSL inicializado correctamente [OpenSSL 3.0.13 30 Jan 2024]
26-Jun-2025 23:11:43.289 INFORMACIÓN [main] org.apache.coyote.AbstractProtocol.init Inicializando el manejador de protocolo ["http-nio-8080"]

26-Jun-2025 23:11:43.314 INFORMACIÓN [main] org.apache.catalina.startup.Catalina.load Server initialization in [800] milliseconds
26-Jun-2025 23:11:43.357 INFORMACIÓN [main] org.apache.catalina.core.StandardService.startInternal Arrancando servicio [Catalina]
26-Jun-2025 23:11:43.359 INFORMACIÓN [main] org.apache.catalina.core.StandardEngine.startInternal Starting Servlet engine: [Apache Tomcat/9.0.89]
26-Jun-2025 23:11:43.367 INFORMACIÓN [main] org.apache.catalina.startup.HostConfig.deployDescriptor Desplieque del descriptor de configuración [C:\Users\Marlon\apache-tomcat-9.0.89\conf\Catalina\localhost\Beyond.xml]
26-Jun-2025 23:11:43.386 ADVERTENCIA [main] org.apache.catalina.startup.HostConfig.deployDescriptor The path attribute with value [/Beyond] in deployment descriptor [C:\Users\Marlon\apache-tomcat-9.0.89\conf\Catalina\localhost\Beyond.xml] has been ignored
26-Jun-2025 23:11:43.412 GRAVE [main] org.apache.catalina.startup.HostConfig.deployDescriptor Error durante el despliegue del descriptor de configuración [C:\Users\Marlon\apache-tomcat-9.0.89\conf\Catalina\localhost\Beyond.xml]
	java.lang.IllegalStateException: Error starting child
		at org.apache.catalina.core.ContainerBase.addChildInternal(ContainerBase.java:602)
		at org.apache.catalina.core.ContainerBase.addChild(ContainerBase.java:571)
		at org.apache.catalina.core.StandardHost.addChild(StandardHost.java:603)
		at org.apache.catalina.startup.HostConfig.deployDescriptor(HostConfig.java:680)
		at org.apache.catalina.startup.HostConfig$DeployDescriptor.run(HostConfig.java:1844)
		at java.util.concurrent.Executors$RunnableAdapter.call(Executors.java:511)
		at java.util.concurrent.FutureTask.run(FutureTask.java:266)
		at org.apache.tomcat.util.threads.InlineExecutorService.execute(InlineExecutorService.java:75)
		at java.util.concurrent.AbstractExecutorService.submit(AbstractExecutorService.java:112)
		at org.apache.catalina.startup.HostConfig.deployDescriptors(HostConfig.java:575)
		at org.apache.catalina.startup.HostConfig.deployApps(HostConfig.java:466)
		at org.apache.catalina.startup.HostConfig.start(HostConfig.java:1584)
		at org.apache.catalina.startup.HostConfig.lifecycleEvent(HostConfig.java:312)
		at org.apache.catalina.util.LifecycleBase.fireLifecycleEvent(LifecycleBase.java:114)
		at org.apache.catalina.util.LifecycleBase.setStateInternal(LifecycleBase.java:402)
		at org.apache.catalina.util.LifecycleBase.setState(LifecycleBase.java:345)
		at org.apache.catalina.core.ContainerBase.startInternal(ContainerBase.java:776)
		at org.apache.catalina.core.StandardHost.startInternal(StandardHost.java:721)
		at org.apache.catalina.util.LifecycleBase.start(LifecycleBase.java:171)
		at org.apache.catalina.core.ContainerBase$StartChild.call(ContainerBase.java:1203)
		at org.apache.catalina.core.ContainerBase$StartChild.call(ContainerBase.java:1193)
		at java.util.concurrent.FutureTask.run(FutureTask.java:266)
		at org.apache.tomcat.util.threads.InlineExecutorService.execute(InlineExecutorService.java:75)
		at java.util.concurrent.AbstractExecutorService.submit(AbstractExecutorService.java:134)
		at org.apache.catalina.core.ContainerBase.startInternal(ContainerBase.java:749)
		at org.apache.catalina.core.StandardEngine.startInternal(StandardEngine.java:211)
		at org.apache.catalina.util.LifecycleBase.start(LifecycleBase.java:171)
		at org.apache.catalina.core.StandardService.startInternal(StandardService.java:415)
		at org.apache.catalina.util.LifecycleBase.start(LifecycleBase.java:171)
		at org.apache.catalina.core.StandardServer.startInternal(StandardServer.java:878)
		at org.apache.catalina.util.LifecycleBase.start(LifecycleBase.java:171)
		at org.apache.catalina.startup.Catalina.start(Catalina.java:735)
		at sun.reflect.NativeMethodAccessorImpl.invoke0(Native Method)
		at sun.reflect.NativeMethodAccessorImpl.invoke(NativeMethodAccessorImpl.java:62)
		at sun.reflect.DelegatingMethodAccessorImpl.invoke(DelegatingMethodAccessorImpl.java:43)
		at java.lang.reflect.Method.invoke(Method.java:498)
		at org.apache.catalina.startup.Bootstrap.start(Bootstrap.java:345)
		at org.apache.catalina.startup.Bootstrap.main(Bootstrap.java:473)
	Caused by: org.apache.catalina.LifecycleException: Failed to start component [org.apache.catalina.webresources.StandardRoot@69379752]
		at org.apache.catalina.util.LifecycleBase.handleSubClassException(LifecycleBase.java:419)
		at org.apache.catalina.util.LifecycleBase.start(LifecycleBase.java:186)
		at org.apache.catalina.core.StandardContext.resourcesStart(StandardContext.java:4120)
		at org.apache.catalina.core.StandardContext.startInternal(StandardContext.java:4242)
		at org.apache.catalina.util.LifecycleBase.start(LifecycleBase.java:171)
		at org.apache.catalina.core.ContainerBase.addChildInternal(ContainerBase.java:599)
		... 37 more
	Caused by: java.lang.IllegalArgumentException: The main resource set specified [F:\LDS - Final\Beyond\build\web] is not a directory or war file, or is not readable (it does not exist or permissions to access it are missing)
		at org.apache.catalina.webresources.StandardRoot.createMainResourceSet(StandardRoot.java:749)
		at org.apache.catalina.webresources.StandardRoot.startInternal(StandardRoot.java:707)
		at org.apache.catalina.util.LifecycleBase.start(LifecycleBase.java:171)
		... 41 more
26-Jun-2025 23:11:43.434 INFORMACIÓN [main] org.apache.catalina.startup.HostConfig.deployDescriptor Deployment of deployment descriptor [C:\Users\Marlon\apache-tomcat-9.0.89\conf\Catalina\localhost\Beyond.xml] has finished in [65] ms
26-Jun-2025 23:11:43.435 INFORMACIÓN [main] org.apache.catalina.startup.HostConfig.deployDescriptor Desplieque del descriptor de configuración [C:\Users\Marlon\apache-tomcat-9.0.89\conf\Catalina\localhost\PlantiSHOP.xml]
26-Jun-2025 23:11:43.436 ADVERTENCIA [main] org.apache.catalina.startup.HostConfig.deployDescriptor The path attribute with value [/PlantiSHOP] in deployment descriptor [C:\Users\Marlon\apache-tomcat-9.0.89\conf\Catalina\localhost\PlantiSHOP.xml] has been ignored
26-Jun-2025 23:11:44.381 INFORMACIÓN [main] org.apache.jasper.servlet.TldScanner.scanJars Al menos un JAR, que se ha explorado buscando TLDs, aún no contenía TLDs. Activar historial de depuración para este historiador para una completa lista de los JARs que fueron explorados y de los que nos se halló TLDs. Saltarse JARs no necesarios durante la exploración puede dar lugar a una mejora de tiempo significativa en el arranque y compilación de JSP .
26-Jun-2025 23:11:44.622 ADVERTENCIA [main] org.apache.catalina.util.SessionIdGeneratorBase.createSecureRandom Creation of SecureRandom instance for session ID generation using [SHA1PRNG] took [205] milliseconds.
26-Jun-2025 23:11:44.658 INFORMACIÓN [main] org.apache.catalina.startup.HostConfig.deployDescriptor Deployment of deployment descriptor [C:\Users\Marlon\apache-tomcat-9.0.89\conf\Catalina\localhost\PlantiSHOP.xml] has finished in [1.224] ms
26-Jun-2025 23:11:44.658 INFORMACIÓN [main] org.apache.catalina.startup.HostConfig.deployDescriptor Desplieque del descriptor de configuración [C:\Users\Marlon\apache-tomcat-9.0.89\conf\Catalina\localhost\WebApplication1.xml]
26-Jun-2025 23:11:44.659 ADVERTENCIA [main] org.apache.catalina.startup.HostConfig.deployDescriptor The path attribute with value [/WebApplication1] in deployment descriptor [C:\Users\Marlon\apache-tomcat-9.0.89\conf\Catalina\localhost\WebApplication1.xml] has been ignored
26-Jun-2025 23:11:44.665 GRAVE [main] org.apache.catalina.startup.HostConfig.deployDescriptor Error durante el despliegue del descriptor de configuración [C:\Users\Marlon\apache-tomcat-9.0.89\conf\Catalina\localhost\WebApplication1.xml]
	java.lang.IllegalStateException: Error starting child
		at org.apache.catalina.core.ContainerBase.addChildInternal(ContainerBase.java:602)
		at org.apache.catalina.core.ContainerBase.addChild(ContainerBase.java:571)
		at org.apache.catalina.core.StandardHost.addChild(StandardHost.java:603)
		at org.apache.catalina.startup.HostConfig.deployDescriptor(HostConfig.java:680)
		at org.apache.catalina.startup.HostConfig$DeployDescriptor.run(HostConfig.java:1844)
		at java.util.concurrent.Executors$RunnableAdapter.call(Executors.java:511)
		at java.util.concurrent.FutureTask.run(FutureTask.java:266)
		at org.apache.tomcat.util.threads.InlineExecutorService.execute(InlineExecutorService.java:75)
		at java.util.concurrent.AbstractExecutorService.submit(AbstractExecutorService.java:112)
		at org.apache.catalina.startup.HostConfig.deployDescriptors(HostConfig.java:575)
		at org.apache.catalina.startup.HostConfig.deployApps(HostConfig.java:466)
		at org.apache.catalina.startup.HostConfig.start(HostConfig.java:1584)
		at org.apache.catalina.startup.HostConfig.lifecycleEvent(HostConfig.java:312)
		at org.apache.catalina.util.LifecycleBase.fireLifecycleEvent(LifecycleBase.java:114)
		at org.apache.catalina.util.LifecycleBase.setStateInternal(LifecycleBase.java:402)
		at org.apache.catalina.util.LifecycleBase.setState(LifecycleBase.java:345)
		at org.apache.catalina.core.ContainerBase.startInternal(ContainerBase.java:776)
		at org.apache.catalina.core.StandardHost.startInternal(StandardHost.java:721)
		at org.apache.catalina.util.LifecycleBase.start(LifecycleBase.java:171)
		at org.apache.catalina.core.ContainerBase$StartChild.call(ContainerBase.java:1203)
		at org.apache.catalina.core.ContainerBase$StartChild.call(ContainerBase.java:1193)
		at java.util.concurrent.FutureTask.run(FutureTask.java:266)
		at org.apache.tomcat.util.threads.InlineExecutorService.execute(InlineExecutorService.java:75)
		at java.util.concurrent.AbstractExecutorService.submit(AbstractExecutorService.java:134)
		at org.apache.catalina.core.ContainerBase.startInternal(ContainerBase.java:749)
		at org.apache.catalina.core.StandardEngine.startInternal(StandardEngine.java:211)
		at org.apache.catalina.util.LifecycleBase.start(LifecycleBase.java:171)
		at org.apache.catalina.core.StandardService.startInternal(StandardService.java:415)
		at org.apache.catalina.util.LifecycleBase.start(LifecycleBase.java:171)
		at org.apache.catalina.core.StandardServer.startInternal(StandardServer.java:878)
		at org.apache.catalina.util.LifecycleBase.start(LifecycleBase.java:171)
		at org.apache.catalina.startup.Catalina.start(Catalina.java:735)
		at sun.reflect.NativeMethodAccessorImpl.invoke0(Native Method)
		at sun.reflect.NativeMethodAccessorImpl.invoke(NativeMethodAccessorImpl.java:62)
		at sun.reflect.DelegatingMethodAccessorImpl.invoke(DelegatingMethodAccessorImpl.java:43)
		at java.lang.reflect.Method.invoke(Method.java:498)
		at org.apache.catalina.startup.Bootstrap.start(Bootstrap.java:345)
		at org.apache.catalina.startup.Bootstrap.main(Bootstrap.java:473)
	Caused by: org.apache.catalina.LifecycleException: Failed to start component [org.apache.catalina.webresources.StandardRoot@1e6308a9]
		at org.apache.catalina.util.LifecycleBase.handleSubClassException(LifecycleBase.java:419)
		at org.apache.catalina.util.LifecycleBase.start(LifecycleBase.java:186)
		at org.apache.catalina.core.StandardContext.resourcesStart(StandardContext.java:4120)
		at org.apache.catalina.core.StandardContext.startInternal(StandardContext.java:4242)
		at org.apache.catalina.util.LifecycleBase.start(LifecycleBase.java:171)
		at org.apache.catalina.core.ContainerBase.addChildInternal(ContainerBase.java:599)
		... 37 more
	Caused by: java.lang.IllegalArgumentException: The main resource set specified [C:\Users\Marlon\Documents\NetBeansProjects\WebApplication1\build\web] is not a directory or war file, or is not readable (it does not exist or permissions to access it are missing)
		at org.apache.catalina.webresources.StandardRoot.createMainResourceSet(StandardRoot.java:749)
		at org.apache.catalina.webresources.StandardRoot.startInternal(StandardRoot.java:707)
		at org.apache.catalina.util.LifecycleBase.start(LifecycleBase.java:171)
		... 41 more
26-Jun-2025 23:11:44.694 INFORMACIÓN [main] org.apache.catalina.startup.HostConfig.deployDescriptor Deployment of deployment descriptor [C:\Users\Marlon\apache-tomcat-9.0.89\conf\Catalina\localhost\WebApplication1.xml] has finished in [36] ms
26-Jun-2025 23:11:44.695 INFORMACIÓN [main] org.apache.catalina.startup.HostConfig.deployDirectory Desplegando el directorio [C:\Users\Marlon\apache-tomcat-9.0.89\webapps\docs] de la aplicación web
26-Jun-2025 23:11:44.728 INFORMACIÓN [main] org.apache.catalina.startup.HostConfig.deployDirectory Deployment of web application directory [C:\Users\Marlon\apache-tomcat-9.0.89\webapps\docs] has finished in [33] ms
26-Jun-2025 23:11:44.728 INFORMACIÓN [main] org.apache.catalina.startup.HostConfig.deployDirectory Desplegando el directorio [C:\Users\Marlon\apache-tomcat-9.0.89\webapps\examples] de la aplicación web
26-Jun-2025 23:11:45.162 INFORMACIÓN [main] org.apache.catalina.startup.HostConfig.deployDirectory Deployment of web application directory [C:\Users\Marlon\apache-tomcat-9.0.89\webapps\examples] has finished in [434] ms
26-Jun-2025 23:11:45.162 INFORMACIÓN [main] org.apache.catalina.startup.HostConfig.deployDirectory Desplegando el directorio [C:\Users\Marlon\apache-tomcat-9.0.89\webapps\host-manager] de la aplicación web
26-Jun-2025 23:11:45.204 INFORMACIÓN [main] org.apache.catalina.startup.HostConfig.deployDirectory Deployment of web application directory [C:\Users\Marlon\apache-tomcat-9.0.89\webapps\host-manager] has finished in [42] ms
26-Jun-2025 23:11:45.205 INFORMACIÓN [main] org.apache.catalina.startup.HostConfig.deployDirectory Desplegando el directorio [C:\Users\Marlon\apache-tomcat-9.0.89\webapps\manager] de la aplicación web
26-Jun-2025 23:11:45.239 INFORMACIÓN [main] org.apache.catalina.startup.HostConfig.deployDirectory Deployment of web application directory [C:\Users\Marlon\apache-tomcat-9.0.89\webapps\manager] has finished in [35] ms
26-Jun-2025 23:11:45.240 INFORMACIÓN [main] org.apache.catalina.startup.HostConfig.deployDirectory Desplegando el directorio [C:\Users\Marlon\apache-tomcat-9.0.89\webapps\ROOT] de la aplicación web
26-Jun-2025 23:11:45.269 INFORMACIÓN [main] org.apache.catalina.startup.HostConfig.deployDirectory Deployment of web application directory [C:\Users\Marlon\apache-tomcat-9.0.89\webapps\ROOT] has finished in [30] ms
26-Jun-2025 23:11:45.274 INFORMACIÓN [main] org.apache.coyote.AbstractProtocol.start Starting ProtocolHandler ["http-nio-8080"]
26-Jun-2025 23:11:45.293 INFORMACIÓN [main] org.apache.catalina.startup.Catalina.start Server startup in [1978] milliseconds
26-Jun-2025 23:11:45.928 INFORMACIÓN [http-nio-8080-exec-7] org.apache.catalina.startup.HostConfig.undeploy Repliegue (undeploy) de la aplicación web que tiene como trayectoria de contexto [/PlantiSHOP]
26-Jun-2025 23:11:45.980 INFORMACIÓN [http-nio-8080-exec-6] org.apache.catalina.startup.HostConfig.deployDescriptor Desplieque del descriptor de configuración [C:\Users\Marlon\apache-tomcat-9.0.89\conf\Catalina\localhost\PlantiSHOP.xml]
26-Jun-2025 23:11:45.981 ADVERTENCIA [http-nio-8080-exec-6] org.apache.catalina.startup.HostConfig.deployDescriptor The path attribute with value [/PlantiSHOP] in deployment descriptor [C:\Users\Marlon\apache-tomcat-9.0.89\conf\Catalina\localhost\PlantiSHOP.xml] has been ignored
26-Jun-2025 23:11:46.668 INFORMACIÓN [http-nio-8080-exec-6] org.apache.jasper.servlet.TldScanner.scanJars Al menos un JAR, que se ha explorado buscando TLDs, aún no contenía TLDs. Activar historial de depuración para este historiador para una completa lista de los JARs que fueron explorados y de los que nos se halló TLDs. Saltarse JARs no necesarios durante la exploración puede dar lugar a una mejora de tiempo significativa en el arranque y compilación de JSP .
26-Jun-2025 23:11:46.671 INFORMACIÓN [http-nio-8080-exec-6] org.apache.catalina.startup.HostConfig.deployDescriptor Deployment of deployment descriptor [C:\Users\Marlon\apache-tomcat-9.0.89\conf\Catalina\localhost\PlantiSHOP.xml] has finished in [691] ms
26-Jun-2025 23:11:46.674 INFORMACIÓN [http-nio-8080-exec-1] org.apache.catalina.util.LifecycleBase.start The start() method was called on component [StandardEngine[Catalina].StandardHost[localhost].StandardContext[/PlantiSHOP]] after start() had already been called. The second call will be ignored.
26-Jun-2025 23:18:02.131 INFORMACIÓN [main] org.apache.catalina.core.StandardServer.await Se ha recibido un comando de apagado a través del puerto de apagado. Parando la instancia del Servidor.
26-Jun-2025 23:18:02.132 INFORMACIÓN [main] org.apache.coyote.AbstractProtocol.pause Pausing ProtocolHandler ["http-nio-8080"]
26-Jun-2025 23:18:02.299 INFORMACIÓN [main] org.apache.catalina.core.StandardService.stopInternal Parando servicio [Catalina]
26-Jun-2025 23:18:02.317 ADVERTENCIA [main] org.apache.catalina.loader.WebappClassLoaderBase.clearReferencesJdbc La aplicación web [PlantiSHOP] registró el conductor JDBC [com.mysql.cj.jdbc.Driver] pero falló al anular el registro mientras la aplicación web estaba parada. Para prevenir un fallo de memoria, se ha anulado el registro del conductor JDBC por la fuerza.
26-Jun-2025 23:18:02.318 ADVERTENCIA [main] org.apache.catalina.loader.WebappClassLoaderBase.clearReferencesThreads The web application [PlantiSHOP] appears to have started a thread named [mysql-cj-abandoned-connection-cleanup] but has failed to stop it. This is very likely to create a memory leak. Stack trace of thread:
 java.lang.Object.wait(Native Method)
 java.lang.ref.ReferenceQueue.remove(ReferenceQueue.java:150)
 com.mysql.cj.jdbc.AbandonedConnectionCleanupThread.run(AbandonedConnectionCleanupThread.java:93)
 java.util.concurrent.ThreadPoolExecutor.runWorker(ThreadPoolExecutor.java:1149)
 java.util.concurrent.ThreadPoolExecutor$Worker.run(ThreadPoolExecutor.java:624)
 java.lang.Thread.run(Thread.java:750)
26-Jun-2025 23:18:02.322 INFORMACIÓN [main] org.apache.coyote.AbstractProtocol.stop Stopping ProtocolHandler ["http-nio-8080"]
26-Jun-2025 23:18:02.344 INFORMACIÓN [main] org.apache.coyote.AbstractProtocol.destroy Destroying ProtocolHandler ["http-nio-8080"]
26-Jun-2025 23:54:42.499 INFORMACIÓN [main] org.apache.catalina.startup.VersionLoggerListener.log Nombre de la versión del servidor: Apache Tomcat/9.0.89
26-Jun-2025 23:54:42.501 INFORMACIÓN [main] org.apache.catalina.startup.VersionLoggerListener.log Server built:                      May 3 2024 20:22:11 UTC
26-Jun-2025 23:54:42.501 INFORMACIÓN [main] org.apache.catalina.startup.VersionLoggerListener.log Número de versión de servidor:     9.0.89.0
26-Jun-2025 23:54:42.501 INFORMACIÓN [main] org.apache.catalina.startup.VersionLoggerListener.log OS Name:                           Windows 11
26-Jun-2025 23:54:42.501 INFORMACIÓN [main] org.apache.catalina.startup.VersionLoggerListener.log Versión de Systema Operativo:      10.0
26-Jun-2025 23:54:42.501 INFORMACIÓN [main] org.apache.catalina.startup.VersionLoggerListener.log Arquitectura:                      amd64
26-Jun-2025 23:54:42.501 INFORMACIÓN [main] org.apache.catalina.startup.VersionLoggerListener.log Java Home:                         C:\Program Files\Java\jdk-1.8\jre
26-Jun-2025 23:54:42.501 INFORMACIÓN [main] org.apache.catalina.startup.VersionLoggerListener.log JVM Version:                       1.8.0_381-b09
26-Jun-2025 23:54:42.502 INFORMACIÓN [main] org.apache.catalina.startup.VersionLoggerListener.log Vededor JVM:                       Oracle Corporation
26-Jun-2025 23:54:42.502 INFORMACIÓN [main] org.apache.catalina.startup.VersionLoggerListener.log CATALINA_BASE:                     C:\Users\Marlon\apache-tomcat-9.0.89
26-Jun-2025 23:54:42.502 INFORMACIÓN [main] org.apache.catalina.startup.VersionLoggerListener.log CATALINA_HOME:                     C:\Users\Marlon\apache-tomcat-9.0.89
26-Jun-2025 23:54:42.505 INFORMACIÓN [main] org.apache.catalina.startup.VersionLoggerListener.log Command line argument:             -Djava.util.logging.config.file=C:\Users\Marlon\apache-tomcat-9.0.89\conf\logging.properties
26-Jun-2025 23:54:42.505 INFORMACIÓN [main] org.apache.catalina.startup.VersionLoggerListener.log Command line argument:             -Djava.util.logging.manager=org.apache.juli.ClassLoaderLogManager
26-Jun-2025 23:54:42.505 INFORMACIÓN [main] org.apache.catalina.startup.VersionLoggerListener.log Command line argument:             -Djdk.tls.ephemeralDHKeySize=2048
26-Jun-2025 23:54:42.505 INFORMACIÓN [main] org.apache.catalina.startup.VersionLoggerListener.log Command line argument:             -Djava.protocol.handler.pkgs=org.apache.catalina.webresources
26-Jun-2025 23:54:42.505 INFORMACIÓN [main] org.apache.catalina.startup.VersionLoggerListener.log Command line argument:             -Dignore.endorsed.dirs=
26-Jun-2025 23:54:42.505 INFORMACIÓN [main] org.apache.catalina.startup.VersionLoggerListener.log Command line argument:             -Dcatalina.base=C:\Users\Marlon\apache-tomcat-9.0.89
26-Jun-2025 23:54:42.505 INFORMACIÓN [main] org.apache.catalina.startup.VersionLoggerListener.log Command line argument:             -Dcatalina.home=C:\Users\Marlon\apache-tomcat-9.0.89
26-Jun-2025 23:54:42.505 INFORMACIÓN [main] org.apache.catalina.startup.VersionLoggerListener.log Command line argument:             -Djava.io.tmpdir=C:\Users\Marlon\apache-tomcat-9.0.89\temp
26-Jun-2025 23:54:42.518 INFORMACIÓN [main] org.apache.catalina.core.AprLifecycleListener.lifecycleEvent Cargada la biblioteca nativa APR de Apache Tomcat [1.3.0] con la versión APR [1.7.4].
26-Jun-2025 23:54:42.518 INFORMACIÓN [main] org.apache.catalina.core.AprLifecycleListener.lifecycleEvent Capacidades APR: IPv6 [true], enviar fichero [true], aceptar filtros [false], aleatorio [true], UDS [true].
26-Jun-2025 23:54:42.518 INFORMACIÓN [main] org.apache.catalina.core.AprLifecycleListener.lifecycleEvent APR/OpenSSL configuration: useAprConnector [false], useOpenSSL [true]
26-Jun-2025 23:54:42.558 INFORMACIÓN [main] org.apache.catalina.core.AprLifecycleListener.initializeSSL OpenSSL inicializado correctamente [OpenSSL 3.0.13 30 Jan 2024]
26-Jun-2025 23:54:43.019 INFORMACIÓN [main] org.apache.coyote.AbstractProtocol.init Inicializando el manejador de protocolo ["http-nio-8080"]

26-Jun-2025 23:54:43.046 INFORMACIÓN [main] org.apache.catalina.startup.Catalina.load Server initialization in [774] milliseconds
26-Jun-2025 23:54:43.089 INFORMACIÓN [main] org.apache.catalina.core.StandardService.startInternal Arrancando servicio [Catalina]
26-Jun-2025 23:54:43.090 INFORMACIÓN [main] org.apache.catalina.core.StandardEngine.startInternal Starting Servlet engine: [Apache Tomcat/9.0.89]
26-Jun-2025 23:54:43.098 INFORMACIÓN [main] org.apache.catalina.startup.HostConfig.deployDescriptor Desplieque del descriptor de configuración [C:\Users\Marlon\apache-tomcat-9.0.89\conf\Catalina\localhost\Beyond.xml]
26-Jun-2025 23:54:43.123 ADVERTENCIA [main] org.apache.catalina.startup.HostConfig.deployDescriptor The path attribute with value [/Beyond] in deployment descriptor [C:\Users\Marlon\apache-tomcat-9.0.89\conf\Catalina\localhost\Beyond.xml] has been ignored
26-Jun-2025 23:54:43.147 GRAVE [main] org.apache.catalina.startup.HostConfig.deployDescriptor Error durante el despliegue del descriptor de configuración [C:\Users\Marlon\apache-tomcat-9.0.89\conf\Catalina\localhost\Beyond.xml]
	java.lang.IllegalStateException: Error starting child
		at org.apache.catalina.core.ContainerBase.addChildInternal(ContainerBase.java:602)
		at org.apache.catalina.core.ContainerBase.addChild(ContainerBase.java:571)
		at org.apache.catalina.core.StandardHost.addChild(StandardHost.java:603)
		at org.apache.catalina.startup.HostConfig.deployDescriptor(HostConfig.java:680)
		at org.apache.catalina.startup.HostConfig$DeployDescriptor.run(HostConfig.java:1844)
		at java.util.concurrent.Executors$RunnableAdapter.call(Executors.java:511)
		at java.util.concurrent.FutureTask.run(FutureTask.java:266)
		at org.apache.tomcat.util.threads.InlineExecutorService.execute(InlineExecutorService.java:75)
		at java.util.concurrent.AbstractExecutorService.submit(AbstractExecutorService.java:112)
		at org.apache.catalina.startup.HostConfig.deployDescriptors(HostConfig.java:575)
		at org.apache.catalina.startup.HostConfig.deployApps(HostConfig.java:466)
		at org.apache.catalina.startup.HostConfig.start(HostConfig.java:1584)
		at org.apache.catalina.startup.HostConfig.lifecycleEvent(HostConfig.java:312)
		at org.apache.catalina.util.LifecycleBase.fireLifecycleEvent(LifecycleBase.java:114)
		at org.apache.catalina.util.LifecycleBase.setStateInternal(LifecycleBase.java:402)
		at org.apache.catalina.util.LifecycleBase.setState(LifecycleBase.java:345)
		at org.apache.catalina.core.ContainerBase.startInternal(ContainerBase.java:776)
		at org.apache.catalina.core.StandardHost.startInternal(StandardHost.java:721)
		at org.apache.catalina.util.LifecycleBase.start(LifecycleBase.java:171)
		at org.apache.catalina.core.ContainerBase$StartChild.call(ContainerBase.java:1203)
		at org.apache.catalina.core.ContainerBase$StartChild.call(ContainerBase.java:1193)
		at java.util.concurrent.FutureTask.run(FutureTask.java:266)
		at org.apache.tomcat.util.threads.InlineExecutorService.execute(InlineExecutorService.java:75)
		at java.util.concurrent.AbstractExecutorService.submit(AbstractExecutorService.java:134)
		at org.apache.catalina.core.ContainerBase.startInternal(ContainerBase.java:749)
		at org.apache.catalina.core.StandardEngine.startInternal(StandardEngine.java:211)
		at org.apache.catalina.util.LifecycleBase.start(LifecycleBase.java:171)
		at org.apache.catalina.core.StandardService.startInternal(StandardService.java:415)
		at org.apache.catalina.util.LifecycleBase.start(LifecycleBase.java:171)
		at org.apache.catalina.core.StandardServer.startInternal(StandardServer.java:878)
		at org.apache.catalina.util.LifecycleBase.start(LifecycleBase.java:171)
		at org.apache.catalina.startup.Catalina.start(Catalina.java:735)
		at sun.reflect.NativeMethodAccessorImpl.invoke0(Native Method)
		at sun.reflect.NativeMethodAccessorImpl.invoke(NativeMethodAccessorImpl.java:62)
		at sun.reflect.DelegatingMethodAccessorImpl.invoke(DelegatingMethodAccessorImpl.java:43)
		at java.lang.reflect.Method.invoke(Method.java:498)
		at org.apache.catalina.startup.Bootstrap.start(Bootstrap.java:345)
		at org.apache.catalina.startup.Bootstrap.main(Bootstrap.java:473)
	Caused by: org.apache.catalina.LifecycleException: Failed to start component [org.apache.catalina.webresources.StandardRoot@69379752]
		at org.apache.catalina.util.LifecycleBase.handleSubClassException(LifecycleBase.java:419)
		at org.apache.catalina.util.LifecycleBase.start(LifecycleBase.java:186)
		at org.apache.catalina.core.StandardContext.resourcesStart(StandardContext.java:4120)
		at org.apache.catalina.core.StandardContext.startInternal(StandardContext.java:4242)
		at org.apache.catalina.util.LifecycleBase.start(LifecycleBase.java:171)
		at org.apache.catalina.core.ContainerBase.addChildInternal(ContainerBase.java:599)
		... 37 more
	Caused by: java.lang.IllegalArgumentException: The main resource set specified [F:\LDS - Final\Beyond\build\web] is not a directory or war file, or is not readable (it does not exist or permissions to access it are missing)
		at org.apache.catalina.webresources.StandardRoot.createMainResourceSet(StandardRoot.java:749)
		at org.apache.catalina.webresources.StandardRoot.startInternal(StandardRoot.java:707)
		at org.apache.catalina.util.LifecycleBase.start(LifecycleBase.java:171)
		... 41 more
26-Jun-2025 23:54:43.202 INFORMACIÓN [main] org.apache.catalina.startup.HostConfig.deployDescriptor Deployment of deployment descriptor [C:\Users\Marlon\apache-tomcat-9.0.89\conf\Catalina\localhost\Beyond.xml] has finished in [68] ms
26-Jun-2025 23:54:43.202 INFORMACIÓN [main] org.apache.catalina.startup.HostConfig.deployDescriptor Desplieque del descriptor de configuración [C:\Users\Marlon\apache-tomcat-9.0.89\conf\Catalina\localhost\PlantiSHOP.xml]
26-Jun-2025 23:54:43.205 ADVERTENCIA [main] org.apache.catalina.startup.HostConfig.deployDescriptor The path attribute with value [/PlantiSHOP] in deployment descriptor [C:\Users\Marlon\apache-tomcat-9.0.89\conf\Catalina\localhost\PlantiSHOP.xml] has been ignored
26-Jun-2025 23:54:44.099 INFORMACIÓN [main] org.apache.jasper.servlet.TldScanner.scanJars Al menos un JAR, que se ha explorado buscando TLDs, aún no contenía TLDs. Activar historial de depuración para este historiador para una completa lista de los JARs que fueron explorados y de los que nos se halló TLDs. Saltarse JARs no necesarios durante la exploración puede dar lugar a una mejora de tiempo significativa en el arranque y compilación de JSP .
26-Jun-2025 23:54:44.355 ADVERTENCIA [main] org.apache.catalina.util.SessionIdGeneratorBase.createSecureRandom Creation of SecureRandom instance for session ID generation using [SHA1PRNG] took [227] milliseconds.
26-Jun-2025 23:54:44.392 INFORMACIÓN [main] org.apache.catalina.startup.HostConfig.deployDescriptor Deployment of deployment descriptor [C:\Users\Marlon\apache-tomcat-9.0.89\conf\Catalina\localhost\PlantiSHOP.xml] has finished in [1.190] ms
26-Jun-2025 23:54:44.392 INFORMACIÓN [main] org.apache.catalina.startup.HostConfig.deployDescriptor Desplieque del descriptor de configuración [C:\Users\Marlon\apache-tomcat-9.0.89\conf\Catalina\localhost\WebApplication1.xml]
26-Jun-2025 23:54:44.393 ADVERTENCIA [main] org.apache.catalina.startup.HostConfig.deployDescriptor The path attribute with value [/WebApplication1] in deployment descriptor [C:\Users\Marlon\apache-tomcat-9.0.89\conf\Catalina\localhost\WebApplication1.xml] has been ignored
26-Jun-2025 23:54:44.399 GRAVE [main] org.apache.catalina.startup.HostConfig.deployDescriptor Error durante el despliegue del descriptor de configuración [C:\Users\Marlon\apache-tomcat-9.0.89\conf\Catalina\localhost\WebApplication1.xml]
	java.lang.IllegalStateException: Error starting child
		at org.apache.catalina.core.ContainerBase.addChildInternal(ContainerBase.java:602)
		at org.apache.catalina.core.ContainerBase.addChild(ContainerBase.java:571)
		at org.apache.catalina.core.StandardHost.addChild(StandardHost.java:603)
		at org.apache.catalina.startup.HostConfig.deployDescriptor(HostConfig.java:680)
		at org.apache.catalina.startup.HostConfig$DeployDescriptor.run(HostConfig.java:1844)
		at java.util.concurrent.Executors$RunnableAdapter.call(Executors.java:511)
		at java.util.concurrent.FutureTask.run(FutureTask.java:266)
		at org.apache.tomcat.util.threads.InlineExecutorService.execute(InlineExecutorService.java:75)
		at java.util.concurrent.AbstractExecutorService.submit(AbstractExecutorService.java:112)
		at org.apache.catalina.startup.HostConfig.deployDescriptors(HostConfig.java:575)
		at org.apache.catalina.startup.HostConfig.deployApps(HostConfig.java:466)
		at org.apache.catalina.startup.HostConfig.start(HostConfig.java:1584)
		at org.apache.catalina.startup.HostConfig.lifecycleEvent(HostConfig.java:312)
		at org.apache.catalina.util.LifecycleBase.fireLifecycleEvent(LifecycleBase.java:114)
		at org.apache.catalina.util.LifecycleBase.setStateInternal(LifecycleBase.java:402)
		at org.apache.catalina.util.LifecycleBase.setState(LifecycleBase.java:345)
		at org.apache.catalina.core.ContainerBase.startInternal(ContainerBase.java:776)
		at org.apache.catalina.core.StandardHost.startInternal(StandardHost.java:721)
		at org.apache.catalina.util.LifecycleBase.start(LifecycleBase.java:171)
		at org.apache.catalina.core.ContainerBase$StartChild.call(ContainerBase.java:1203)
		at org.apache.catalina.core.ContainerBase$StartChild.call(ContainerBase.java:1193)
		at java.util.concurrent.FutureTask.run(FutureTask.java:266)
		at org.apache.tomcat.util.threads.InlineExecutorService.execute(InlineExecutorService.java:75)
		at java.util.concurrent.AbstractExecutorService.submit(AbstractExecutorService.java:134)
		at org.apache.catalina.core.ContainerBase.startInternal(ContainerBase.java:749)
		at org.apache.catalina.core.StandardEngine.startInternal(StandardEngine.java:211)
		at org.apache.catalina.util.LifecycleBase.start(LifecycleBase.java:171)
		at org.apache.catalina.core.StandardService.startInternal(StandardService.java:415)
		at org.apache.catalina.util.LifecycleBase.start(LifecycleBase.java:171)
		at org.apache.catalina.core.StandardServer.startInternal(StandardServer.java:878)
		at org.apache.catalina.util.LifecycleBase.start(LifecycleBase.java:171)
		at org.apache.catalina.startup.Catalina.start(Catalina.java:735)
		at sun.reflect.NativeMethodAccessorImpl.invoke0(Native Method)
		at sun.reflect.NativeMethodAccessorImpl.invoke(NativeMethodAccessorImpl.java:62)
		at sun.reflect.DelegatingMethodAccessorImpl.invoke(DelegatingMethodAccessorImpl.java:43)
		at java.lang.reflect.Method.invoke(Method.java:498)
		at org.apache.catalina.startup.Bootstrap.start(Bootstrap.java:345)
		at org.apache.catalina.startup.Bootstrap.main(Bootstrap.java:473)
	Caused by: org.apache.catalina.LifecycleException: Failed to start component [org.apache.catalina.webresources.StandardRoot@1e6308a9]
		at org.apache.catalina.util.LifecycleBase.handleSubClassException(LifecycleBase.java:419)
		at org.apache.catalina.util.LifecycleBase.start(LifecycleBase.java:186)
		at org.apache.catalina.core.StandardContext.resourcesStart(StandardContext.java:4120)
		at org.apache.catalina.core.StandardContext.startInternal(StandardContext.java:4242)
		at org.apache.catalina.util.LifecycleBase.start(LifecycleBase.java:171)
		at org.apache.catalina.core.ContainerBase.addChildInternal(ContainerBase.java:599)
		... 37 more
	Caused by: java.lang.IllegalArgumentException: The main resource set specified [C:\Users\Marlon\Documents\NetBeansProjects\WebApplication1\build\web] is not a directory or war file, or is not readable (it does not exist or permissions to access it are missing)
		at org.apache.catalina.webresources.StandardRoot.createMainResourceSet(StandardRoot.java:749)
		at org.apache.catalina.webresources.StandardRoot.startInternal(StandardRoot.java:707)
		at org.apache.catalina.util.LifecycleBase.start(LifecycleBase.java:171)
		... 41 more
26-Jun-2025 23:54:44.426 INFORMACIÓN [main] org.apache.catalina.startup.HostConfig.deployDescriptor Deployment of deployment descriptor [C:\Users\Marlon\apache-tomcat-9.0.89\conf\Catalina\localhost\WebApplication1.xml] has finished in [33] ms
26-Jun-2025 23:54:44.427 INFORMACIÓN [main] org.apache.catalina.startup.HostConfig.deployDirectory Desplegando el directorio [C:\Users\Marlon\apache-tomcat-9.0.89\webapps\docs] de la aplicación web
26-Jun-2025 23:54:44.459 INFORMACIÓN [main] org.apache.catalina.startup.HostConfig.deployDirectory Deployment of web application directory [C:\Users\Marlon\apache-tomcat-9.0.89\webapps\docs] has finished in [33] ms
26-Jun-2025 23:54:44.460 INFORMACIÓN [main] org.apache.catalina.startup.HostConfig.deployDirectory Desplegando el directorio [C:\Users\Marlon\apache-tomcat-9.0.89\webapps\examples] de la aplicación web
26-Jun-2025 23:54:44.898 INFORMACIÓN [main] org.apache.catalina.startup.HostConfig.deployDirectory Deployment of web application directory [C:\Users\Marlon\apache-tomcat-9.0.89\webapps\examples] has finished in [438] ms
26-Jun-2025 23:54:44.898 INFORMACIÓN [main] org.apache.catalina.startup.HostConfig.deployDirectory Desplegando el directorio [C:\Users\Marlon\apache-tomcat-9.0.89\webapps\host-manager] de la aplicación web
26-Jun-2025 23:54:44.938 INFORMACIÓN [main] org.apache.catalina.startup.HostConfig.deployDirectory Deployment of web application directory [C:\Users\Marlon\apache-tomcat-9.0.89\webapps\host-manager] has finished in [40] ms
26-Jun-2025 23:54:44.938 INFORMACIÓN [main] org.apache.catalina.startup.HostConfig.deployDirectory Desplegando el directorio [C:\Users\Marlon\apache-tomcat-9.0.89\webapps\manager] de la aplicación web
26-Jun-2025 23:54:44.970 INFORMACIÓN [main] org.apache.catalina.startup.HostConfig.deployDirectory Deployment of web application directory [C:\Users\Marlon\apache-tomcat-9.0.89\webapps\manager] has finished in [32] ms
26-Jun-2025 23:54:44.970 INFORMACIÓN [main] org.apache.catalina.startup.HostConfig.deployDirectory Desplegando el directorio [C:\Users\Marlon\apache-tomcat-9.0.89\webapps\ROOT] de la aplicación web
26-Jun-2025 23:54:44.993 INFORMACIÓN [main] org.apache.catalina.startup.HostConfig.deployDirectory Deployment of web application directory [C:\Users\Marlon\apache-tomcat-9.0.89\webapps\ROOT] has finished in [23] ms
26-Jun-2025 23:54:44.996 INFORMACIÓN [main] org.apache.coyote.AbstractProtocol.start Starting ProtocolHandler ["http-nio-8080"]
26-Jun-2025 23:54:45.015 INFORMACIÓN [main] org.apache.catalina.startup.Catalina.start Server startup in [1968] milliseconds
26-Jun-2025 23:54:45.651 INFORMACIÓN [http-nio-8080-exec-4] org.apache.catalina.startup.HostConfig.undeploy Repliegue (undeploy) de la aplicación web que tiene como trayectoria de contexto [/PlantiSHOP]
26-Jun-2025 23:54:45.722 INFORMACIÓN [http-nio-8080-exec-2] org.apache.catalina.startup.HostConfig.deployDescriptor Desplieque del descriptor de configuración [C:\Users\Marlon\apache-tomcat-9.0.89\conf\Catalina\localhost\PlantiSHOP.xml]
26-Jun-2025 23:54:45.723 ADVERTENCIA [http-nio-8080-exec-2] org.apache.catalina.startup.HostConfig.deployDescriptor The path attribute with value [/PlantiSHOP] in deployment descriptor [C:\Users\Marlon\apache-tomcat-9.0.89\conf\Catalina\localhost\PlantiSHOP.xml] has been ignored
26-Jun-2025 23:54:46.447 INFORMACIÓN [http-nio-8080-exec-2] org.apache.jasper.servlet.TldScanner.scanJars Al menos un JAR, que se ha explorado buscando TLDs, aún no contenía TLDs. Activar historial de depuración para este historiador para una completa lista de los JARs que fueron explorados y de los que nos se halló TLDs. Saltarse JARs no necesarios durante la exploración puede dar lugar a una mejora de tiempo significativa en el arranque y compilación de JSP .
26-Jun-2025 23:54:46.451 INFORMACIÓN [http-nio-8080-exec-2] org.apache.catalina.startup.HostConfig.deployDescriptor Deployment of deployment descriptor [C:\Users\Marlon\apache-tomcat-9.0.89\conf\Catalina\localhost\PlantiSHOP.xml] has finished in [729] ms
26-Jun-2025 23:54:46.454 INFORMACIÓN [http-nio-8080-exec-9] org.apache.catalina.util.LifecycleBase.start The start() method was called on component [StandardEngine[Catalina].StandardHost[localhost].StandardContext[/PlantiSHOP]] after start() had already been called. The second call will be ignored.
